"gene","pct_unassigned","pct_assigned","mean_count_un","log2_enrich","in_signature","mito_ribo"
"MT-CO3",73.89,63.1,1.321,0.23,FALSE,TRUE
"MT-ND4",73.52,64.26,1.268,0.19,FALSE,TRUE
"MT-ATP6",66.54,56.39,1.045,0.24,FALSE,TRUE
"IGKC",59.79,47.03,2.93,0.35,FALSE,FALSE
"MT-CYB",42.25,45.82,0.68,-0.12,FALSE,TRUE
"TMSB4X",32.2,42.63,0.516,-0.4,FALSE,FALSE
"VIM",20.6,35.57,0.419,-0.79,FALSE,FALSE
"MT-ND4L",18.94,27.71,0.299,-0.55,FALSE,TRUE
"CD74",18.06,34.43,0.279,-0.93,FALSE,FALSE
"B2M",17.6,32.32,0.253,-0.87,FALSE,FALSE
"MT-CO2",16.68,24.2,0.24,-0.53,FALSE,TRUE
"GSN",16.47,23.93,0.356,-0.54,FALSE,FALSE
"KRT5",15.9,23.89,0.214,-0.58,FALSE,FALSE
"TXNIP",14.47,27.49,0.211,-0.92,FALSE,FALSE
"IGFBP5",14.41,20.86,0.241,-0.53,FALSE,FALSE
"FN1",13.92,21.61,0.207,-0.63,FALSE,FALSE
"TAGLN",12.67,14.56,0.303,-0.2,FALSE,FALSE
"DCN",12.33,19.45,0.221,-0.65,FALSE,FALSE
"IGHG1",12.33,22.46,0.461,-0.86,FALSE,FALSE
"KRT14",11.06,17.41,0.139,-0.65,FALSE,FALSE
"CIRBP",10.74,17.46,0.134,-0.7,FALSE,FALSE
"TIMP3",10.32,16.62,0.175,-0.68,FALSE,FALSE
"PSAP",9.73,15.74,0.126,-0.69,FALSE,FALSE
"H1-10",9.69,14.94,0.119,-0.62,FALSE,FALSE
"EGR1",9.56,14.01,0.146,-0.55,FALSE,FALSE
"C1S",9.48,15,0.132,-0.66,FALSE,FALSE
"AHNAK",9.31,16.44,0.134,-0.81,FALSE,FALSE
"FOS",9.3,12.15,0.14,-0.38,FALSE,FALSE
"CST3",9.28,14.13,0.123,-0.6,FALSE,FALSE
"CXCL12",9.21,16.04,0.13,-0.79,FALSE,FALSE
"MYL9",9.16,11.11,0.177,-0.28,FALSE,FALSE
"APP",9.13,14.39,0.116,-0.65,FALSE,FALSE
"PLTP",9.12,12.67,0.113,-0.47,FALSE,FALSE
"BTG2",9.06,13.79,0.115,-0.6,FALSE,FALSE
"PFN1",8.8,14.5,0.106,-0.71,FALSE,FALSE
"H3-3A",8.74,14.08,0.105,-0.68,FALSE,FALSE
"COL6A2",8.49,13.62,0.119,-0.67,FALSE,FALSE
"HNRNPA2B1",8.3,13.55,0.099,-0.7,FALSE,FALSE
"TRBC2",8.13,12.17,0.098,-0.58,FALSE,FALSE
"MGP",8,10.11,0.147,-0.33,FALSE,FALSE
"CCL25",7.89,10.39,0.1,-0.39,FALSE,FALSE
"DUSP1",7.82,11.26,0.109,-0.52,FALSE,FALSE
"HSPB1",7.7,12.02,0.099,-0.64,FALSE,FALSE
"CXCR4",7.66,13.76,0.091,-0.84,FALSE,FALSE
"FBLN1",7.66,8.56,0.135,-0.16,FALSE,FALSE
"MT-ND2",7.58,11.88,0.101,-0.64,FALSE,TRUE
"CFD",7.57,8.83,0.137,-0.22,FALSE,FALSE
"SQSTM1",7.49,12.48,0.092,-0.73,FALSE,FALSE
"TRAC",7.44,12.22,0.089,-0.71,FALSE,FALSE
"EEF2",7.34,12.8,0.092,-0.79,FALSE,FALSE
"IGFBP7",7.29,12.13,0.117,-0.73,FALSE,FALSE
"C7",7.23,15.76,0.105,-1.11,FALSE,FALSE
"APLP2",7.13,11.3,0.086,-0.66,FALSE,FALSE
"BST2",7.1,11.87,0.085,-0.73,FALSE,FALSE
"TRBC1",6.97,9.64,0.083,-0.46,FALSE,FALSE
"RAG1",6.94,9.05,0.087,-0.38,FALSE,FALSE
"NR4A1",6.86,8.76,0.106,-0.35,FALSE,FALSE
"CPE",6.82,10.25,0.089,-0.58,FALSE,FALSE
"ZFP36",6.61,9.69,0.099,-0.55,FALSE,FALSE
"ACTB",6.57,10.42,0.083,-0.66,FALSE,FALSE
"MCL1",6.39,10.63,0.08,-0.73,FALSE,FALSE
"JUN",6.35,10.28,0.084,-0.69,FALSE,FALSE
"ITM2B",6.34,10.73,0.077,-0.75,FALSE,FALSE
"SPARC",6.3,11.43,0.091,-0.85,FALSE,FALSE
"C1R",6.3,10.71,0.085,-0.76,FALSE,FALSE
"SPARCL1",6.28,13.79,0.091,-1.12,FALSE,FALSE
"MDM4",6.27,8.75,0.074,-0.47,FALSE,FALSE
"CALD1",6.17,9.07,0.091,-0.55,FALSE,FALSE
"CSRP1",6.14,8.41,0.09,-0.45,FALSE,FALSE
"FTH1",5.98,9.01,0.078,-0.58,FALSE,FALSE
"A2M",5.87,12.45,0.087,-1.07,FALSE,FALSE
"UBA52",5.87,10.59,0.071,-0.84,FALSE,FALSE
"KRT15",5.83,8.79,0.069,-0.58,FALSE,FALSE
"CCNI",5.68,9.58,0.069,-0.74,FALSE,FALSE
"COL6A1",5.67,8.96,0.074,-0.65,FALSE,FALSE
"EID1",5.54,8.5,0.069,-0.61,FALSE,FALSE
"APOD",5.47,8.12,0.091,-0.56,FALSE,FALSE
"JUNB",5.35,7.41,0.064,-0.46,FALSE,FALSE
"LAMP1",5.19,8.01,0.059,-0.62,FALSE,FALSE
"TOMM7",5.17,8.59,0.063,-0.72,FALSE,FALSE
"ITM2C",5.16,8.21,0.06,-0.66,FALSE,FALSE
"COL3A1",5.13,9.91,0.077,-0.94,FALSE,FALSE
"TMSB10",5.09,10.31,0.064,-1.01,FALSE,FALSE
"CFL1",5.09,8.36,0.059,-0.71,FALSE,FALSE
"LMNA",5.02,8.52,0.066,-0.75,FALSE,FALSE
"OAZ1",5.01,8.67,0.061,-0.78,FALSE,FALSE
"PDCD4",4.96,8.09,0.055,-0.69,FALSE,FALSE
"C3",4.96,8.47,0.077,-0.76,FALSE,FALSE
"NDUFA4",4.95,7.39,0.054,-0.57,FALSE,FALSE
"EEF1G",4.93,8.86,0.057,-0.83,FALSE,FALSE
"S100A6",4.9,7.95,0.054,-0.69,FALSE,FALSE
"TAPBP",4.78,8.39,0.055,-0.8,FALSE,FALSE
"FLNA",4.77,7.05,0.054,-0.56,FALSE,FALSE
"LCP1",4.75,8.37,0.054,-0.81,FALSE,FALSE
"CTSV",4.69,6.52,0.052,-0.47,FALSE,FALSE
"UBE2I",4.69,7.73,0.051,-0.71,FALSE,FALSE
"HSP90AA1",4.65,7.24,0.051,-0.63,FALSE,FALSE
"SELENOW",4.65,8.19,0.052,-0.8,FALSE,FALSE
"ZFP36L2",4.62,8.21,0.051,-0.82,FALSE,FALSE
"TCF7",4.62,6.71,0.052,-0.53,FALSE,FALSE
"HNRNPD",4.6,7.35,0.05,-0.66,FALSE,FALSE
"DSP",4.6,6.99,0.05,-0.59,FALSE,FALSE
"TNXB",4.59,6.88,0.056,-0.57,FALSE,FALSE
"BEX3",4.58,7.18,0.05,-0.64,FALSE,FALSE
"OGA",4.54,7.22,0.05,-0.66,FALSE,FALSE
"DPT",4.53,7.73,0.05,-0.76,FALSE,FALSE
"LGALS1",4.48,7.78,0.049,-0.78,FALSE,FALSE
"C12orf57",4.47,7.41,0.049,-0.72,FALSE,FALSE
"DDX5",4.41,7.28,0.048,-0.71,FALSE,FALSE
"CCN1",4.4,5.84,0.051,-0.4,FALSE,FALSE
"IKZF1",4.38,7.24,0.048,-0.71,FALSE,FALSE
"TPM2",4.36,5.04,0.051,-0.2,FALSE,FALSE
"RHOB",4.34,6.38,0.055,-0.55,FALSE,FALSE
"PTGDS",4.34,8.26,0.053,-0.91,FALSE,FALSE
"EEF1B2",4.33,8.16,0.047,-0.9,FALSE,FALSE
"EHBP1L1",4.32,7.28,0.046,-0.74,FALSE,FALSE
"LTBP4",4.32,6.46,0.05,-0.57,FALSE,FALSE
"JUND",4.28,6.65,0.047,-0.62,FALSE,FALSE
"LSP1",4.25,7.94,0.047,-0.89,FALSE,FALSE
"GPX4",4.22,7.15,0.046,-0.75,FALSE,FALSE
"CD1B",4.13,5.35,0.047,-0.37,FALSE,FALSE
"CEBPD",4.13,6.36,0.045,-0.61,FALSE,FALSE
"HNRNPA3",4.07,6.52,0.044,-0.67,FALSE,FALSE
"MFAP4",4.02,6.43,0.045,-0.66,FALSE,FALSE
"LEF1",3.97,5.69,0.044,-0.51,FALSE,FALSE
"ITM2A",3.97,7.09,0.045,-0.82,FALSE,FALSE
"C4orf3",3.96,6.63,0.043,-0.73,FALSE,FALSE
"CCNL2",3.95,6.03,0.042,-0.6,FALSE,FALSE
"AEBP1",3.94,5.19,0.043,-0.39,FALSE,FALSE
"ANXA2",3.92,6.74,0.042,-0.77,FALSE,FALSE
"PSME1",3.9,6.67,0.043,-0.76,FALSE,FALSE
"HMGB2",3.87,5.89,0.043,-0.59,FALSE,FALSE
"TSC22D3",3.87,6.56,0.041,-0.75,FALSE,FALSE
"ARL6IP4",3.87,6.47,0.042,-0.73,FALSE,FALSE
"DST",3.86,5.87,0.042,-0.59,FALSE,FALSE
"JCHAIN",3.85,9.24,0.071,-1.24,FALSE,FALSE
"PDK4",3.84,6.32,0.043,-0.71,FALSE,FALSE
"DNTT",3.84,4.84,0.043,-0.33,FALSE,FALSE
"CNBP",3.83,6.82,0.042,-0.82,FALSE,FALSE
"PNRC1",3.83,6.76,0.042,-0.81,FALSE,FALSE
"MARCKS",3.83,6.61,0.042,-0.77,FALSE,FALSE
"CRIP1",3.83,6.23,0.042,-0.69,FALSE,FALSE
"HNRNPA0",3.81,6.54,0.041,-0.76,FALSE,FALSE
"HNRNPH3",3.8,6.17,0.041,-0.69,FALSE,FALSE
"SPINT2",3.77,5.7,0.04,-0.58,FALSE,FALSE
"SATB1",3.75,5.23,0.042,-0.47,FALSE,FALSE
"CD99",3.75,5.79,0.04,-0.62,FALSE,FALSE
"COL6A3",3.73,7.13,0.042,-0.92,FALSE,FALSE
"EVL",3.71,5.97,0.041,-0.67,FALSE,FALSE
"SRSF5",3.68,6.05,0.039,-0.7,FALSE,FALSE
"APBB1IP",3.65,4.99,0.04,-0.44,FALSE,FALSE
"ETS1",3.62,5.91,0.04,-0.69,FALSE,FALSE
"SPTAN1",3.61,5.72,0.039,-0.65,FALSE,FALSE
"EIF4EBP2",3.59,5.44,0.038,-0.59,FALSE,FALSE
"CD9",3.57,5.66,0.039,-0.65,FALSE,FALSE
"PLPP3",3.55,6.06,0.038,-0.75,FALSE,FALSE
"HSPA8",3.52,5.89,0.038,-0.72,FALSE,FALSE
"ZYX",3.51,5.75,0.037,-0.7,FALSE,FALSE
"IGHA1",3.49,6.64,0.094,-0.91,FALSE,FALSE
"IFI6",3.47,6.03,0.039,-0.78,FALSE,FALSE
"MYL6",3.46,5.36,0.037,-0.62,FALSE,FALSE
"SLC6A1",3.45,5.16,0.037,-0.57,FALSE,FALSE
"HNRNPL",3.44,5.3,0.036,-0.61,FALSE,FALSE
"CCDC80",3.43,4.58,0.038,-0.41,FALSE,FALSE
"NUMA1",3.43,5.83,0.037,-0.75,FALSE,FALSE
"CYBRD1",3.41,5.17,0.036,-0.59,FALSE,FALSE
"RSRP1",3.38,5.79,0.037,-0.76,FALSE,FALSE
"NOTCH3",3.37,5.29,0.037,-0.64,FALSE,FALSE
"NUCKS1",3.36,5.4,0.036,-0.67,FALSE,FALSE
"ANXA6",3.36,5.8,0.036,-0.77,FALSE,FALSE
"SLC38A2",3.36,5.29,0.036,-0.64,FALSE,FALSE
"NBL1",3.34,5.86,0.036,-0.79,FALSE,FALSE
"LTB",3.34,5.69,0.037,-0.75,FALSE,FALSE
"CORO1A",3.34,6.03,0.036,-0.83,FALSE,FALSE
"C11orf96",3.33,2.93,0.041,0.18,FALSE,FALSE
"CD4",3.33,4.55,0.037,-0.44,FALSE,FALSE
"HDAC7",3.33,5.03,0.036,-0.58,FALSE,FALSE
"NUPR1",3.33,4.93,0.035,-0.55,FALSE,FALSE
"LTBP3",3.32,5.31,0.036,-0.66,FALSE,FALSE
"PRSS16",3.29,4.21,0.043,-0.35,FALSE,FALSE
"TPM1",3.29,4.65,0.037,-0.49,FALSE,FALSE
"IFITM3",3.26,6.17,0.035,-0.9,FALSE,FALSE
"RAB14",3.25,5.45,0.035,-0.73,FALSE,FALSE
"FABP4",3.24,6.34,0.039,-0.95,FALSE,FALSE
"SAT1",3.21,5.09,0.035,-0.65,FALSE,FALSE
"LGALS3BP",3.21,5,0.034,-0.63,FALSE,FALSE
"HBS1L",3.2,5.42,0.034,-0.74,FALSE,FALSE
"H1-2",3.19,4.77,0.035,-0.57,FALSE,FALSE
"SLIT3",3.18,4.53,0.034,-0.5,FALSE,FALSE
"LENG8",3.18,5.25,0.034,-0.71,FALSE,FALSE
"LAMTOR4",3.17,5.17,0.034,-0.69,FALSE,FALSE
"MAGED2",3.17,5.19,0.034,-0.69,FALSE,FALSE
"TM9SF3",3.16,5.32,0.034,-0.73,FALSE,FALSE
"ACADVL",3.16,5.26,0.034,-0.72,FALSE,FALSE
"ARHGDIB",3.15,5.48,0.034,-0.78,FALSE,FALSE
"TM9SF2",3.15,5.68,0.033,-0.83,FALSE,FALSE
"TRIR",3.15,5.15,0.034,-0.69,FALSE,FALSE
"SH3BGRL3",3.14,5.74,0.034,-0.85,FALSE,FALSE
"COL17A1",3.14,4.18,0.034,-0.4,FALSE,FALSE
"GGA2",3.14,5.36,0.034,-0.75,FALSE,FALSE
"SELENOP",3.13,5.34,0.034,-0.75,FALSE,FALSE
"FNBP1",3.13,5.11,0.034,-0.69,FALSE,FALSE
"HNRNPU",3.11,4.97,0.034,-0.66,FALSE,FALSE
"PPP1CB",3.11,5.4,0.033,-0.78,FALSE,FALSE
"PCMTD1",3.11,5,0.033,-0.67,FALSE,FALSE
"CD52",3.1,5.51,0.034,-0.81,FALSE,FALSE
"ANXA11",3.1,5.17,0.033,-0.72,FALSE,FALSE
"BCAM",3.1,6.03,0.033,-0.94,FALSE,FALSE
"THY1",3.07,4.64,0.033,-0.58,FALSE,FALSE
"CALML3",3.07,4.45,0.033,-0.52,FALSE,FALSE
"TIMP1",3.05,5.14,0.033,-0.74,FALSE,FALSE
"S100A4",3.04,5.34,0.033,-0.79,FALSE,FALSE
"RHOA",3.04,5.38,0.032,-0.8,FALSE,FALSE
"FIS1",3.04,5.45,0.033,-0.82,FALSE,FALSE
"RBM3",3.04,5.34,0.032,-0.79,FALSE,FALSE
"DYNC1LI2",3.02,4.97,0.032,-0.7,FALSE,FALSE
"NUCB1",3.02,5.4,0.032,-0.82,FALSE,FALSE
"DGKA",3,4.49,0.033,-0.56,FALSE,FALSE
"PNRC2",2.99,4.67,0.031,-0.63,FALSE,FALSE
"RNH1",2.99,4.83,0.031,-0.68,FALSE,FALSE
"AAMP",2.98,4.89,0.031,-0.7,FALSE,FALSE
"GPC1",2.97,4.67,0.032,-0.64,FALSE,FALSE
"GRINA",2.96,5.02,0.032,-0.74,FALSE,FALSE
"SEPTIN1",2.96,4.53,0.032,-0.6,FALSE,FALSE
"NRP1",2.95,5.09,0.031,-0.77,FALSE,FALSE
"ATF3",2.94,3.68,0.032,-0.31,FALSE,FALSE
"TRIM29",2.93,4.39,0.031,-0.57,FALSE,FALSE
"PIK3R1",2.92,4.37,0.031,-0.57,FALSE,FALSE
"HIPK3",2.91,4.87,0.031,-0.72,FALSE,FALSE
"CNN3",2.9,5.44,0.031,-0.88,FALSE,FALSE
"MAP4",2.9,5,0.031,-0.77,FALSE,FALSE
"EZR",2.9,4.77,0.03,-0.7,FALSE,FALSE
"MDK",2.9,4.33,0.031,-0.56,FALSE,FALSE
"CAVIN1",2.9,5.13,0.032,-0.8,FALSE,FALSE
"PRDX2",2.88,4.99,0.031,-0.77,FALSE,FALSE
"LUC7L2",2.87,4.43,0.03,-0.61,FALSE,FALSE
"EYA1",2.87,4.52,0.031,-0.64,FALSE,FALSE
"MT-ND3",2.87,4.4,0.031,-0.6,FALSE,TRUE
"ISCU",2.85,4.3,0.031,-0.58,FALSE,FALSE
"PAX1",2.85,4.03,0.03,-0.49,FALSE,FALSE
"PDXK",2.85,4.03,0.03,-0.48,FALSE,FALSE
"CYP2U1",2.84,3.65,0.031,-0.35,FALSE,FALSE
"H1-5",2.84,3.88,0.031,-0.44,FALSE,FALSE
"LMO3",2.84,4.18,0.031,-0.54,FALSE,FALSE
"IGFBP6",2.84,3.75,0.031,-0.39,FALSE,FALSE
"ZFP36L1",2.84,4.6,0.03,-0.68,FALSE,FALSE
"SH3BP5",2.83,4.94,0.03,-0.78,FALSE,FALSE
"MTCH1",2.83,4.22,0.03,-0.56,FALSE,FALSE
"SYNE2",2.83,4.95,0.03,-0.78,FALSE,FALSE
"TIMP2",2.82,4.29,0.03,-0.59,FALSE,FALSE
"GLUL",2.81,4.57,0.03,-0.69,FALSE,FALSE
"ZNF655",2.81,4.63,0.03,-0.7,FALSE,FALSE
"KCTD12",2.8,6.41,0.031,-1.17,FALSE,FALSE
"FCGRT",2.79,5.55,0.029,-0.97,FALSE,FALSE
"CLK1",2.78,4.37,0.03,-0.63,FALSE,FALSE
"STT3B",2.78,4.42,0.03,-0.65,FALSE,FALSE
"SSBP2",2.78,3.93,0.029,-0.49,FALSE,FALSE
"GPNMB",2.78,3.98,0.03,-0.5,FALSE,FALSE
"TAX1BP3",2.78,4.09,0.03,-0.54,FALSE,FALSE
"UBE2D3",2.77,4.43,0.03,-0.66,FALSE,FALSE
"CTNND1",2.77,4.38,0.029,-0.64,FALSE,FALSE
"CTTN",2.77,4.58,0.029,-0.7,FALSE,FALSE
"H1-0",2.77,4.27,0.03,-0.61,FALSE,FALSE
"SERINC1",2.76,4.87,0.029,-0.8,FALSE,FALSE
"PJA2",2.74,4.54,0.029,-0.71,FALSE,FALSE
"MSN",2.74,4.75,0.029,-0.77,FALSE,FALSE
"N4BP2L2",2.73,4.64,0.029,-0.74,FALSE,FALSE
"YWHAE",2.73,4.31,0.029,-0.64,FALSE,FALSE
"ARGLU1",2.72,4.57,0.029,-0.73,FALSE,FALSE
"PGGHG",2.71,4.08,0.029,-0.57,FALSE,FALSE
"GNB1",2.7,4.23,0.029,-0.63,FALSE,FALSE
"COL15A1",2.7,5.99,0.03,-1.12,FALSE,FALSE
"SNX1",2.7,4.31,0.029,-0.66,FALSE,FALSE
"ACTG1",2.7,4.52,0.029,-0.72,FALSE,FALSE
"IL2RG",2.69,4.6,0.029,-0.75,FALSE,FALSE
"NFKBIA",2.69,5.1,0.029,-0.9,FALSE,FALSE
"TSPAN3",2.69,4.79,0.028,-0.81,FALSE,FALSE
"EIF4A1",2.69,4.3,0.029,-0.66,FALSE,FALSE
"MYLK",2.68,3.56,0.03,-0.39,FALSE,FALSE
"YBX1",2.66,4.58,0.028,-0.76,FALSE,FALSE
"UBXN4",2.66,4.25,0.028,-0.65,FALSE,FALSE
"PHPT1",2.65,4.09,0.028,-0.61,FALSE,FALSE
"IL32",2.65,5.32,0.028,-0.98,FALSE,FALSE
"DYNLL2",2.65,4.28,0.028,-0.67,FALSE,FALSE
"EPAS1",2.64,5.24,0.029,-0.96,FALSE,FALSE
"RBM5",2.64,4.29,0.028,-0.68,FALSE,FALSE
"CCND3",2.64,4.19,0.028,-0.65,FALSE,FALSE
"IER2",2.64,4.59,0.029,-0.77,FALSE,FALSE
"CD8A",2.63,3.73,0.028,-0.49,FALSE,FALSE
"ADI1",2.61,4.45,0.027,-0.75,FALSE,FALSE
"DDR1",2.61,3.98,0.028,-0.59,FALSE,FALSE
"LAMP2",2.61,4,0.028,-0.6,FALSE,FALSE
"MYH11",2.61,2.41,0.031,0.11,FALSE,FALSE
"MAF",2.61,4.06,0.028,-0.62,FALSE,FALSE
"ILF3",2.61,4.01,0.028,-0.6,FALSE,FALSE
"CAPN2",2.6,4.57,0.028,-0.79,FALSE,FALSE
"HCLS1",2.6,4.62,0.028,-0.81,FALSE,FALSE
"CD38",2.59,3.41,0.028,-0.38,FALSE,FALSE
"MT-ND6",2.58,4.16,0.028,-0.67,FALSE,TRUE
"LIFR",2.57,6.1,0.028,-1.22,FALSE,FALSE
"TXNDC5",2.57,5.77,0.03,-1.13,FALSE,FALSE
"EIF4H",2.57,4.39,0.027,-0.75,FALSE,FALSE
"CAV1",2.57,4.69,0.028,-0.84,FALSE,FALSE
"SYNGR2",2.57,4.93,0.028,-0.92,FALSE,FALSE
"DSTN",2.57,3.28,0.028,-0.34,FALSE,FALSE
"COX7A1",2.57,3.48,0.027,-0.42,FALSE,FALSE
"TRIP12",2.56,4.28,0.027,-0.72,FALSE,FALSE
"DIPK2A",2.56,3.98,0.027,-0.62,FALSE,FALSE
"TGFBR2",2.55,5.18,0.027,-1,FALSE,FALSE
"TBC1D10C",2.55,4.2,0.027,-0.7,FALSE,FALSE
"WDR83OS",2.55,4.52,0.027,-0.8,FALSE,FALSE
"CD63",2.54,4.01,0.027,-0.64,FALSE,FALSE
"H1-3",2.53,3.54,0.027,-0.47,FALSE,FALSE
"EPHB6",2.53,3.25,0.028,-0.35,FALSE,FALSE
"SERPING1",2.53,4.07,0.027,-0.67,FALSE,FALSE
"YWHAZ",2.52,3.72,0.027,-0.55,FALSE,FALSE
"CDC37",2.52,4.15,0.027,-0.7,FALSE,FALSE
"FOXP1",2.51,4.28,0.027,-0.74,FALSE,FALSE
"ANXA1",2.51,4.13,0.026,-0.7,FALSE,FALSE
"ADIRF",2.51,4.27,0.027,-0.74,FALSE,FALSE
"GSTK1",2.5,4.37,0.027,-0.78,FALSE,FALSE
"YBX3",2.5,4.15,0.026,-0.71,FALSE,FALSE
"CALCOCO2",2.5,4.17,0.026,-0.71,FALSE,FALSE
"CD1A",2.49,3.37,0.027,-0.42,FALSE,FALSE
"TBL1XR1",2.49,4.14,0.027,-0.71,FALSE,FALSE
"BNIP2",2.49,4.01,0.026,-0.67,FALSE,FALSE
"EIF3A",2.48,4.14,0.026,-0.72,FALSE,FALSE
"STAU1",2.48,4.09,0.026,-0.7,FALSE,FALSE
"PPDPF",2.48,4.24,0.026,-0.75,FALSE,FALSE
"GABARAP",2.47,4.11,0.026,-0.72,FALSE,FALSE
"XBP1",2.47,4.51,0.026,-0.84,FALSE,FALSE
"AKAP12",2.46,3.51,0.026,-0.5,FALSE,FALSE
"C11orf58",2.46,4.06,0.026,-0.7,FALSE,FALSE
"PRKAR1A",2.45,3.95,0.026,-0.67,FALSE,FALSE
"EPHX1",2.44,4.66,0.026,-0.91,FALSE,FALSE
"ECH1",2.44,4.38,0.026,-0.82,FALSE,FALSE
"MZB1",2.43,3.94,0.026,-0.67,FALSE,FALSE
"LGALS3",2.43,4.16,0.026,-0.75,FALSE,FALSE
"ASPH",2.42,3.96,0.026,-0.69,FALSE,FALSE
"AQP3",2.42,3.45,0.026,-0.5,FALSE,FALSE
"DRAP1",2.42,4.03,0.026,-0.71,FALSE,FALSE
"SPOCK2",2.42,3.93,0.027,-0.68,FALSE,FALSE
"EMC4",2.41,4.02,0.025,-0.72,FALSE,FALSE
"AHSA1",2.4,3.97,0.025,-0.7,FALSE,FALSE
"VAMP2",2.4,4.22,0.026,-0.79,FALSE,FALSE
"YTHDC1",2.39,3.71,0.025,-0.61,FALSE,FALSE
"NDFIP1",2.39,3.89,0.025,-0.68,FALSE,FALSE
"CCDC3",2.39,3.85,0.025,-0.67,FALSE,FALSE
"RAC2",2.39,3.78,0.026,-0.64,FALSE,FALSE
"CXCL14",2.38,4.36,0.026,-0.85,FALSE,FALSE
"TM7SF3",2.38,3.52,0.026,-0.54,FALSE,FALSE
"LAPTM4A",2.37,3.96,0.025,-0.72,FALSE,FALSE
"CD1E",2.36,2.69,0.025,-0.18,FALSE,FALSE
"IFI27",2.36,4.22,0.025,-0.81,FALSE,FALSE
"MBD2",2.36,4.06,0.025,-0.76,FALSE,FALSE
"EMC10",2.36,4,0.025,-0.73,FALSE,FALSE
"ADAMTS1",2.36,2.87,0.027,-0.27,FALSE,FALSE
"EIF1B",2.35,3.82,0.025,-0.68,FALSE,FALSE
"ATP2C1",2.35,3.93,0.025,-0.72,FALSE,FALSE
"SH2D1A",2.35,2.94,0.026,-0.31,FALSE,FALSE
"TACC1",2.34,4.21,0.025,-0.82,FALSE,FALSE
"SELENOF",2.33,3.81,0.025,-0.69,FALSE,FALSE
"FBXL3",2.33,3.84,0.024,-0.7,FALSE,FALSE
"MXRA7",2.33,3.52,0.025,-0.58,FALSE,FALSE
"BRD2",2.32,3.89,0.024,-0.72,FALSE,FALSE
"TAP1",2.31,4.32,0.025,-0.88,FALSE,FALSE
"RBM33",2.31,3.9,0.025,-0.73,FALSE,FALSE
"SELENOH",2.31,3.99,0.025,-0.76,FALSE,FALSE
"DCAF8",2.3,3.46,0.024,-0.57,FALSE,FALSE
"RGS1",2.3,4.67,0.025,-0.99,FALSE,FALSE
"FLNB",2.3,3.72,0.025,-0.67,FALSE,FALSE
"LAMA5",2.3,3.67,0.024,-0.65,FALSE,FALSE
"ENG",2.29,5.4,0.025,-1.2,FALSE,FALSE
"HNRNPUL2",2.29,3.55,0.024,-0.61,FALSE,FALSE
"CHD2",2.29,3.94,0.024,-0.76,FALSE,FALSE
"MYH9",2.29,4.37,0.025,-0.91,FALSE,FALSE
"GRAP2",2.29,3.23,0.025,-0.48,FALSE,FALSE
"SERBP1",2.28,3.97,0.025,-0.77,FALSE,FALSE
"EDEM1",2.28,3.1,0.024,-0.43,FALSE,FALSE
"UQCRC1",2.28,3.68,0.024,-0.67,FALSE,FALSE
"TMEM14C",2.28,3.66,0.024,-0.66,FALSE,FALSE
"SERPINF1",2.28,4,0.024,-0.78,FALSE,FALSE
"MT-ND1",2.28,3.51,0.024,-0.6,FALSE,TRUE
"RHOC",2.27,4.15,0.024,-0.84,FALSE,FALSE
"TFDP2",2.27,2.93,0.025,-0.35,FALSE,FALSE
"TP63",2.27,3.33,0.024,-0.53,FALSE,FALSE
"CRYAB",2.27,2.93,0.024,-0.35,FALSE,FALSE
"SENP6",2.26,3.88,0.024,-0.75,FALSE,FALSE
"ZBTB16",2.26,3.67,0.024,-0.68,FALSE,FALSE
"KLF2",2.26,4.12,0.025,-0.84,FALSE,FALSE
"SMDT1",2.26,4.05,0.024,-0.81,FALSE,FALSE
"SPRY1",2.24,4.12,0.024,-0.85,FALSE,FALSE
"CELF2",2.24,3.63,0.024,-0.67,FALSE,FALSE
"ACTN1",2.23,3.65,0.023,-0.69,FALSE,FALSE
"WSB1",2.23,3.41,0.024,-0.59,FALSE,FALSE
"EIF4A2",2.22,3.81,0.023,-0.75,FALSE,FALSE
"NR3C1",2.22,3.85,0.023,-0.77,FALSE,FALSE
"NDUFA1",2.21,3.77,0.023,-0.75,FALSE,FALSE
"PRSS23",2.21,3.39,0.023,-0.6,FALSE,FALSE
"SLC44A2",2.21,4.03,0.023,-0.84,FALSE,FALSE
"CD34",2.2,4.87,0.024,-1.11,FALSE,FALSE
"PEBP1",2.2,3.69,0.023,-0.72,FALSE,FALSE
"PSMB1",2.19,3.75,0.023,-0.75,FALSE,FALSE
"ATP5MG",2.19,3.54,0.023,-0.67,FALSE,FALSE
"OS9",2.19,3.74,0.023,-0.75,FALSE,FALSE
"ANKRD10",2.19,3.99,0.023,-0.84,FALSE,FALSE
"MLLT6",2.19,3.99,0.023,-0.84,FALSE,FALSE
"CNOT8",2.18,3.66,0.023,-0.72,FALSE,FALSE
"SOX4",2.18,3.37,0.023,-0.61,FALSE,FALSE
"CHCHD2",2.18,3.89,0.023,-0.81,FALSE,FALSE
"BEX4",2.18,3.37,0.023,-0.6,FALSE,FALSE
"NDUFB9",2.18,3.64,0.023,-0.71,FALSE,FALSE
"ATP5F1B",2.18,3.59,0.023,-0.69,FALSE,FALSE
"RBL2",2.18,3.54,0.023,-0.67,FALSE,FALSE
"KANSL1",2.18,3.37,0.023,-0.61,FALSE,FALSE
"SERINC3",2.18,3.51,0.023,-0.66,FALSE,FALSE
"ZBED2",2.17,3.03,0.023,-0.46,FALSE,FALSE
"LIX1L",2.16,4.07,0.023,-0.89,FALSE,FALSE
"CRABP2",2.16,3.05,0.023,-0.48,FALSE,FALSE
"TGOLN2",2.16,3.41,0.023,-0.64,FALSE,FALSE
"MARCHF7",2.16,3.62,0.023,-0.72,FALSE,FALSE
"PTMS",2.16,3.24,0.023,-0.57,FALSE,FALSE
"EMP1",2.16,3.41,0.023,-0.64,FALSE,FALSE
"BAG6",2.15,3.55,0.023,-0.7,FALSE,FALSE
"ALDH2",2.15,3.18,0.023,-0.55,FALSE,FALSE
"DDX24",2.15,3.68,0.023,-0.75,FALSE,FALSE
"CDK5RAP3",2.15,3.66,0.023,-0.74,FALSE,FALSE
"RSRC2",2.14,3.46,0.023,-0.67,FALSE,FALSE
"DCAF7",2.14,3.52,0.023,-0.69,FALSE,FALSE
"MGST3",2.13,3.53,0.023,-0.7,FALSE,FALSE
"RAB5C",2.13,3.55,0.022,-0.71,FALSE,FALSE
"FUBP1",2.12,3.31,0.022,-0.62,FALSE,FALSE
"ATP11B",2.12,3.25,0.023,-0.59,FALSE,FALSE
"AMOTL1",2.12,3.35,0.023,-0.64,FALSE,FALSE
"KRT19",2.12,3.31,0.022,-0.62,FALSE,FALSE
"DDX17",2.12,3.66,0.022,-0.76,FALSE,FALSE
"ZNF644",2.11,3.07,0.022,-0.52,FALSE,FALSE
"SLA",2.11,2.85,0.022,-0.42,FALSE,FALSE
"MLF2",2.11,3.24,0.022,-0.59,FALSE,FALSE
"GRN",2.11,3.65,0.023,-0.76,FALSE,FALSE
"TMEM50A",2.1,3.82,0.022,-0.83,FALSE,FALSE
"SEC62",2.1,3.48,0.022,-0.71,FALSE,FALSE
"REXO2",2.1,3.23,0.022,-0.6,FALSE,FALSE
"SRGN",2.1,4.26,0.023,-0.99,FALSE,FALSE
"BTG1",2.1,4.22,0.023,-0.97,FALSE,FALSE
"HSPB8",2.1,3.34,0.022,-0.65,FALSE,FALSE
"ANKRD11",2.1,3.35,0.022,-0.65,FALSE,FALSE
"CALM3",2.1,3.53,0.022,-0.72,FALSE,FALSE
"ATP5IF1",2.09,3.34,0.022,-0.65,FALSE,FALSE
"USP9X",2.09,3.53,0.022,-0.73,FALSE,FALSE
"BHLHE40",2.08,3.56,0.022,-0.75,FALSE,FALSE
"CNPY3",2.08,3.48,0.022,-0.72,FALSE,FALSE
"CLTA",2.08,3.22,0.022,-0.61,FALSE,FALSE
"TNKS1BP1",2.08,3.46,0.022,-0.71,FALSE,FALSE
"SELENOM",2.08,3.18,0.022,-0.59,FALSE,FALSE
"G3BP2",2.07,3.2,0.022,-0.6,FALSE,FALSE
"LUC7L3",2.07,3.27,0.022,-0.63,FALSE,FALSE
"PRKACA",2.07,3.68,0.022,-0.8,FALSE,FALSE
"FSTL1",2.06,3.54,0.022,-0.75,FALSE,FALSE
"TRIM22",2.06,3.74,0.022,-0.83,FALSE,FALSE
"LRP1",2.06,3.13,0.022,-0.58,FALSE,FALSE
"LASP1",2.06,3.35,0.022,-0.67,FALSE,FALSE
"CLSTN1",2.05,3.22,0.022,-0.63,FALSE,FALSE
"RTN4",2.05,3.37,0.022,-0.69,FALSE,FALSE
"PDE7A",2.05,3.19,0.022,-0.61,FALSE,FALSE
"STAU2",2.05,3.28,0.022,-0.66,FALSE,FALSE
"SCAF11",2.05,3.65,0.021,-0.8,FALSE,FALSE
"FBXW7",2.04,3.6,0.022,-0.79,FALSE,FALSE
"NSA2",2.04,3.21,0.021,-0.63,FALSE,FALSE
"ARCN1",2.04,3.39,0.022,-0.7,FALSE,FALSE
"NUDT21",2.04,3.6,0.022,-0.79,FALSE,FALSE
"CCDC47",2.04,3.44,0.022,-0.72,FALSE,FALSE
"RBM39",2.04,3.04,0.021,-0.55,FALSE,FALSE
"RBPMS",2.03,2.93,0.022,-0.51,FALSE,FALSE
"SAFB",2.03,3.41,0.022,-0.72,FALSE,FALSE
"CYB5R3",2.03,3.3,0.022,-0.67,FALSE,FALSE
"AKT3",2.02,3.54,0.021,-0.78,FALSE,FALSE
"EFEMP1",2.02,3.13,0.022,-0.6,FALSE,FALSE
"IGFBP2",2.02,3.23,0.021,-0.65,FALSE,FALSE
"LMAN2",2.02,3.13,0.022,-0.6,FALSE,FALSE
"HNRNPF",2.02,3.81,0.021,-0.88,FALSE,FALSE
"LAMC1",2.01,3.82,0.022,-0.89,FALSE,FALSE
"CFDP1",2.01,3.22,0.021,-0.65,FALSE,FALSE
"MAT2A",2,2.83,0.021,-0.48,FALSE,FALSE
"WDR82",2,3.2,0.021,-0.65,FALSE,FALSE
"DBNL",2,3.57,0.02,-0.81,FALSE,FALSE
"BNIP3L",2,3.32,0.021,-0.71,FALSE,FALSE
"MGMT",2,3.11,0.021,-0.61,FALSE,FALSE
"ATN1",2,3.7,0.021,-0.86,FALSE,FALSE
"PITPNM2",2,2.61,0.021,-0.37,FALSE,FALSE
"CHURC1",2,3.17,0.021,-0.64,FALSE,FALSE
"EHD2",2,3.94,0.021,-0.95,FALSE,FALSE
"PPP1R12B",1.99,2.94,0.021,-0.54,FALSE,FALSE
"ANXA5",1.99,3.26,0.021,-0.68,FALSE,FALSE
"STAG2",1.99,3.19,0.021,-0.66,FALSE,FALSE
"MCAM",1.99,2.83,0.022,-0.49,FALSE,FALSE
"CDKN1B",1.99,3.28,0.021,-0.69,FALSE,FALSE
"IGFBP4",1.99,4.3,0.021,-1.08,FALSE,FALSE
"RAB10",1.98,3,0.021,-0.57,FALSE,FALSE
"CLIC4",1.97,3.25,0.021,-0.69,FALSE,FALSE
"SSR2",1.97,3.45,0.021,-0.78,FALSE,FALSE
"CYP1B1",1.97,3.27,0.021,-0.7,FALSE,FALSE
"RMND5A",1.97,2.99,0.021,-0.58,FALSE,FALSE
"HSPE1",1.97,3.54,0.021,-0.81,FALSE,FALSE
"REEP5",1.97,3.4,0.021,-0.76,FALSE,FALSE
"NDUFA2",1.97,2.72,0.021,-0.45,FALSE,FALSE
"ARPP19",1.97,3.26,0.021,-0.7,FALSE,FALSE
"TCF25",1.97,3.3,0.021,-0.71,FALSE,FALSE
"FLOT2",1.97,3.48,0.021,-0.79,FALSE,FALSE
"U2SURP",1.96,3.11,0.021,-0.64,FALSE,FALSE
"DMRT2",1.96,2.89,0.021,-0.54,FALSE,FALSE
"CAND1",1.96,3.31,0.021,-0.73,FALSE,FALSE
"NPC2",1.96,3.41,0.021,-0.76,FALSE,FALSE
"SLTM",1.96,3.5,0.021,-0.81,FALSE,FALSE
"PAFAH1B1",1.96,2.95,0.021,-0.57,FALSE,FALSE
"APOE",1.96,4,0.021,-0.99,FALSE,FALSE
"NUDT3",1.95,3.12,0.02,-0.66,FALSE,FALSE
"ESD",1.95,2.89,0.021,-0.54,FALSE,FALSE
"PKDCC",1.94,3.23,0.02,-0.71,FALSE,FALSE
"NR1D2",1.94,3.17,0.021,-0.68,FALSE,FALSE
"LNPEP",1.94,3.25,0.021,-0.72,FALSE,FALSE
"TAF7",1.94,3.17,0.02,-0.68,FALSE,FALSE
"PCM1",1.94,3.39,0.021,-0.77,FALSE,FALSE
"GNS",1.94,3.73,0.021,-0.91,FALSE,FALSE
"NFE2L1",1.94,3.02,0.02,-0.62,FALSE,FALSE
"ACTN4",1.94,2.9,0.021,-0.56,FALSE,FALSE
"RERE",1.93,3.02,0.021,-0.62,FALSE,FALSE
"TMEM59",1.93,3.48,0.021,-0.81,FALSE,FALSE
"TCEAL8",1.93,2.72,0.02,-0.47,FALSE,FALSE
"CD44",1.93,4.02,0.02,-1.02,FALSE,FALSE
"RAB5B",1.93,3.22,0.021,-0.71,FALSE,FALSE
"TOMM20",1.92,3.48,0.02,-0.83,FALSE,FALSE
"RBMS3",1.92,2.98,0.02,-0.61,FALSE,FALSE
"LRCH4",1.92,3.12,0.02,-0.67,FALSE,FALSE
"GSTP1",1.92,2.88,0.021,-0.56,FALSE,FALSE
"NDUFV1",1.92,3.27,0.02,-0.74,FALSE,FALSE
"NDE1",1.92,2.64,0.02,-0.44,FALSE,FALSE
"CALR",1.92,3.5,0.02,-0.83,FALSE,FALSE
"PFN2",1.91,2.8,0.02,-0.53,FALSE,FALSE
"KMT2C",1.91,3.48,0.02,-0.83,FALSE,FALSE
"FBLN5",1.91,3.02,0.021,-0.64,FALSE,FALSE
"LAT",1.91,2.89,0.02,-0.57,FALSE,FALSE
"ADAR",1.9,3.18,0.02,-0.72,FALSE,FALSE
"GNB2",1.9,3,0.02,-0.63,FALSE,FALSE
"SEPTIN6",1.9,2.97,0.02,-0.62,FALSE,FALSE
"DDIT4",1.9,3.54,0.02,-0.86,FALSE,FALSE
"BLOC1S1",1.9,3.08,0.02,-0.67,FALSE,FALSE
"PRNP",1.9,3.36,0.02,-0.79,FALSE,FALSE
"TMED4",1.89,3.08,0.02,-0.68,FALSE,FALSE
"SUMF2",1.89,2.93,0.02,-0.6,FALSE,FALSE
"CHD3",1.89,2.9,0.02,-0.59,FALSE,FALSE
"ADD3",1.88,2.89,0.02,-0.6,FALSE,FALSE
"PFDN5",1.88,3.37,0.02,-0.81,FALSE,FALSE
"SEC11A",1.88,2.94,0.02,-0.62,FALSE,FALSE
"CTSB",1.87,3.26,0.02,-0.77,FALSE,FALSE
"GRB2",1.87,3.03,0.02,-0.67,FALSE,FALSE
"TLE5",1.87,3,0.02,-0.65,FALSE,FALSE
"COL18A1",1.87,3.31,0.02,-0.79,FALSE,FALSE
"PNISR",1.86,2.91,0.019,-0.62,FALSE,FALSE
"LDB1",1.86,2.91,0.02,-0.62,FALSE,FALSE
"PAX9",1.86,2.77,0.02,-0.55,FALSE,FALSE
"ISLR",1.86,2.93,0.02,-0.63,FALSE,FALSE
"TMC8",1.86,3.09,0.02,-0.7,FALSE,FALSE
"BCL2L1",1.86,2.63,0.02,-0.48,FALSE,FALSE
"NCL",1.85,2.97,0.02,-0.66,FALSE,FALSE
"ADD1",1.85,2.89,0.019,-0.62,FALSE,FALSE
"BAZ1B",1.85,3.27,0.02,-0.79,FALSE,FALSE
"COPS2",1.85,3.11,0.02,-0.72,FALSE,FALSE
"DBP",1.85,3.04,0.019,-0.69,FALSE,FALSE
"GNAI3",1.84,3,0.02,-0.67,FALSE,FALSE
"NHP2",1.84,3.22,0.019,-0.78,FALSE,FALSE
"ATRX",1.84,3.3,0.02,-0.81,FALSE,FALSE
"CBX5",1.84,3.15,0.02,-0.74,FALSE,FALSE
"COL4A2",1.84,3.35,0.019,-0.83,FALSE,FALSE
"CCL5",1.84,3.69,0.02,-0.97,FALSE,FALSE
"PTPN1",1.84,3.06,0.019,-0.71,FALSE,FALSE
"IFI16",1.83,3.46,0.02,-0.88,FALSE,FALSE
"COX7C",1.83,3.05,0.019,-0.7,FALSE,FALSE
"BRI3",1.83,2.86,0.019,-0.62,FALSE,FALSE
"SRPX",1.83,3.22,0.02,-0.78,FALSE,FALSE
"ARL2",1.83,2.88,0.019,-0.63,FALSE,FALSE
"BRD4",1.83,3.07,0.019,-0.72,FALSE,FALSE
"EIF3L",1.83,3.12,0.019,-0.74,FALSE,FALSE
"TTC3",1.83,2.85,0.019,-0.62,FALSE,FALSE
"MPV17",1.82,2.94,0.019,-0.66,FALSE,FALSE
"CALM2",1.82,2.93,0.02,-0.66,FALSE,FALSE
"DCTN1",1.82,2.57,0.019,-0.48,FALSE,FALSE
"LAMB2",1.82,3.27,0.019,-0.81,FALSE,FALSE
"SOD3",1.82,2.72,0.02,-0.55,FALSE,FALSE
"NDUFC1",1.82,2.6,0.019,-0.49,FALSE,FALSE
"SF3B3",1.82,3.06,0.019,-0.72,FALSE,FALSE
"MINK1",1.82,2.71,0.019,-0.55,FALSE,FALSE
"CHTOP",1.81,3.06,0.019,-0.73,FALSE,FALSE
"PRPF40A",1.81,2.64,0.019,-0.52,FALSE,FALSE
"FBLN2",1.81,2.64,0.019,-0.52,FALSE,FALSE
"SYNPO2",1.81,2.55,0.019,-0.47,FALSE,FALSE
"TSPYL1",1.81,3.2,0.019,-0.79,FALSE,FALSE
"NFIB",1.81,3,0.019,-0.7,FALSE,FALSE
"ASXL1",1.81,2.71,0.019,-0.56,FALSE,FALSE
"ITGA4",1.8,2.78,0.019,-0.6,FALSE,FALSE
"LUC7L",1.8,2.89,0.019,-0.65,FALSE,FALSE
"RABGAP1L",1.79,3.06,0.019,-0.74,FALSE,FALSE
"CDC73",1.79,2.71,0.019,-0.57,FALSE,FALSE
"ITGA6",1.79,3.33,0.019,-0.86,FALSE,FALSE
"WIPF1",1.79,3.25,0.019,-0.82,FALSE,FALSE
"SPCS1",1.79,3.33,0.019,-0.86,FALSE,FALSE
"DHX15",1.79,2.99,0.019,-0.71,FALSE,FALSE
"PHF1",1.79,3.03,0.019,-0.73,FALSE,FALSE
"CD2AP",1.79,2.76,0.019,-0.6,FALSE,FALSE
"PLS3",1.79,3.05,0.019,-0.73,FALSE,FALSE
"ITPR2",1.79,2.24,0.019,-0.31,FALSE,FALSE
"ATP5MC2",1.79,3.03,0.019,-0.73,FALSE,FALSE
"BCL11B",1.79,2.71,0.019,-0.57,FALSE,FALSE
"TCF12",1.79,2.55,0.019,-0.49,FALSE,FALSE
"RESF1",1.78,3.15,0.019,-0.79,FALSE,FALSE
"CHMP1B",1.78,2.49,0.018,-0.47,FALSE,FALSE
"SUMO3",1.78,3.25,0.019,-0.83,FALSE,FALSE
"MAL",1.77,2.48,0.019,-0.47,FALSE,FALSE
"KMT2E",1.77,3.22,0.018,-0.83,FALSE,FALSE
"NDUFAF8",1.77,2.89,0.019,-0.68,FALSE,FALSE
"NFIX",1.77,2.6,0.019,-0.53,FALSE,FALSE
"MIF",1.77,3.04,0.019,-0.75,FALSE,FALSE
"BRD1",1.77,2.88,0.019,-0.67,FALSE,FALSE
"TMED9",1.76,3.18,0.019,-0.81,FALSE,FALSE
"RBMX",1.76,2.99,0.019,-0.73,FALSE,FALSE
"BHLHE41",1.76,2.59,0.019,-0.53,FALSE,FALSE
"NDRG2",1.76,3.33,0.018,-0.88,FALSE,FALSE
"TINAGL1",1.75,3.36,0.019,-0.9,FALSE,FALSE
"RNF187",1.75,2.61,0.018,-0.55,FALSE,FALSE
"HADHA",1.75,3.13,0.019,-0.81,FALSE,FALSE
"TGFBI",1.75,3.02,0.018,-0.76,FALSE,FALSE
"ELOVL4",1.75,2.17,0.019,-0.29,FALSE,FALSE
"OGT",1.75,2.83,0.019,-0.66,FALSE,FALSE
"LAMTOR1",1.75,3.1,0.019,-0.79,FALSE,FALSE
"KLHDC2",1.75,2.81,0.019,-0.66,FALSE,FALSE
"KRT17",1.75,2.52,0.019,-0.51,FALSE,FALSE
"USP1",1.74,2.85,0.019,-0.68,FALSE,FALSE
"MAT2B",1.74,2.77,0.018,-0.64,FALSE,FALSE
"HELLS",1.74,2.82,0.018,-0.67,FALSE,FALSE
"ATXN7L3B",1.74,2.77,0.018,-0.65,FALSE,FALSE
"CYB5B",1.74,2.56,0.018,-0.53,FALSE,FALSE
"VAT1",1.74,2.58,0.018,-0.55,FALSE,FALSE
"CSNK1D",1.74,2.95,0.018,-0.73,FALSE,FALSE
"NDUFV2",1.74,2.65,0.018,-0.58,FALSE,FALSE
"FKBP5",1.73,2.9,0.018,-0.72,FALSE,FALSE
"KLF6",1.73,3.47,0.019,-0.97,FALSE,FALSE
"HAGH",1.73,2.57,0.018,-0.54,FALSE,FALSE
"LONP2",1.73,2.67,0.018,-0.6,FALSE,FALSE
"LBH",1.72,2.95,0.018,-0.74,FALSE,FALSE
"CTDSP1",1.72,2.83,0.018,-0.68,FALSE,FALSE
"PALLD",1.72,2.46,0.018,-0.49,FALSE,FALSE
"TLN1",1.72,2.74,0.019,-0.64,FALSE,FALSE
"MED4",1.72,2.79,0.018,-0.66,FALSE,FALSE
"STK24",1.72,2.88,0.018,-0.71,FALSE,FALSE
"HBA2",1.72,1.85,0.05,-0.1,FALSE,FALSE
"CCL14",1.72,4.48,0.019,-1.33,FALSE,FALSE
"CAPNS1",1.72,2.95,0.018,-0.75,FALSE,FALSE
"YPEL5",1.71,2.99,0.018,-0.78,FALSE,FALSE
"COL7A1",1.71,2.58,0.018,-0.57,FALSE,FALSE
"OSMR",1.71,3.07,0.018,-0.81,FALSE,FALSE
"DUSP6",1.71,2.67,0.018,-0.62,FALSE,FALSE
"COL4A1",1.71,3,0.018,-0.78,FALSE,FALSE
"GTF2A1",1.71,2.76,0.018,-0.66,FALSE,FALSE
"PSMB10",1.71,3.12,0.018,-0.84,FALSE,FALSE
"ETFB",1.71,2.74,0.018,-0.65,FALSE,FALSE
"SDF4",1.7,2.93,0.018,-0.76,FALSE,FALSE
"MAST4",1.7,2.46,0.018,-0.51,FALSE,FALSE
"RAB21",1.7,2.75,0.018,-0.66,FALSE,FALSE
"PCSK6",1.7,2.32,0.018,-0.43,FALSE,FALSE
"STK4",1.7,3.21,0.018,-0.88,FALSE,FALSE
"STXBP2",1.7,2.44,0.018,-0.5,FALSE,FALSE
"PTPRF",1.69,2.63,0.018,-0.61,FALSE,FALSE
"UBAP2L",1.69,2.46,0.018,-0.52,FALSE,FALSE
"LBR",1.69,2.52,0.018,-0.55,FALSE,FALSE
"CD81",1.69,2.96,0.018,-0.77,FALSE,FALSE
"ARPC3",1.69,2.61,0.018,-0.6,FALSE,FALSE
"NDUFB7",1.69,2.82,0.018,-0.71,FALSE,FALSE
"TPM4",1.69,2.9,0.018,-0.74,FALSE,FALSE
"ZAP70",1.68,2.57,0.018,-0.58,FALSE,FALSE
"MAP3K20",1.68,2.45,0.018,-0.52,FALSE,FALSE
"RNF7",1.68,2.46,0.018,-0.53,FALSE,FALSE
"SEC31A",1.68,2.96,0.018,-0.78,FALSE,FALSE
"NIPBL",1.68,2.71,0.018,-0.66,FALSE,FALSE
"EGFR",1.68,2.72,0.018,-0.67,FALSE,FALSE
"LY6E",1.68,3.31,0.018,-0.94,FALSE,FALSE
"MMP2",1.68,2.24,0.018,-0.4,FALSE,FALSE
"PTPRS",1.68,2.58,0.018,-0.59,FALSE,FALSE
"LMOD1",1.67,1.95,0.017,-0.21,FALSE,FALSE
"DHX36",1.67,2.9,0.017,-0.76,FALSE,FALSE
"PTBP3",1.67,2.99,0.018,-0.8,FALSE,FALSE
"CNTRL",1.67,2.62,0.018,-0.62,FALSE,FALSE
"ANAPC16",1.67,2.88,0.018,-0.75,FALSE,FALSE
"ARID4B",1.66,2.61,0.018,-0.62,FALSE,FALSE
"FYB1",1.66,2.6,0.018,-0.62,FALSE,FALSE
"CUX1",1.66,2.58,0.018,-0.61,FALSE,FALSE
"HBP1",1.66,2.42,0.017,-0.52,FALSE,FALSE
"OPTN",1.66,2.92,0.017,-0.78,FALSE,FALSE
"SLC38A1",1.66,2.28,0.017,-0.43,FALSE,FALSE
"SPAG7",1.66,2.58,0.017,-0.61,FALSE,FALSE
"JAK1",1.65,2.73,0.017,-0.7,FALSE,FALSE
"PBXIP1",1.65,2.68,0.017,-0.67,FALSE,FALSE
"CFLAR",1.65,3.2,0.017,-0.91,FALSE,FALSE
"SERP1",1.65,2.84,0.017,-0.75,FALSE,FALSE
"FBXW2",1.65,2.47,0.017,-0.56,FALSE,FALSE
"JUP",1.65,2.85,0.017,-0.76,FALSE,FALSE
"MAPK1",1.65,2.63,0.017,-0.64,FALSE,FALSE
"ATXN10",1.65,2.7,0.018,-0.68,FALSE,FALSE
"MARCKSL1",1.64,3.03,0.018,-0.85,FALSE,FALSE
"CHMP3",1.64,2.7,0.017,-0.69,FALSE,FALSE
"EIF4E3",1.64,2.94,0.017,-0.81,FALSE,FALSE
"NCBP2",1.64,2.83,0.018,-0.76,FALSE,FALSE
"HNRNPDL",1.64,2.79,0.017,-0.73,FALSE,FALSE
"PSMB8",1.64,3.06,0.017,-0.86,FALSE,FALSE
"ESYT2",1.64,2.81,0.017,-0.74,FALSE,FALSE
"SAFB2",1.64,2.43,0.017,-0.54,FALSE,FALSE
"ARHGEF1",1.64,2.62,0.017,-0.64,FALSE,FALSE
"CFH",1.63,2.89,0.018,-0.79,FALSE,FALSE
"ENAH",1.63,2.35,0.017,-0.5,FALSE,FALSE
"PPM1B",1.63,2.57,0.017,-0.62,FALSE,FALSE
"PPP3CB",1.63,2.54,0.017,-0.61,FALSE,FALSE
"ECHS1",1.63,2.57,0.017,-0.62,FALSE,FALSE
"AEBP2",1.63,2.76,0.017,-0.72,FALSE,FALSE
"CPNE1",1.63,2.87,0.017,-0.78,FALSE,FALSE
"WDR26",1.62,2.61,0.017,-0.66,FALSE,FALSE
"SNX17",1.62,2.64,0.017,-0.67,FALSE,FALSE
"SLC3A2",1.62,2.97,0.017,-0.83,FALSE,FALSE
"CEP128",1.62,2.08,0.016,-0.35,FALSE,FALSE
"SMAD3",1.62,2.46,0.017,-0.57,FALSE,FALSE
"TM2D3",1.62,2.62,0.017,-0.66,FALSE,FALSE
"CYBA",1.62,2.97,0.017,-0.83,FALSE,FALSE
"SPG7",1.62,2.4,0.017,-0.54,FALSE,FALSE
"CASC3",1.62,2.68,0.017,-0.7,FALSE,FALSE
"TXNL1",1.62,2.79,0.017,-0.74,FALSE,FALSE
"CLDN5",1.62,4.12,0.018,-1.3,FALSE,FALSE
"EWSR1",1.62,2.5,0.017,-0.6,FALSE,FALSE
"CAPZB",1.61,2.43,0.017,-0.56,FALSE,FALSE
"PSMB2",1.61,2.64,0.017,-0.68,FALSE,FALSE
"S100A13",1.61,2.99,0.017,-0.86,FALSE,FALSE
"IKZF2",1.61,2.22,0.017,-0.44,FALSE,FALSE
"MXD4",1.61,2.63,0.017,-0.68,FALSE,FALSE
"QKI",1.61,2.97,0.017,-0.85,FALSE,FALSE
"FBXO32",1.61,2.17,0.017,-0.41,FALSE,FALSE
"GNAQ",1.61,2.64,0.017,-0.68,FALSE,FALSE
"API5",1.61,2.99,0.017,-0.86,FALSE,FALSE
"PLAAT4",1.61,2.76,0.017,-0.74,FALSE,FALSE
"OAZ2",1.61,2.7,0.017,-0.72,FALSE,FALSE
"SLFN5",1.61,2.92,0.017,-0.82,FALSE,FALSE
"ERGIC3",1.61,3.04,0.017,-0.88,FALSE,FALSE
"ECE1",1.6,3.24,0.017,-0.97,FALSE,FALSE
"GPBP1L1",1.6,3.01,0.017,-0.87,FALSE,FALSE
"MBNL1",1.6,2.63,0.017,-0.68,FALSE,FALSE
"COX8A",1.6,2.58,0.017,-0.65,FALSE,FALSE
"LIMA1",1.6,2.76,0.017,-0.75,FALSE,FALSE
"NCOR2",1.6,2.71,0.017,-0.72,FALSE,FALSE
"EIF5",1.6,2.72,0.017,-0.73,FALSE,FALSE
"TERF2IP",1.6,2.57,0.017,-0.66,FALSE,FALSE
"CYTH1",1.6,2.83,0.017,-0.79,FALSE,FALSE
"PSMF1",1.6,2.84,0.017,-0.79,FALSE,FALSE
"RBX1",1.6,2.62,0.017,-0.68,FALSE,FALSE
"SF3B4",1.59,2.43,0.017,-0.59,FALSE,FALSE
"RGS5",1.59,3.3,0.017,-1,FALSE,FALSE
"NCK1",1.59,2.92,0.017,-0.83,FALSE,FALSE
"PGRMC1",1.59,2.4,0.017,-0.56,FALSE,FALSE
"HSF1",1.59,2.46,0.017,-0.59,FALSE,FALSE
"NET1",1.59,2.61,0.017,-0.68,FALSE,FALSE
"M6PR",1.59,2.93,0.017,-0.84,FALSE,FALSE
"PNN",1.59,2.23,0.016,-0.46,FALSE,FALSE
"NPTN",1.59,2.54,0.017,-0.64,FALSE,FALSE
"TGM2",1.59,2.35,0.017,-0.53,FALSE,FALSE
"ASH1L",1.58,2.31,0.017,-0.52,FALSE,FALSE
"KIDINS220",1.58,2.55,0.017,-0.65,FALSE,FALSE
"LRPPRC",1.58,2.57,0.016,-0.67,FALSE,FALSE
"RNF149",1.58,2.52,0.017,-0.64,FALSE,FALSE
"STT3A",1.58,2.87,0.017,-0.82,FALSE,FALSE
"SIVA1",1.58,2.39,0.017,-0.56,FALSE,FALSE
"SERF2",1.58,2.46,0.017,-0.61,FALSE,FALSE
"ID1",1.58,2.81,0.017,-0.8,FALSE,FALSE
"PSMA7",1.58,2.81,0.017,-0.79,FALSE,FALSE
"NAT14",1.58,2.08,0.016,-0.37,FALSE,FALSE
"SKI",1.57,2.59,0.016,-0.68,FALSE,FALSE
"FMO2",1.57,3.04,0.017,-0.92,FALSE,FALSE
"MYOC",1.57,2.61,0.017,-0.7,FALSE,FALSE
"PPP1R7",1.57,2.44,0.017,-0.6,FALSE,FALSE
"TBC1D14",1.57,2.34,0.017,-0.55,FALSE,FALSE
"PBX2",1.57,2.47,0.017,-0.62,FALSE,FALSE
"SGK1",1.57,2.56,0.016,-0.68,FALSE,FALSE
"CAT",1.57,2.5,0.017,-0.64,FALSE,FALSE
"ANXA7",1.57,2.66,0.016,-0.72,FALSE,FALSE
"RNASE1",1.57,2.42,0.017,-0.59,FALSE,FALSE
"ZNF264",1.57,2.58,0.016,-0.68,FALSE,FALSE
"NUDC",1.56,2.3,0.016,-0.53,FALSE,FALSE
"TLK1",1.56,2.43,0.017,-0.61,FALSE,FALSE
"CRTAP",1.56,2.87,0.016,-0.84,FALSE,FALSE
"MCM7",1.56,2.57,0.016,-0.69,FALSE,FALSE
"LAMB1",1.56,2.76,0.016,-0.78,FALSE,FALSE
"SUN2",1.56,2.63,0.016,-0.72,FALSE,FALSE
"GSTM3",1.55,2.53,0.016,-0.68,FALSE,FALSE
"DYNC1I2",1.55,2.46,0.017,-0.64,FALSE,FALSE
"NDUFB5",1.55,2.53,0.016,-0.67,FALSE,FALSE
"SPIN1",1.55,2.32,0.016,-0.55,FALSE,FALSE
"LITAF",1.55,2.71,0.017,-0.77,FALSE,FALSE
"MSI2",1.55,2.28,0.016,-0.52,FALSE,FALSE
"CD247",1.54,2.36,0.016,-0.59,FALSE,FALSE
"KDM3B",1.54,2.42,0.016,-0.62,FALSE,FALSE
"LMBRD1",1.54,2.25,0.016,-0.52,FALSE,FALSE
"CDK9",1.54,2.58,0.016,-0.71,FALSE,FALSE
"DNAJA2",1.54,2.2,0.016,-0.49,FALSE,FALSE
"VEZF1",1.54,2.51,0.016,-0.67,FALSE,FALSE
"S100A16",1.53,2.87,0.016,-0.86,FALSE,FALSE
"COX7A2L",1.53,2.54,0.016,-0.69,FALSE,FALSE
"PIKFYVE",1.53,2.43,0.016,-0.64,FALSE,FALSE
"NDUFS4",1.53,2.38,0.016,-0.6,FALSE,FALSE
"CTNNA1",1.53,2.87,0.016,-0.86,FALSE,FALSE
"ZMAT2",1.53,2.67,0.016,-0.76,FALSE,FALSE
"FLOT1",1.53,2.93,0.016,-0.89,FALSE,FALSE
"ATF6B",1.53,2.64,0.016,-0.75,FALSE,FALSE
"PRXL2A",1.53,2.66,0.016,-0.76,FALSE,FALSE
"FBL",1.53,2.81,0.016,-0.84,FALSE,FALSE
"PRMT2",1.53,2.52,0.016,-0.68,FALSE,FALSE
"MEAF6",1.52,2.48,0.016,-0.68,FALSE,FALSE
"CSDE1",1.52,2.22,0.016,-0.52,FALSE,FALSE
"UFC1",1.52,2.74,0.016,-0.81,FALSE,FALSE
"C1orf21",1.52,2.42,0.016,-0.64,FALSE,FALSE
"TPR",1.52,2.54,0.016,-0.7,FALSE,FALSE
"PUM2",1.52,2.5,0.016,-0.68,FALSE,FALSE
"DES",1.52,1.09,0.016,0.44,FALSE,FALSE
"FOXC1",1.52,2.29,0.016,-0.56,FALSE,FALSE
"GALT",1.52,2.37,0.016,-0.61,FALSE,FALSE
"PSAT1",1.52,2.27,0.016,-0.54,FALSE,FALSE
"GRK2",1.52,2.54,0.016,-0.71,FALSE,FALSE
"KMT5B",1.52,2.51,0.016,-0.69,FALSE,FALSE
"MED21",1.52,2.29,0.016,-0.57,FALSE,FALSE
"RBM23",1.52,2.38,0.016,-0.61,FALSE,FALSE
"ZBTB1",1.52,2.44,0.016,-0.65,FALSE,FALSE
"NR2F2",1.52,2.94,0.016,-0.91,FALSE,FALSE
"YPEL3",1.52,2.51,0.016,-0.69,FALSE,FALSE
"ITGAL",1.52,2.24,0.016,-0.53,FALSE,FALSE
"SYNRG",1.52,2.59,0.016,-0.74,FALSE,FALSE
"FZR1",1.52,2.42,0.016,-0.64,FALSE,FALSE
"ALDH9A1",1.51,2.37,0.016,-0.62,FALSE,FALSE
"FHL2",1.51,2.54,0.016,-0.71,FALSE,FALSE
"SF3B5",1.51,2.5,0.016,-0.69,FALSE,FALSE
"SLC38A10",1.51,2.38,0.016,-0.62,FALSE,FALSE
"FXYD5",1.51,3.41,0.016,-1.12,FALSE,FALSE
"FBXO2",1.5,2.4,0.016,-0.64,FALSE,FALSE
"DDX46",1.5,2.3,0.016,-0.59,FALSE,FALSE
"EPB41L2",1.5,2.27,0.016,-0.56,FALSE,FALSE
"LEPROTL1",1.5,2.42,0.016,-0.66,FALSE,FALSE
"MAF1",1.5,2.65,0.016,-0.78,FALSE,FALSE
"NUCB2",1.5,2.3,0.016,-0.58,FALSE,FALSE
"CCDC85B",1.5,2.74,0.016,-0.83,FALSE,FALSE
"CLEC2D",1.5,2.64,0.016,-0.78,FALSE,FALSE
"METTL7A",1.5,2.71,0.016,-0.81,FALSE,FALSE
"SEPTIN9",1.5,2.53,0.016,-0.71,FALSE,FALSE
"DPM1",1.5,2.52,0.016,-0.71,FALSE,FALSE
"SMARCB1",1.5,2.36,0.016,-0.62,FALSE,FALSE
"EP300",1.5,2.64,0.016,-0.78,FALSE,FALSE
"TMCO1",1.49,2.31,0.016,-0.6,FALSE,FALSE
"SPTBN1",1.49,2.83,0.016,-0.89,FALSE,FALSE
"PPP4R3B",1.49,2.48,0.016,-0.69,FALSE,FALSE
"PLEKHB2",1.49,2.38,0.016,-0.64,FALSE,FALSE
"ARRDC3",1.49,2.7,0.016,-0.82,FALSE,FALSE
"CCND1",1.49,2.38,0.016,-0.65,FALSE,FALSE
"PPHLN1",1.49,2.5,0.016,-0.71,FALSE,FALSE
"NTN4",1.49,2.4,0.016,-0.65,FALSE,FALSE
"STUB1",1.49,2.74,0.016,-0.83,FALSE,FALSE
"TUFM",1.49,2.51,0.016,-0.72,FALSE,FALSE
"PPP4C",1.49,2.36,0.016,-0.63,FALSE,FALSE
"POLR2A",1.49,2.37,0.015,-0.64,FALSE,FALSE
"TMEM259",1.49,2.41,0.016,-0.66,FALSE,FALSE
"SNU13",1.49,2.53,0.016,-0.72,FALSE,FALSE
"INTS11",1.48,2.36,0.016,-0.63,FALSE,FALSE
"EFCAB14",1.48,2.39,0.015,-0.66,FALSE,FALSE
"PRRX1",1.48,2.07,0.015,-0.46,FALSE,FALSE
"ELK4",1.48,2.63,0.016,-0.78,FALSE,FALSE
"STK17B",1.48,2.64,0.016,-0.79,FALSE,FALSE
"CUL3",1.48,2.4,0.016,-0.67,FALSE,FALSE
"GSK3B",1.48,2.53,0.016,-0.74,FALSE,FALSE
"SCARB2",1.48,2.52,0.015,-0.73,FALSE,FALSE
"CAST",1.48,2.53,0.016,-0.74,FALSE,FALSE
"DCTN4",1.48,2.38,0.015,-0.66,FALSE,FALSE
"ZFAND3",1.48,2.38,0.016,-0.65,FALSE,FALSE
"TSPAN4",1.48,2.48,0.016,-0.71,FALSE,FALSE
"TFCP2",1.48,2.2,0.015,-0.54,FALSE,FALSE
"PPP1R12A",1.48,2.2,0.015,-0.54,FALSE,FALSE
"STAT3",1.48,2.95,0.016,-0.95,FALSE,FALSE
"ROCK1",1.48,2.25,0.016,-0.58,FALSE,FALSE
"LMAN1",1.48,2.58,0.016,-0.76,FALSE,FALSE
"VASP",1.48,2.71,0.016,-0.83,FALSE,FALSE
"FBXO7",1.48,2.67,0.016,-0.81,FALSE,FALSE
"SMAP2",1.47,2.66,0.016,-0.81,FALSE,FALSE
"SNRNP200",1.47,2.32,0.016,-0.62,FALSE,FALSE
"WDR33",1.47,2.37,0.015,-0.66,FALSE,FALSE
"AKIRIN2",1.47,2.45,0.016,-0.7,FALSE,FALSE
"AKAP9",1.47,2.49,0.015,-0.72,FALSE,FALSE
"TMEM245",1.47,2.66,0.016,-0.82,FALSE,FALSE
"TMEM219",1.47,2.65,0.015,-0.81,FALSE,FALSE
"LSM4",1.47,2.48,0.016,-0.72,FALSE,FALSE
"USP25",1.47,2.51,0.016,-0.73,FALSE,FALSE
"HDAC1",1.46,2.58,0.015,-0.78,FALSE,FALSE
"WLS",1.46,2.69,0.016,-0.84,FALSE,FALSE
"S100A10",1.46,2.81,0.015,-0.9,FALSE,FALSE
"ANKHD1",1.46,2.49,0.015,-0.73,FALSE,FALSE
"IGF2R",1.46,2.13,0.015,-0.52,FALSE,FALSE
"TRIP6",1.46,2.27,0.015,-0.6,FALSE,FALSE
"STOM",1.46,2.65,0.015,-0.82,FALSE,FALSE
"TMX2",1.46,2.31,0.016,-0.63,FALSE,FALSE
"KDM2A",1.46,2.53,0.015,-0.75,FALSE,FALSE
"CLEC1A",1.46,2.32,0.015,-0.63,FALSE,FALSE
"TBC1D2B",1.46,2.41,0.015,-0.69,FALSE,FALSE
"NFATC3",1.46,2.31,0.015,-0.62,FALSE,FALSE
"RPA1",1.46,2.29,0.015,-0.61,FALSE,FALSE
"TXNL4A",1.46,2.42,0.015,-0.69,FALSE,FALSE
"GADD45GIP1",1.46,2.36,0.015,-0.66,FALSE,FALSE
"CRYZ",1.45,2.53,0.015,-0.76,FALSE,FALSE
"ARHGEF2",1.45,2.54,0.015,-0.77,FALSE,FALSE
"ATP2B4",1.45,2.4,0.015,-0.7,FALSE,FALSE
"TRAF3IP3",1.45,2.63,0.015,-0.81,FALSE,FALSE
"AGFG1",1.45,2.52,0.015,-0.76,FALSE,FALSE
"FAM162A",1.45,2.43,0.016,-0.71,FALSE,FALSE
"LRPAP1",1.45,2.3,0.015,-0.63,FALSE,FALSE
"SMARCA5",1.45,2.38,0.015,-0.67,FALSE,FALSE
"HSP90AB1",1.45,2.23,0.015,-0.59,FALSE,FALSE
"HCFC1",1.45,2.19,0.015,-0.56,FALSE,FALSE
"TUT7",1.45,2.53,0.015,-0.76,FALSE,FALSE
"TNFRSF1A",1.45,2.46,0.015,-0.72,FALSE,FALSE
"COX14",1.45,2.29,0.015,-0.63,FALSE,FALSE
"OSBPL8",1.45,2.39,0.015,-0.69,FALSE,FALSE
"TMEM263",1.45,2.36,0.015,-0.67,FALSE,FALSE
"TP53",1.45,2.23,0.015,-0.59,FALSE,FALSE
"HDGF",1.44,2.53,0.015,-0.77,FALSE,FALSE
"GALNT2",1.44,2.15,0.015,-0.55,FALSE,FALSE
"SMAD5",1.44,2.52,0.015,-0.76,FALSE,FALSE
"ELOVL5",1.44,2.4,0.015,-0.71,FALSE,FALSE
"TMEM248",1.44,2.6,0.015,-0.81,FALSE,FALSE
"PLEKHF2",1.44,2.53,0.015,-0.77,FALSE,FALSE
"TXNRD1",1.44,2.1,0.014,-0.52,FALSE,FALSE
"RRAS",1.44,2.28,0.015,-0.63,FALSE,FALSE
"DEGS1",1.43,2.29,0.015,-0.64,FALSE,FALSE
"PERP",1.43,2.2,0.014,-0.59,FALSE,FALSE
"TSPYL2",1.43,2.09,0.014,-0.52,FALSE,FALSE
"DPYSL2",1.43,2.84,0.015,-0.94,FALSE,FALSE
"EPHX2",1.43,2.14,0.014,-0.55,FALSE,FALSE
"BPNT2",1.43,2.13,0.014,-0.54,FALSE,FALSE
"CD82",1.43,2.78,0.015,-0.91,FALSE,FALSE
"BANF1",1.43,2.32,0.015,-0.66,FALSE,FALSE
"STAT2",1.43,2.57,0.015,-0.8,FALSE,FALSE
"RAB8B",1.43,2.53,0.015,-0.78,FALSE,FALSE
"MAP2K2",1.43,2.35,0.015,-0.68,FALSE,FALSE
"CSF1",1.42,2.44,0.015,-0.74,FALSE,FALSE
"PSMB4",1.42,2.43,0.015,-0.73,FALSE,FALSE
"BCL11A",1.42,2.13,0.014,-0.55,FALSE,FALSE
"SNHG32",1.42,2.26,0.015,-0.63,FALSE,FALSE
"FBXO9",1.42,2.61,0.015,-0.84,FALSE,FALSE
"IFNGR1",1.42,2.58,0.015,-0.81,FALSE,FALSE
"RBBP7",1.42,2.27,0.014,-0.63,FALSE,FALSE
"PUF60",1.42,2.29,0.015,-0.65,FALSE,FALSE
"STK38L",1.42,2.2,0.014,-0.6,FALSE,FALSE
"DDX23",1.42,2.19,0.014,-0.59,FALSE,FALSE
"CNDP2",1.42,2.7,0.015,-0.88,FALSE,FALSE
"HSPB6",1.42,1.58,0.014,-0.14,FALSE,FALSE
"ZC3H4",1.42,2.1,0.014,-0.54,FALSE,FALSE
"SYTL1",1.41,2.05,0.014,-0.5,FALSE,FALSE
"STK39",1.41,2.08,0.014,-0.53,FALSE,FALSE
"WDR6",1.41,2.14,0.014,-0.57,FALSE,FALSE
"GPBP1",1.41,2.46,0.015,-0.76,FALSE,FALSE
"RACK1",1.41,2.23,0.014,-0.62,FALSE,FALSE
"DEK",1.41,2.2,0.014,-0.61,FALSE,FALSE
"CUTA",1.41,2.35,0.015,-0.69,FALSE,FALSE
"CD36",1.41,3.73,0.015,-1.34,FALSE,FALSE
"PTAR1",1.41,2.12,0.014,-0.56,FALSE,FALSE
"PWP1",1.41,2.24,0.014,-0.64,FALSE,FALSE
"GNPTG",1.41,2.43,0.015,-0.75,FALSE,FALSE
"NR1D1",1.41,2.37,0.015,-0.71,FALSE,FALSE
"RTF2",1.41,2.14,0.014,-0.57,FALSE,FALSE
"ITGAV",1.4,2.24,0.014,-0.64,FALSE,FALSE
"PBRM1",1.4,2.37,0.015,-0.72,FALSE,FALSE
"CD47",1.4,2.59,0.015,-0.84,FALSE,FALSE
"TBC1D9B",1.4,2.17,0.014,-0.6,FALSE,FALSE
"BGN",1.4,1.98,0.014,-0.47,FALSE,FALSE
"PLEC",1.4,2.23,0.014,-0.64,FALSE,FALSE
"ARID5B",1.4,2.47,0.014,-0.78,FALSE,FALSE
"ANKFY1",1.4,2.11,0.014,-0.56,FALSE,FALSE
"RPAIN",1.4,2.28,0.014,-0.67,FALSE,FALSE
"BSDC1",1.39,2.39,0.015,-0.74,FALSE,FALSE
"ITPKB",1.39,2.59,0.015,-0.85,FALSE,FALSE
"TRA2B",1.39,1.89,0.014,-0.42,FALSE,FALSE
"HIGD2A",1.39,2.24,0.014,-0.65,FALSE,FALSE
"COX7A2",1.39,2.21,0.014,-0.64,FALSE,FALSE
"ZNF703",1.39,2.25,0.014,-0.66,FALSE,FALSE
"ZNF22",1.39,2.2,0.014,-0.63,FALSE,FALSE
"MPRIP",1.39,2.29,0.015,-0.69,FALSE,FALSE
"PCMTD2",1.39,2.29,0.014,-0.68,FALSE,FALSE
"WDR77",1.38,2.27,0.014,-0.68,FALSE,FALSE
"GATAD2B",1.38,2,0.014,-0.5,FALSE,FALSE
"VAMP8",1.38,2.23,0.014,-0.65,FALSE,FALSE
"ATF2",1.38,2.16,0.014,-0.61,FALSE,FALSE
"MED28",1.38,2.15,0.014,-0.6,FALSE,FALSE
"DCTD",1.38,2.2,0.014,-0.63,FALSE,FALSE
"UBE2D2",1.38,2.38,0.015,-0.74,FALSE,FALSE
"CDC5L",1.38,2.32,0.014,-0.71,FALSE,FALSE
"CAV2",1.38,2.18,0.014,-0.62,FALSE,FALSE
"AKNA",1.38,2.31,0.014,-0.71,FALSE,FALSE
"POLR2L",1.38,2.16,0.014,-0.61,FALSE,FALSE
"TPP1",1.38,2.38,0.014,-0.74,FALSE,FALSE
"HYOU1",1.38,2.69,0.014,-0.91,FALSE,FALSE
"SRPRA",1.38,2.31,0.015,-0.71,FALSE,FALSE
"WASHC4",1.38,2.31,0.015,-0.7,FALSE,FALSE
"ARHGEF7",1.38,2.15,0.014,-0.6,FALSE,FALSE
"GGNBP2",1.38,2.22,0.014,-0.64,FALSE,FALSE
"SMAD2",1.38,2.12,0.014,-0.58,FALSE,FALSE
"ARFRP1",1.38,2.29,0.014,-0.69,FALSE,FALSE
"MOB3A",1.38,2.54,0.014,-0.83,FALSE,FALSE
"HNRNPUL1",1.38,2.02,0.014,-0.51,FALSE,FALSE
"NRBP1",1.37,2.36,0.015,-0.74,FALSE,FALSE
"PCYOX1",1.37,2.43,0.014,-0.79,FALSE,FALSE
"PPIG",1.37,2,0.014,-0.52,FALSE,FALSE
"APPL1",1.37,1.88,0.014,-0.43,FALSE,FALSE
"OXCT1",1.37,1.89,0.014,-0.44,FALSE,FALSE
"AFF4",1.37,2.3,0.014,-0.7,FALSE,FALSE
"TXNDC15",1.37,2.37,0.014,-0.75,FALSE,FALSE
"MUC3A",1.37,2.01,0.014,-0.52,FALSE,FALSE
"CALU",1.37,2.45,0.014,-0.8,FALSE,FALSE
"CPNE3",1.37,2.18,0.014,-0.63,FALSE,FALSE
"SMARCA2",1.37,2.53,0.014,-0.84,FALSE,FALSE
"PNPLA2",1.37,2.55,0.015,-0.86,FALSE,FALSE
"ATF7IP",1.37,2.44,0.015,-0.79,FALSE,FALSE
"PPFIBP1",1.37,2.2,0.014,-0.64,FALSE,FALSE
"GPATCH2L",1.37,2.15,0.014,-0.61,FALSE,FALSE
"INO80E",1.37,2.4,0.014,-0.77,FALSE,FALSE
"PLEKHH3",1.37,2.15,0.014,-0.61,FALSE,FALSE
"NBR1",1.37,2.12,0.014,-0.59,FALSE,FALSE
"XRN2",1.37,2.42,0.014,-0.78,FALSE,FALSE
"CNN2",1.37,2.68,0.014,-0.92,FALSE,FALSE
"NAPA",1.37,2.1,0.014,-0.58,FALSE,FALSE
"LMO4",1.36,2.28,0.014,-0.71,FALSE,FALSE
"EIF2AK2",1.36,2.34,0.014,-0.74,FALSE,FALSE
"SP3",1.36,2.24,0.014,-0.68,FALSE,FALSE
"SFRP2",1.36,1.96,0.014,-0.5,FALSE,FALSE
"EMD",1.36,2.15,0.014,-0.63,FALSE,FALSE
"ARAP1",1.36,2.16,0.014,-0.63,FALSE,FALSE
"NT5C2",1.36,1.93,0.014,-0.48,FALSE,FALSE
"LHFPL6",1.36,2.89,0.014,-1.03,FALSE,FALSE
"MFGE8",1.36,2.19,0.014,-0.65,FALSE,FALSE
"RNF167",1.36,2.36,0.014,-0.75,FALSE,FALSE
"EIF4A3",1.36,2.06,0.014,-0.56,FALSE,FALSE
"ANAPC11",1.36,2.15,0.014,-0.62,FALSE,FALSE
"MIDN",1.36,2.29,0.014,-0.71,FALSE,FALSE
"HSPG2",1.35,2.63,0.014,-0.91,FALSE,FALSE
"EML4",1.35,2.23,0.014,-0.69,FALSE,FALSE
"POLR2B",1.35,2.3,0.014,-0.73,FALSE,FALSE
"NDUFS6",1.35,2.04,0.013,-0.56,FALSE,FALSE
"RAC1",1.35,2.25,0.014,-0.7,FALSE,FALSE
"TRAM1",1.35,2.33,0.014,-0.75,FALSE,FALSE
"RNF141",1.35,1.88,0.014,-0.45,FALSE,FALSE
"ZMYM2",1.35,2.04,0.014,-0.57,FALSE,FALSE
"VPS36",1.35,2.36,0.014,-0.76,FALSE,FALSE
"CHMP4A",1.35,2.09,0.014,-0.59,FALSE,FALSE
"SPAG9",1.35,2.2,0.014,-0.67,FALSE,FALSE
"STX16",1.35,2.18,0.014,-0.65,FALSE,FALSE
"RAB11B",1.35,1.95,0.013,-0.5,FALSE,FALSE
"ARHGAP35",1.35,2.29,0.014,-0.73,FALSE,FALSE
"CD2",1.34,2.28,0.014,-0.72,FALSE,FALSE
"PSMB9",1.34,2.55,0.014,-0.88,FALSE,FALSE
"AKT1",1.34,2.25,0.013,-0.7,FALSE,FALSE
"PPIB",1.34,2.5,0.014,-0.85,FALSE,FALSE
"SF3A2",1.34,2.34,0.013,-0.76,FALSE,FALSE
"NDUFA3",1.34,2.12,0.013,-0.63,FALSE,FALSE
"PITHD1",1.33,2.17,0.013,-0.66,FALSE,FALSE
"PRKACB",1.33,2.07,0.013,-0.6,FALSE,FALSE
"GNL3",1.33,2.3,0.013,-0.75,FALSE,FALSE
"FBXL5",1.33,2.08,0.013,-0.61,FALSE,FALSE
"FGL2",1.33,2.26,0.014,-0.72,FALSE,FALSE
"PDHA1",1.33,2.19,0.013,-0.68,FALSE,FALSE
"MTDH",1.33,2.29,0.014,-0.74,FALSE,FALSE
"ZHX1",1.33,2.07,0.013,-0.6,FALSE,FALSE
"CAPN1",1.33,2.46,0.014,-0.84,FALSE,FALSE
"DPF2",1.33,1.93,0.013,-0.51,FALSE,FALSE
"RUFY2",1.33,1.96,0.013,-0.53,FALSE,FALSE
"APEX1",1.33,2.12,0.013,-0.64,FALSE,FALSE
"NDUFAB1",1.33,2.21,0.013,-0.69,FALSE,FALSE
"FUS",1.33,1.95,0.013,-0.52,FALSE,FALSE
"SMARCE1",1.33,2.25,0.013,-0.72,FALSE,FALSE
"TRAPPC5",1.33,2.15,0.013,-0.65,FALSE,FALSE
"RNF11",1.32,1.92,0.013,-0.51,FALSE,FALSE
"SELL",1.32,2.76,0.014,-1.01,FALSE,FALSE
"YIPF4",1.32,2.11,0.013,-0.64,FALSE,FALSE
"MTA3",1.32,1.78,0.013,-0.41,FALSE,FALSE
"PTPN23",1.32,2.04,0.013,-0.59,FALSE,FALSE
"CGGBP1",1.32,2.26,0.013,-0.74,FALSE,FALSE
"FOXO3",1.32,2.13,0.013,-0.65,FALSE,FALSE
"CASP2",1.32,2.06,0.013,-0.61,FALSE,FALSE
"IDS",1.32,2.17,0.013,-0.68,FALSE,FALSE
"ATP6V1G1",1.32,2.26,0.013,-0.73,FALSE,FALSE
"PPP6C",1.32,2.17,0.013,-0.67,FALSE,FALSE
"SH3GLB2",1.32,1.98,0.013,-0.56,FALSE,FALSE
"SSRP1",1.32,2.03,0.013,-0.58,FALSE,FALSE
"PCF11",1.32,2.05,0.013,-0.6,FALSE,FALSE
"TRIM8",1.32,2.32,0.013,-0.77,FALSE,FALSE
"SPRY2",1.32,2.48,0.014,-0.86,FALSE,FALSE
"CTSH",1.32,3.61,0.014,-1.38,FALSE,FALSE
"HERPUD1",1.32,2.38,0.014,-0.81,FALSE,FALSE
"MKNK2",1.32,2.34,0.013,-0.78,FALSE,FALSE
"UBXN6",1.32,2.04,0.013,-0.59,FALSE,FALSE
"CCDC8",1.32,1.97,0.013,-0.54,FALSE,FALSE
"CSTB",1.32,2.19,0.013,-0.69,FALSE,FALSE
"ZC3H15",1.31,2.11,0.013,-0.66,FALSE,FALSE
"SGCB",1.31,2.01,0.013,-0.58,FALSE,FALSE
"RNF44",1.31,2.1,0.013,-0.64,FALSE,FALSE
"RUFY1",1.31,2.09,0.013,-0.64,FALSE,FALSE
"PPP1R10",1.31,2.2,0.013,-0.7,FALSE,FALSE
"PILRB",1.31,2.06,0.013,-0.62,FALSE,FALSE
"MPP1",1.31,2.03,0.013,-0.6,FALSE,FALSE
"UBR5",1.31,2.09,0.013,-0.63,FALSE,FALSE
"FUBP3",1.31,1.92,0.013,-0.52,FALSE,FALSE
"PSMD13",1.31,2.28,0.013,-0.76,FALSE,FALSE
"ESYT1",1.31,2.32,0.013,-0.78,FALSE,FALSE
"CHRNA3",1.31,1.59,0.013,-0.26,FALSE,FALSE
"NSMCE1",1.31,2.1,0.013,-0.65,FALSE,FALSE
"NME2",1.31,2.32,0.013,-0.78,FALSE,FALSE
"MAPRE2",1.31,2.06,0.013,-0.62,FALSE,FALSE
"CTSZ",1.31,2.64,0.014,-0.96,FALSE,FALSE
"CFAP298",1.31,2.26,0.013,-0.74,FALSE,FALSE
"F3",1.3,1.72,0.013,-0.38,FALSE,FALSE
"CLTB",1.3,1.68,0.013,-0.35,FALSE,FALSE
"CLK4",1.3,2.17,0.013,-0.69,FALSE,FALSE
"EIF3M",1.3,2.19,0.013,-0.71,FALSE,FALSE
"EAPP",1.3,2,0.013,-0.59,FALSE,FALSE
"ATP5F1E",1.3,1.93,0.013,-0.54,FALSE,FALSE
"WASF2",1.29,2.09,0.013,-0.66,FALSE,FALSE
"SEC22B",1.29,1.93,0.013,-0.55,FALSE,FALSE
"XPC",1.29,1.95,0.013,-0.56,FALSE,FALSE
"SNRK",1.29,2.28,0.013,-0.78,FALSE,FALSE
"STING1",1.29,2.71,0.013,-1.02,FALSE,FALSE
"RANBP9",1.29,2.17,0.013,-0.71,FALSE,FALSE
"GOPC",1.29,1.97,0.013,-0.58,FALSE,FALSE
"CHMP7",1.29,2.12,0.013,-0.68,FALSE,FALSE
"ZBTB44",1.29,2.29,0.013,-0.79,FALSE,FALSE
"VCL",1.29,1.81,0.013,-0.45,FALSE,FALSE
"SEL1L",1.29,2.49,0.014,-0.89,FALSE,FALSE
"JPT2",1.29,1.95,0.013,-0.56,FALSE,FALSE
"PER1",1.29,2.24,0.013,-0.75,FALSE,FALSE
"SAMHD1",1.29,2.34,0.013,-0.81,FALSE,FALSE
"TPD52L2",1.29,2.12,0.013,-0.68,FALSE,FALSE
"TYMP",1.29,2.14,0.013,-0.69,FALSE,FALSE
"SCP2",1.28,2.04,0.013,-0.63,FALSE,FALSE
"GNG12",1.28,2.34,0.013,-0.83,FALSE,FALSE
"EGFLAM",1.28,2.19,0.013,-0.73,FALSE,FALSE
"CLINT1",1.28,2.49,0.014,-0.91,FALSE,FALSE
"SCARA5",1.28,1.3,0.013,-0.01,FALSE,FALSE
"IKBKB",1.28,2.55,0.013,-0.94,FALSE,FALSE
"NPDC1",1.28,2.89,0.013,-1.11,FALSE,FALSE
"BET1L",1.28,1.93,0.013,-0.56,FALSE,FALSE
"PAFAH1B2",1.28,2.31,0.013,-0.8,FALSE,FALSE
"PCGF5",1.28,1.97,0.013,-0.58,FALSE,FALSE
"COMMD6",1.28,2.29,0.013,-0.8,FALSE,FALSE
"MED6",1.28,1.99,0.013,-0.6,FALSE,FALSE
"CHMP4B",1.28,2.09,0.013,-0.67,FALSE,FALSE
"TOP1",1.28,1.96,0.013,-0.58,FALSE,FALSE
"ADA",1.28,1.72,0.013,-0.4,FALSE,FALSE
"CYTIP",1.27,2.8,0.013,-1.08,FALSE,FALSE
"TIMMDC1",1.27,2.24,0.013,-0.77,FALSE,FALSE
"NFKB1",1.27,2.2,0.013,-0.74,FALSE,FALSE
"SMIM15",1.27,2.02,0.013,-0.63,FALSE,FALSE
"ERBIN",1.27,2.31,0.013,-0.81,FALSE,FALSE
"RHOBTB3",1.27,2.2,0.013,-0.75,FALSE,FALSE
"SEPTIN8",1.27,1.94,0.013,-0.58,FALSE,FALSE
"YKT6",1.27,2.06,0.013,-0.66,FALSE,FALSE
"IMMP2L",1.27,2.16,0.013,-0.72,FALSE,FALSE
"AKR1B1",1.27,1.91,0.013,-0.55,FALSE,FALSE
"KAT6A",1.27,1.96,0.013,-0.59,FALSE,FALSE
"SNAI2",1.27,2.03,0.013,-0.64,FALSE,FALSE
"PSIP1",1.27,1.9,0.013,-0.55,FALSE,FALSE
"TRIM44",1.27,2.25,0.013,-0.78,FALSE,FALSE
"STRN3",1.27,2.22,0.013,-0.76,FALSE,FALSE
"NME4",1.27,1.67,0.013,-0.37,FALSE,FALSE
"NME3",1.27,2.02,0.013,-0.64,FALSE,FALSE
"TOP2A",1.27,1.72,0.013,-0.41,FALSE,FALSE
"ELAVL1",1.27,2.2,0.013,-0.75,FALSE,FALSE
"SMIM7",1.27,1.87,0.013,-0.52,FALSE,FALSE
"ANP32E",1.26,1.91,0.013,-0.56,FALSE,FALSE
"USP34",1.26,2.27,0.013,-0.8,FALSE,FALSE
"GLS",1.26,1.96,0.013,-0.6,FALSE,FALSE
"PDHB",1.26,2.07,0.013,-0.68,FALSE,FALSE
"SLC30A9",1.26,2.15,0.013,-0.72,FALSE,FALSE
"EXOC3",1.26,1.8,0.013,-0.48,FALSE,FALSE
"GPSM3",1.26,2.31,0.013,-0.82,FALSE,FALSE
"DMTF1",1.26,1.92,0.013,-0.57,FALSE,FALSE
"ARL2BP",1.26,2.15,0.013,-0.73,FALSE,FALSE
"STAT5B",1.26,2.29,0.013,-0.81,FALSE,FALSE
"IDH3B",1.26,2.15,0.013,-0.72,FALSE,FALSE
"EIF6",1.26,2.2,0.013,-0.76,FALSE,FALSE
"PLCG1",1.26,2.13,0.013,-0.71,FALSE,FALSE
"PLD3",1.26,2.01,0.013,-0.63,FALSE,FALSE
"FBXO42",1.25,1.95,0.013,-0.6,FALSE,FALSE
"KDM1A",1.25,1.87,0.013,-0.54,FALSE,FALSE
"MSL2",1.25,2.19,0.013,-0.75,FALSE,FALSE
"CDC42SE2",1.25,2.32,0.013,-0.84,FALSE,FALSE
"PHF3",1.25,2.25,0.012,-0.8,FALSE,FALSE
"EIF3B",1.25,2.17,0.013,-0.74,FALSE,FALSE
"BUD31",1.25,2.14,0.013,-0.72,FALSE,FALSE
"PMPCB",1.25,2.08,0.013,-0.69,FALSE,FALSE
"BAG1",1.25,1.95,0.013,-0.6,FALSE,FALSE
"CPSF7",1.25,1.97,0.013,-0.62,FALSE,FALSE
"CHD4",1.25,1.9,0.013,-0.57,FALSE,FALSE
"RBM25",1.25,2.05,0.013,-0.68,FALSE,FALSE
"MTA1",1.25,1.79,0.013,-0.49,FALSE,FALSE
"GSE1",1.25,1.95,0.013,-0.6,FALSE,FALSE
"UBE2Z",1.25,2.27,0.013,-0.82,FALSE,FALSE
"DSC3",1.25,2.06,0.013,-0.67,FALSE,FALSE
"UQCR11",1.25,2.13,0.013,-0.72,FALSE,FALSE
"TYK2",1.25,2.09,0.012,-0.7,FALSE,FALSE
"ZNF428",1.25,1.97,0.013,-0.62,FALSE,FALSE
"APOL6",1.25,2.05,0.013,-0.67,FALSE,FALSE
"LMF2",1.25,2.01,0.013,-0.64,FALSE,FALSE
"UBE2G2",1.25,2.08,0.013,-0.69,FALSE,FALSE
"SRRM1",1.24,2.02,0.013,-0.66,FALSE,FALSE
"SFN",1.24,1.93,0.012,-0.6,FALSE,FALSE
"CD53",1.24,2.47,0.013,-0.94,FALSE,FALSE
"PPP3R1",1.24,2.1,0.012,-0.71,FALSE,FALSE
"DLG1",1.24,1.91,0.012,-0.59,FALSE,FALSE
"SERPINB6",1.24,1.96,0.012,-0.62,FALSE,FALSE
"SESN1",1.24,1.78,0.012,-0.49,FALSE,FALSE
"ENPP1",1.24,1.87,0.012,-0.55,FALSE,FALSE
"SMC1A",1.24,2.05,0.013,-0.68,FALSE,FALSE
"GDI1",1.24,1.87,0.012,-0.55,FALSE,FALSE
"VPS13C",1.24,2.21,0.012,-0.78,FALSE,FALSE
"LIMD2",1.24,2.32,0.013,-0.85,FALSE,FALSE
"VPS4B",1.24,1.97,0.013,-0.63,FALSE,FALSE
"CD37",1.24,2.82,0.013,-1.12,FALSE,FALSE
"TNRC6B",1.24,2.03,0.012,-0.67,FALSE,FALSE
"VAMP3",1.23,2.01,0.012,-0.66,FALSE,FALSE
"BTF3L4",1.23,2.13,0.012,-0.75,FALSE,FALSE
"COPA",1.23,1.87,0.012,-0.56,FALSE,FALSE
"RCSD1",1.23,2.2,0.012,-0.79,FALSE,FALSE
"ANXA4",1.23,2.14,0.012,-0.75,FALSE,FALSE
"ARPC2",1.23,1.64,0.012,-0.39,FALSE,FALSE
"TASOR",1.23,1.85,0.012,-0.56,FALSE,FALSE
"PKD2",1.23,1.89,0.012,-0.58,FALSE,FALSE
"TAP2",1.23,2.35,0.012,-0.89,FALSE,FALSE
"OARD1",1.23,2,0.012,-0.66,FALSE,FALSE
"USP11",1.23,1.97,0.012,-0.64,FALSE,FALSE
"UXT",1.23,1.92,0.012,-0.61,FALSE,FALSE
"FNTA",1.23,2,0.012,-0.66,FALSE,FALSE
"UBE2L6",1.23,1.96,0.012,-0.63,FALSE,FALSE
"RAB1B",1.23,1.68,0.012,-0.42,FALSE,FALSE
"AIP",1.23,2.18,0.012,-0.78,FALSE,FALSE
"SESN3",1.23,1.78,0.012,-0.5,FALSE,FALSE
"FBXW4",1.23,2.13,0.012,-0.75,FALSE,FALSE
"HTRA1",1.23,1.91,0.012,-0.59,FALSE,FALSE
"ZCRB1",1.23,1.73,0.012,-0.46,FALSE,FALSE
"LTA4H",1.23,2,0.012,-0.65,FALSE,FALSE
"SRP54",1.23,2.11,0.012,-0.73,FALSE,FALSE
"SIX1",1.23,1.83,0.012,-0.53,FALSE,FALSE
"NUTF2",1.23,2.16,0.012,-0.76,FALSE,FALSE
"PRPF6",1.23,2.08,0.012,-0.71,FALSE,FALSE
"AGRN",1.22,2.1,0.012,-0.74,FALSE,FALSE
"EFHD2",1.22,2.33,0.012,-0.88,FALSE,FALSE
"CRIM1",1.22,2.34,0.012,-0.89,FALSE,FALSE
"PLXND1",1.22,2.49,0.013,-0.97,FALSE,FALSE
"CCDC50",1.22,2.32,0.012,-0.88,FALSE,FALSE
"BASP1",1.22,1.94,0.012,-0.63,FALSE,FALSE
"ZMIZ2",1.22,2.07,0.012,-0.72,FALSE,FALSE
"TRIM4",1.22,1.88,0.012,-0.59,FALSE,FALSE
"STRBP",1.22,2.03,0.012,-0.69,FALSE,FALSE
"VEGFB",1.22,1.69,0.012,-0.44,FALSE,FALSE
"ROMO1",1.22,1.93,0.012,-0.62,FALSE,FALSE
"GID8",1.22,2.12,0.012,-0.75,FALSE,FALSE
"TSPO",1.22,2.31,0.012,-0.87,FALSE,FALSE
"MORC3",1.22,2.02,0.012,-0.68,FALSE,FALSE
"RAP1A",1.21,2.06,0.012,-0.72,FALSE,FALSE
"RAB13",1.21,2.14,0.012,-0.77,FALSE,FALSE
"TSNAX",1.21,2.11,0.012,-0.76,FALSE,FALSE
"ATRAID",1.21,2.25,0.012,-0.85,FALSE,FALSE
"ARPP21",1.21,1.53,0.012,-0.31,FALSE,FALSE
"GAK",1.21,2.25,0.012,-0.84,FALSE,FALSE
"PDCD6",1.21,1.88,0.012,-0.59,FALSE,FALSE
"LATS1",1.21,1.89,0.012,-0.6,FALSE,FALSE
"CCT6A",1.21,2.1,0.012,-0.74,FALSE,FALSE
"GIMAP4",1.21,2.63,0.013,-1.06,FALSE,FALSE
"RNF19A",1.21,1.91,0.012,-0.62,FALSE,FALSE
"KLF4",1.21,2.12,0.012,-0.75,FALSE,FALSE
"PICALM",1.21,2.04,0.012,-0.71,FALSE,FALSE
"EXOC5",1.21,1.93,0.012,-0.63,FALSE,FALSE
"POLDIP2",1.21,2.02,0.012,-0.69,FALSE,FALSE
"PHF12",1.21,1.98,0.012,-0.67,FALSE,FALSE
"DCAKD",1.21,1.81,0.012,-0.54,FALSE,FALSE
"ATP5PD",1.21,1.73,0.012,-0.47,FALSE,FALSE
"SRSF2",1.21,2.12,0.012,-0.76,FALSE,FALSE
"DSG3",1.21,1.91,0.012,-0.61,FALSE,FALSE
"MMP24OS",1.21,1.83,0.012,-0.56,FALSE,FALSE
"HMG20B",1.21,1.9,0.012,-0.61,FALSE,FALSE
"LZIC",1.2,1.8,0.012,-0.55,FALSE,FALSE
"MICOS10",1.2,2,0.012,-0.69,FALSE,FALSE
"PUM1",1.2,1.82,0.012,-0.56,FALSE,FALSE
"PMVK",1.2,2.05,0.012,-0.73,FALSE,FALSE
"PFDN2",1.2,1.94,0.012,-0.65,FALSE,FALSE
"DDX1",1.2,1.77,0.012,-0.53,FALSE,FALSE
"WBP1",1.2,1.92,0.012,-0.63,FALSE,FALSE
"ARL4C",1.2,1.74,0.012,-0.5,FALSE,FALSE
"NDUFA10",1.2,1.87,0.012,-0.6,FALSE,FALSE
"REST",1.2,1.93,0.012,-0.65,FALSE,FALSE
"HADH",1.2,1.77,0.012,-0.52,FALSE,FALSE
"GOLPH3",1.2,1.94,0.012,-0.65,FALSE,FALSE
"ATOX1",1.2,1.99,0.012,-0.68,FALSE,FALSE
"SRSF3",1.2,1.87,0.012,-0.6,FALSE,FALSE
"SORBS3",1.2,2,0.012,-0.69,FALSE,FALSE
"B4GALT1",1.2,1.99,0.012,-0.69,FALSE,FALSE
"NFX1",1.2,2.03,0.012,-0.71,FALSE,FALSE
"COL27A1",1.2,2.01,0.012,-0.7,FALSE,FALSE
"PRDX5",1.2,2,0.012,-0.69,FALSE,FALSE
"VRK1",1.2,1.99,0.012,-0.68,FALSE,FALSE
"CBFB",1.2,1.97,0.012,-0.67,FALSE,FALSE
"UBE2G1",1.2,2.1,0.012,-0.76,FALSE,FALSE
"FLII",1.2,1.83,0.012,-0.56,FALSE,FALSE
"IRF3",1.2,2.02,0.012,-0.7,FALSE,FALSE
"TRAPPC3",1.19,2.01,0.012,-0.7,FALSE,FALSE
"AKR1A1",1.19,2.03,0.012,-0.72,FALSE,FALSE
"OSBPL9",1.19,1.9,0.012,-0.63,FALSE,FALSE
"ARHGAP15",1.19,2.02,0.012,-0.72,FALSE,FALSE
"UBA3",1.19,1.93,0.012,-0.66,FALSE,FALSE
"PARP14",1.19,2.56,0.012,-1.04,FALSE,FALSE
"GIGYF1",1.19,1.88,0.012,-0.62,FALSE,FALSE
"SH3BGRL",1.19,2.06,0.012,-0.74,FALSE,FALSE
"ZFP91",1.19,1.72,0.012,-0.5,FALSE,FALSE
"MTA2",1.19,1.98,0.012,-0.69,FALSE,FALSE
"RBM17",1.19,1.89,0.012,-0.62,FALSE,FALSE
"CSTF2T",1.19,2.04,0.012,-0.73,FALSE,FALSE
"PCBD1",1.19,1.96,0.012,-0.68,FALSE,FALSE
"POLR1D",1.19,1.82,0.012,-0.58,FALSE,FALSE
"PPM1A",1.19,1.79,0.012,-0.55,FALSE,FALSE
"PSMD3",1.19,2.04,0.012,-0.73,FALSE,FALSE
"ELP2",1.19,2.02,0.012,-0.72,FALSE,FALSE
"ITCH",1.19,1.93,0.012,-0.66,FALSE,FALSE
"KHSRP",1.19,1.99,0.012,-0.69,FALSE,FALSE
"ZRANB2",1.18,2.03,0.012,-0.74,FALSE,FALSE
"CD1C",1.18,1.54,0.012,-0.35,FALSE,FALSE
"NISCH",1.18,1.9,0.012,-0.65,FALSE,FALSE
"HES1",1.18,2.06,0.012,-0.76,FALSE,FALSE
"FBXL17",1.18,1.8,0.012,-0.57,FALSE,FALSE
"SLU7",1.18,2.03,0.012,-0.74,FALSE,FALSE
"PHF10",1.18,1.74,0.012,-0.53,FALSE,FALSE
"GLCCI1",1.18,1.77,0.012,-0.55,FALSE,FALSE
"AUTS2",1.18,1.76,0.012,-0.54,FALSE,FALSE
"TSR2",1.18,1.93,0.012,-0.67,FALSE,FALSE
"ATP6V1B2",1.18,1.83,0.012,-0.6,FALSE,FALSE
"CELF1",1.18,1.6,0.012,-0.42,FALSE,FALSE
"TRMT112",1.18,2.05,0.012,-0.75,FALSE,FALSE
"KIF5B",1.18,1.93,0.012,-0.67,FALSE,FALSE
"ADK",1.18,2.06,0.012,-0.75,FALSE,FALSE
"ATP2A2",1.18,1.77,0.012,-0.56,FALSE,FALSE
"SCFD1",1.18,1.99,0.012,-0.71,FALSE,FALSE
"KTN1",1.18,2.07,0.012,-0.76,FALSE,FALSE
"EIF2S1",1.18,1.87,0.012,-0.63,FALSE,FALSE
"CHMP1A",1.18,1.85,0.012,-0.61,FALSE,FALSE
"PPP1R9B",1.18,2.07,0.012,-0.76,FALSE,FALSE
"HGS",1.18,1.92,0.012,-0.66,FALSE,FALSE
"NFIC",1.18,1.77,0.012,-0.55,FALSE,FALSE
"SIN3B",1.18,1.79,0.012,-0.56,FALSE,FALSE
"BACH1",1.18,1.87,0.012,-0.62,FALSE,FALSE
"MAP7D1",1.17,1.91,0.012,-0.66,FALSE,FALSE
"NFIA",1.17,1.87,0.012,-0.63,FALSE,FALSE
"DAP3",1.17,1.99,0.012,-0.71,FALSE,FALSE
"GYPC",1.17,2.08,0.012,-0.78,FALSE,FALSE
"TMBIM1",1.17,1.93,0.012,-0.67,FALSE,FALSE
"SETD5",1.17,2.07,0.012,-0.78,FALSE,FALSE
"LPP",1.17,1.7,0.012,-0.51,FALSE,FALSE
"DDAH2",1.17,1.89,0.012,-0.65,FALSE,FALSE
"HECA",1.17,2.17,0.012,-0.84,FALSE,FALSE
"EHMT1",1.17,1.74,0.012,-0.53,FALSE,FALSE
"USP47",1.17,1.72,0.012,-0.52,FALSE,FALSE
"FAS",1.17,1.86,0.012,-0.63,FALSE,FALSE
"SH3PXD2A",1.17,1.88,0.012,-0.64,FALSE,FALSE
"USP15",1.17,1.86,0.012,-0.63,FALSE,FALSE
"TSC22D1",1.17,1.71,0.012,-0.51,FALSE,FALSE
"KLF5",1.17,1.77,0.012,-0.56,FALSE,FALSE
"CDH3",1.17,1.76,0.012,-0.55,FALSE,FALSE
"PSMC5",1.17,1.99,0.012,-0.72,FALSE,FALSE
"SRSF4",1.16,2.05,0.012,-0.76,FALSE,FALSE
"SMARCC1",1.16,2.04,0.012,-0.76,FALSE,FALSE
"RAB7A",1.16,2.08,0.012,-0.8,FALSE,FALSE
"RASA1",1.16,1.97,0.012,-0.71,FALSE,FALSE
"MGAT1",1.16,2.05,0.012,-0.77,FALSE,FALSE
"CAPZA2",1.16,2.13,0.012,-0.82,FALSE,FALSE
"MAGEH1",1.16,1.99,0.012,-0.72,FALSE,FALSE
"GOLM1",1.16,1.8,0.012,-0.6,FALSE,FALSE
"POLE3",1.16,1.91,0.012,-0.67,FALSE,FALSE
"DENND2B",1.16,1.61,0.012,-0.44,FALSE,FALSE
"LIN7C",1.16,1.74,0.012,-0.55,FALSE,FALSE
"SPRYD3",1.16,2.04,0.012,-0.76,FALSE,FALSE
"LRIG3",1.16,1.93,0.012,-0.68,FALSE,FALSE
"CNOT2",1.16,1.82,0.012,-0.61,FALSE,FALSE
"ARIH1",1.16,2.16,0.012,-0.84,FALSE,FALSE
"BRD7",1.16,1.73,0.012,-0.53,FALSE,FALSE
"TYMS",1.16,1.64,0.012,-0.46,FALSE,FALSE
"ADNP",1.16,1.69,0.012,-0.5,FALSE,FALSE
"MYADM",1.16,1.73,0.012,-0.53,FALSE,FALSE
"SOD1",1.16,2.02,0.012,-0.74,FALSE,FALSE
"ABCG1",1.16,1.91,0.012,-0.67,FALSE,FALSE
"APH1A",1.15,2.09,0.012,-0.8,FALSE,FALSE
"NDUFS2",1.15,1.87,0.012,-0.66,FALSE,FALSE
"PRELP",1.15,1.85,0.012,-0.65,FALSE,FALSE
"C1orf198",1.15,2.04,0.011,-0.78,FALSE,FALSE
"NCKAP1",1.15,1.78,0.011,-0.59,FALSE,FALSE
"STAG1",1.15,1.91,0.011,-0.69,FALSE,FALSE
"PYURF",1.15,1.94,0.012,-0.7,FALSE,FALSE
"MARCHF6",1.15,1.85,0.012,-0.64,FALSE,FALSE
"DPYSL3",1.15,1.67,0.012,-0.5,FALSE,FALSE
"FAM193B",1.15,1.83,0.012,-0.62,FALSE,FALSE
"MAPK13",1.15,1.82,0.012,-0.61,FALSE,FALSE
"UBE2J1",1.15,2.24,0.012,-0.9,FALSE,FALSE
"THEMIS",1.15,1.74,0.012,-0.56,FALSE,FALSE
"CCN2",1.15,1.6,0.012,-0.44,FALSE,FALSE
"TMEM106B",1.15,1.87,0.011,-0.66,FALSE,FALSE
"SYK",1.15,1.6,0.011,-0.44,FALSE,FALSE
"FXYD6",1.15,2.23,0.012,-0.9,FALSE,FALSE
"EIF4B",1.15,2,0.011,-0.75,FALSE,FALSE
"CDC16",1.15,1.79,0.012,-0.6,FALSE,FALSE
"SLC9A3R2",1.15,2.31,0.012,-0.95,FALSE,FALSE
"APMAP",1.15,1.85,0.012,-0.64,FALSE,FALSE
"ALKBH7",1.15,1.95,0.012,-0.71,FALSE,FALSE
"RER1",1.14,1.93,0.011,-0.71,FALSE,FALSE
"SLAMF1",1.14,1.64,0.011,-0.49,FALSE,FALSE
"GUK1",1.14,1.77,0.011,-0.59,FALSE,FALSE
"NAGK",1.14,1.8,0.011,-0.61,FALSE,FALSE
"RAB3GAP1",1.14,1.82,0.011,-0.63,FALSE,FALSE
"SEC61A1",1.14,2.08,0.011,-0.81,FALSE,FALSE
"SEL1L3",1.14,2.23,0.011,-0.91,FALSE,FALSE
"UQCRQ",1.14,1.76,0.012,-0.58,FALSE,FALSE
"RNF5",1.14,1.88,0.011,-0.67,FALSE,FALSE
"COX6C",1.14,1.73,0.011,-0.56,FALSE,FALSE
"FAM120A",1.14,1.79,0.011,-0.61,FALSE,FALSE
"SART1",1.14,1.79,0.011,-0.61,FALSE,FALSE
"SUSD6",1.14,1.87,0.011,-0.67,FALSE,FALSE
"ZNF609",1.14,1.85,0.011,-0.65,FALSE,FALSE
"ACAP1",1.14,2,0.011,-0.77,FALSE,FALSE
"PLXDC1",1.14,1.81,0.011,-0.62,FALSE,FALSE
"TCF4",1.14,2.01,0.011,-0.77,FALSE,FALSE
"DYNLRB1",1.14,1.93,0.012,-0.72,FALSE,FALSE
"DNAJC5",1.14,1.61,0.011,-0.47,FALSE,FALSE
"ZBTB7A",1.14,2.02,0.011,-0.77,FALSE,FALSE
"DNAJB1",1.14,1.89,0.011,-0.68,FALSE,FALSE
"RBFOX2",1.14,1.82,0.011,-0.64,FALSE,FALSE
"S100A14",1.13,1.76,0.011,-0.59,FALSE,FALSE
"INO80B",1.13,1.51,0.011,-0.39,FALSE,FALSE
"LIMS2",1.13,2.37,0.011,-1.01,FALSE,FALSE
"BOC",1.13,1.91,0.011,-0.71,FALSE,FALSE
"HMCES",1.13,1.9,0.011,-0.7,FALSE,FALSE
"ADH1B",1.13,1.61,0.011,-0.48,FALSE,FALSE
"CAMK4",1.13,1.6,0.011,-0.46,FALSE,FALSE
"CREBRF",1.13,1.91,0.011,-0.71,FALSE,FALSE
"PDLIM7",1.13,1.67,0.011,-0.52,FALSE,FALSE
"KDM5C",1.13,1.64,0.011,-0.5,FALSE,FALSE
"EMC2",1.13,1.82,0.011,-0.64,FALSE,FALSE
"EGFL7",1.13,2.96,0.012,-1.32,FALSE,FALSE
"CHID1",1.13,1.86,0.011,-0.67,FALSE,FALSE
"STIM1",1.13,1.79,0.011,-0.62,FALSE,FALSE
"ARHGAP1",1.13,1.62,0.011,-0.48,FALSE,FALSE
"UCP2",1.13,1.84,0.011,-0.66,FALSE,FALSE
"ARID2",1.13,1.81,0.011,-0.63,FALSE,FALSE
"COX6A1",1.13,1.89,0.011,-0.69,FALSE,FALSE
"CDIPT",1.13,1.77,0.011,-0.6,FALSE,FALSE
"NAA38",1.13,1.92,0.011,-0.71,FALSE,FALSE
"PMP22",1.13,1.9,0.011,-0.7,FALSE,FALSE
"TBCB",1.13,1.91,0.011,-0.71,FALSE,FALSE
"RABAC1",1.13,2.1,0.011,-0.83,FALSE,FALSE
"KDM5D",1.13,1.85,0.011,-0.67,FALSE,FALSE
"CHKB",1.13,1.81,0.011,-0.63,FALSE,FALSE
"MACF1",1.12,1.84,0.011,-0.67,FALSE,FALSE
"PPIE",1.12,1.76,0.011,-0.61,FALSE,FALSE
"PEA15",1.12,2.02,0.011,-0.8,FALSE,FALSE
"CREG1",1.12,2.18,0.011,-0.9,FALSE,FALSE
"ADSS2",1.12,1.68,0.011,-0.55,FALSE,FALSE
"RAF1",1.12,1.79,0.011,-0.63,FALSE,FALSE
"ATP6V1A",1.12,1.77,0.011,-0.61,FALSE,FALSE
"DTX3L",1.12,2.04,0.011,-0.81,FALSE,FALSE
"NPNT",1.12,1.94,0.011,-0.74,FALSE,FALSE
"SNX2",1.12,1.89,0.011,-0.71,FALSE,FALSE
"UBE2B",1.12,1.82,0.011,-0.65,FALSE,FALSE
"UBLCP1",1.12,1.68,0.011,-0.54,FALSE,FALSE
"UTRN",1.12,1.96,0.011,-0.75,FALSE,FALSE
"CASK",1.12,1.74,0.011,-0.6,FALSE,FALSE
"UBQLN2",1.12,1.94,0.011,-0.74,FALSE,FALSE
"CD151",1.12,2.1,0.011,-0.84,FALSE,FALSE
"NDUFC2",1.12,1.78,0.011,-0.63,FALSE,FALSE
"THYN1",1.12,1.83,0.011,-0.67,FALSE,FALSE
"HNRNPC",1.12,1.71,0.011,-0.56,FALSE,FALSE
"TOX4",1.12,1.7,0.011,-0.55,FALSE,FALSE
"FRMD6",1.12,1.93,0.011,-0.74,FALSE,FALSE
"PAPLN",1.12,1.89,0.011,-0.7,FALSE,FALSE
"CYFIP1",1.12,1.85,0.011,-0.67,FALSE,FALSE
"SPG21",1.12,1.85,0.011,-0.67,FALSE,FALSE
"BTBD1",1.12,1.84,0.011,-0.67,FALSE,FALSE
"SLC2A4RG",1.12,1.72,0.011,-0.57,FALSE,FALSE
"KANK2",1.12,1.58,0.011,-0.45,FALSE,FALSE
"UPF1",1.12,2.08,0.011,-0.84,FALSE,FALSE
"EIF1AY",1.12,1.77,0.011,-0.62,FALSE,FALSE
"ENO1",1.11,1.86,0.011,-0.69,FALSE,FALSE
"KHDRBS1",1.11,2.02,0.011,-0.81,FALSE,FALSE
"RO60",1.11,2.04,0.011,-0.82,FALSE,FALSE
"TSN",1.11,1.78,0.011,-0.63,FALSE,FALSE
"DNAJB2",1.11,1.75,0.011,-0.61,FALSE,FALSE
"SP100",1.11,2.04,0.011,-0.82,FALSE,FALSE
"COPG1",1.11,1.91,0.011,-0.74,FALSE,FALSE
"LAMTOR3",1.11,1.86,0.011,-0.69,FALSE,FALSE
"MAN2A1",1.11,1.71,0.011,-0.58,FALSE,FALSE
"TMED7",1.11,1.6,0.011,-0.5,FALSE,FALSE
"SNRPC",1.11,1.65,0.011,-0.53,FALSE,FALSE
"MAN1A1",1.11,2.29,0.011,-0.98,FALSE,FALSE
"SYNE1",1.11,1.7,0.011,-0.58,FALSE,FALSE
"SRRT",1.11,1.66,0.011,-0.55,FALSE,FALSE
"TSG101",1.11,1.67,0.011,-0.54,FALSE,FALSE
"CSTF3",1.11,1.82,0.011,-0.67,FALSE,FALSE
"GANAB",1.11,1.94,0.011,-0.75,FALSE,FALSE
"INTS4",1.11,1.87,0.011,-0.7,FALSE,FALSE
"ZDHHC17",1.11,1.91,0.011,-0.73,FALSE,FALSE
"PAWR",1.11,1.7,0.011,-0.57,FALSE,FALSE
"SEMA4B",1.11,1.61,0.011,-0.49,FALSE,FALSE
"C16orf72",1.11,1.91,0.011,-0.74,FALSE,FALSE
"PHKB",1.11,1.84,0.011,-0.68,FALSE,FALSE
"ATP6V0D1",1.11,1.6,0.011,-0.48,FALSE,FALSE
"SNTB2",1.11,1.97,0.011,-0.78,FALSE,FALSE
"NPEPPS",1.11,1.68,0.011,-0.56,FALSE,FALSE
"SEC11C",1.11,2.22,0.011,-0.94,FALSE,FALSE
"RRBP1",1.11,2.02,0.011,-0.81,FALSE,FALSE
"NELFCD",1.11,1.79,0.011,-0.64,FALSE,FALSE
"YTHDF2",1.1,1.71,0.011,-0.6,FALSE,FALSE
"KIAA1522",1.1,1.79,0.011,-0.66,FALSE,FALSE
"POGZ",1.1,1.7,0.011,-0.58,FALSE,FALSE
"SDE2",1.1,1.69,0.011,-0.58,FALSE,FALSE
"EGLN1",1.1,2.14,0.011,-0.91,FALSE,FALSE
"CRIPT",1.1,1.56,0.011,-0.47,FALSE,FALSE
"CYP20A1",1.1,1.79,0.011,-0.66,FALSE,FALSE
"IQSEC1",1.1,2.05,0.011,-0.84,FALSE,FALSE
"CMTR1",1.1,1.67,0.011,-0.56,FALSE,FALSE
"TRA2A",1.1,2.19,0.011,-0.93,FALSE,FALSE
"ATP6AP1",1.1,1.66,0.011,-0.55,FALSE,FALSE
"DECR1",1.1,1.69,0.011,-0.58,FALSE,FALSE
"ALDH1A1",1.1,1.77,0.011,-0.64,FALSE,FALSE
"PTGES2",1.1,1.76,0.011,-0.63,FALSE,FALSE
"RAG2",1.1,1.35,0.011,-0.27,FALSE,FALSE
"SF3B2",1.1,2,0.011,-0.82,FALSE,FALSE
"SLC9A3R1",1.1,1.92,0.011,-0.75,FALSE,FALSE
"TMX4",1.1,1.82,0.011,-0.67,FALSE,FALSE
"BTBD2",1.1,1.8,0.011,-0.67,FALSE,FALSE
"CNN1",1.1,0.88,0.011,0.29,FALSE,FALSE
"RFXANK",1.1,1.74,0.011,-0.61,FALSE,FALSE
"AP2A1",1.1,1.6,0.011,-0.5,FALSE,FALSE
"APOL1",1.1,2.04,0.011,-0.83,FALSE,FALSE
"KCTD3",1.09,1.69,0.011,-0.59,FALSE,FALSE
"CAB39",1.09,1.74,0.011,-0.63,FALSE,FALSE
"CRBN",1.09,2.01,0.011,-0.83,FALSE,FALSE
"FAM107A",1.09,1.67,0.011,-0.57,FALSE,FALSE
"CD96",1.09,1.68,0.011,-0.58,FALSE,FALSE
"PPP3CA",1.09,1.9,0.011,-0.75,FALSE,FALSE
"SORBS2",1.09,1.53,0.011,-0.46,FALSE,FALSE
"TCERG1",1.09,1.68,0.011,-0.58,FALSE,FALSE
"GPX3",1.09,1.73,0.011,-0.62,FALSE,FALSE
"ZNF292",1.09,1.62,0.011,-0.54,FALSE,FALSE
"VPS13B",1.09,1.63,0.011,-0.53,FALSE,FALSE
"EPC1",1.09,1.77,0.011,-0.65,FALSE,FALSE
"SLC25A11",1.09,1.85,0.011,-0.71,FALSE,FALSE
"HDHD2",1.09,1.89,0.011,-0.74,FALSE,FALSE
"TIMM13",1.09,1.48,0.011,-0.41,FALSE,FALSE
"RAD23A",1.09,2,0.011,-0.82,FALSE,FALSE
"APOBEC3C",1.09,1.86,0.011,-0.72,FALSE,FALSE
"TM2D1",1.08,1.82,0.011,-0.71,FALSE,FALSE
"PRPF38B",1.08,1.82,0.011,-0.7,FALSE,FALSE
"NEK7",1.08,1.81,0.011,-0.7,FALSE,FALSE
"IRF6",1.08,1.77,0.011,-0.66,FALSE,FALSE
"CIAO1",1.08,1.85,0.011,-0.73,FALSE,FALSE
"MAP4K4",1.08,1.91,0.011,-0.77,FALSE,FALSE
"TOP2B",1.08,1.68,0.011,-0.59,FALSE,FALSE
"ANKRD17",1.08,1.82,0.011,-0.7,FALSE,FALSE
"CERT1",1.08,1.58,0.011,-0.51,FALSE,FALSE
"AHR",1.08,2.55,0.011,-1.17,FALSE,FALSE
"INTS10",1.08,1.77,0.011,-0.66,FALSE,FALSE
"PRKDC",1.08,1.44,0.011,-0.39,FALSE,FALSE
"GSDMD",1.08,1.98,0.011,-0.81,FALSE,FALSE
"ERP44",1.08,1.93,0.011,-0.78,FALSE,FALSE
"POLR2G",1.08,1.83,0.011,-0.71,FALSE,FALSE
"ETNK1",1.08,1.76,0.011,-0.65,FALSE,FALSE
"MPHOSPH8",1.08,1.99,0.011,-0.82,FALSE,FALSE
"MBNL2",1.08,1.91,0.011,-0.77,FALSE,FALSE
"IQGAP1",1.08,1.82,0.011,-0.71,FALSE,FALSE
"GABARAPL2",1.08,1.96,0.011,-0.81,FALSE,FALSE
"USP22",1.08,1.84,0.011,-0.71,FALSE,FALSE
"ITGB4",1.08,2.04,0.011,-0.86,FALSE,FALSE
"NARS1",1.08,1.81,0.011,-0.69,FALSE,FALSE
"IFNAR1",1.08,1.77,0.011,-0.67,FALSE,FALSE
"PODN",1.07,1.36,0.011,-0.32,FALSE,FALSE
"TSTD1",1.07,1.45,0.011,-0.4,FALSE,FALSE
"UBE2E3",1.07,1.67,0.011,-0.59,FALSE,FALSE
"TBC1D5",1.07,1.72,0.011,-0.64,FALSE,FALSE
"SACM1L",1.07,1.69,0.011,-0.62,FALSE,FALSE
"PARM1",1.07,1.89,0.011,-0.77,FALSE,FALSE
"PPID",1.07,1.68,0.011,-0.6,FALSE,FALSE
"YTHDC2",1.07,1.79,0.011,-0.69,FALSE,FALSE
"NIPSNAP2",1.07,1.6,0.011,-0.55,FALSE,FALSE
"PTPN12",1.07,2.11,0.011,-0.92,FALSE,FALSE
"SNX12",1.07,1.57,0.011,-0.51,FALSE,FALSE
"COPB1",1.07,1.9,0.011,-0.77,FALSE,FALSE
"COA4",1.07,1.79,0.011,-0.69,FALSE,FALSE
"TBATA",1.07,1.19,0.011,-0.14,FALSE,FALSE
"SNCG",1.07,1.75,0.011,-0.67,FALSE,FALSE
"LZTS2",1.07,1.84,0.011,-0.73,FALSE,FALSE
"WDR11",1.07,1.68,0.011,-0.6,FALSE,FALSE
"SP1",1.07,1.51,0.011,-0.46,FALSE,FALSE
"OXA1L",1.07,1.93,0.011,-0.79,FALSE,FALSE
"MTSS2",1.07,1.63,0.011,-0.56,FALSE,FALSE
"NCBP3",1.07,1.68,0.011,-0.6,FALSE,FALSE
"UBB",1.07,1.84,0.011,-0.73,FALSE,FALSE
"UHRF1",1.07,1.57,0.011,-0.51,FALSE,FALSE
"NDUFA13",1.07,1.7,0.011,-0.63,FALSE,FALSE
"IFI44",1.06,1.97,0.011,-0.84,FALSE,FALSE
"ZNF326",1.06,1.72,0.011,-0.65,FALSE,FALSE
"TGFBR3",1.06,1.79,0.011,-0.71,FALSE,FALSE
"PBX1",1.06,1.62,0.011,-0.57,FALSE,FALSE
"ITSN2",1.06,1.91,0.011,-0.8,FALSE,FALSE
"IMMT",1.06,1.56,0.011,-0.52,FALSE,FALSE
"FRZB",1.06,2.32,0.011,-1.06,FALSE,FALSE
"EIF2A",1.06,1.75,0.011,-0.68,FALSE,FALSE
"TFRC",1.06,1.71,0.011,-0.65,FALSE,FALSE
"LRCH3",1.06,1.98,0.011,-0.84,FALSE,FALSE
"SRP19",1.06,1.67,0.011,-0.6,FALSE,FALSE
"YIPF3",1.06,1.77,0.011,-0.69,FALSE,FALSE
"WNK2",1.06,1.38,0.011,-0.34,FALSE,FALSE
"GATD1",1.06,1.88,0.011,-0.77,FALSE,FALSE
"NDUFB8",1.06,1.88,0.011,-0.77,FALSE,FALSE
"TNS2",1.06,1.99,0.011,-0.85,FALSE,FALSE
"THUMPD1",1.06,1.72,0.011,-0.65,FALSE,FALSE
"RABEP1",1.06,1.76,0.011,-0.69,FALSE,FALSE
"BLCAP",1.06,1.84,0.011,-0.74,FALSE,FALSE
"ZNF580",1.06,1.7,0.011,-0.63,FALSE,FALSE
"ENSG00000130723",1.06,1.78,0.011,-0.7,FALSE,FALSE
"FOXJ3",1.05,1.47,0.011,-0.45,FALSE,FALSE
"S100A11",1.05,1.53,0.011,-0.5,FALSE,FALSE
"MAP3K2",1.05,1.61,0.01,-0.58,FALSE,FALSE
"LARP7",1.05,1.71,0.01,-0.66,FALSE,FALSE
"HSD17B4",1.05,1.79,0.011,-0.71,FALSE,FALSE
"TAB2",1.05,1.72,0.011,-0.66,FALSE,FALSE
"MAP3K4",1.05,1.72,0.011,-0.67,FALSE,FALSE
"ENY2",1.05,1.87,0.011,-0.78,FALSE,FALSE
"TMEM41B",1.05,1.72,0.011,-0.66,FALSE,FALSE
"KIAA1217",1.05,1.61,0.011,-0.57,FALSE,FALSE
"YME1L1",1.05,1.63,0.01,-0.6,FALSE,FALSE
"SHOC2",1.05,1.65,0.01,-0.61,FALSE,FALSE
"STAT6",1.05,1.61,0.011,-0.57,FALSE,FALSE
"MESD",1.05,1.74,0.01,-0.68,FALSE,FALSE
"METTL26",1.05,1.86,0.011,-0.78,FALSE,FALSE
"ABCC1",1.05,1.79,0.011,-0.72,FALSE,FALSE
"NXN",1.05,1.87,0.011,-0.78,FALSE,FALSE
"RHOT1",1.05,1.87,0.011,-0.78,FALSE,FALSE
"ABCA8",1.05,1.93,0.011,-0.82,FALSE,FALSE
"SOCS3",1.05,1.61,0.011,-0.57,FALSE,FALSE
"BSG",1.05,1.58,0.011,-0.55,FALSE,FALSE
"TXLNA",1.04,1.84,0.01,-0.77,FALSE,FALSE
"BEND5",1.04,1.66,0.011,-0.63,FALSE,FALSE
"CZIB",1.04,1.6,0.011,-0.58,FALSE,FALSE
"YWHAQ",1.04,1.61,0.01,-0.59,FALSE,FALSE
"FOSL2",1.04,1.34,0.01,-0.34,FALSE,FALSE
"ANTXR1",1.04,1.35,0.01,-0.35,FALSE,FALSE
"BMPR2",1.04,1.77,0.01,-0.71,FALSE,FALSE
"HDLBP",1.04,1.63,0.01,-0.6,FALSE,FALSE
"HTT",1.04,1.69,0.011,-0.65,FALSE,FALSE
"KLHDC3",1.04,1.67,0.01,-0.64,FALSE,FALSE
"CITED2",1.04,1.82,0.01,-0.75,FALSE,FALSE
"CCM2",1.04,1.86,0.01,-0.78,FALSE,FALSE
"DUT",1.04,1.8,0.01,-0.74,FALSE,FALSE
"FBN1",1.04,1.42,0.01,-0.41,FALSE,FALSE
"CHD9",1.04,1.58,0.01,-0.55,FALSE,FALSE
"EXOC7",1.04,1.66,0.01,-0.63,FALSE,FALSE
"CDS2",1.04,1.75,0.01,-0.7,FALSE,FALSE
"SPPL2B",1.04,1.57,0.01,-0.55,FALSE,FALSE
"DDT",1.04,1.63,0.01,-0.6,FALSE,FALSE
"PIK3IP1",1.04,1.66,0.01,-0.63,FALSE,FALSE
"IFNGR2",1.04,1.55,0.01,-0.54,FALSE,FALSE
"PPT1",1.03,1.68,0.01,-0.65,FALSE,FALSE
"CTSS",1.03,2.06,0.01,-0.93,FALSE,FALSE
"SF3B6",1.03,1.79,0.01,-0.74,FALSE,FALSE
"STAT1",1.03,1.7,0.01,-0.68,FALSE,FALSE
"SH3TC1",1.03,1.6,0.01,-0.58,FALSE,FALSE
"SERPINB1",1.03,2.13,0.01,-0.98,FALSE,FALSE
"CFB",1.03,1.96,0.01,-0.86,FALSE,FALSE
"MED23",1.03,1.55,0.01,-0.55,FALSE,FALSE
"PPP2R2A",1.03,1.89,0.01,-0.81,FALSE,FALSE
"POLR2K",1.03,1.74,0.01,-0.7,FALSE,FALSE
"UBE2R2",1.03,1.94,0.01,-0.86,FALSE,FALSE
"UBAC1",1.03,1.81,0.01,-0.76,FALSE,FALSE
"UBXN1",1.03,1.6,0.01,-0.59,FALSE,FALSE
"CREBZF",1.03,1.81,0.01,-0.76,FALSE,FALSE
"CWC15",1.03,1.68,0.01,-0.65,FALSE,FALSE
"SLK",1.03,1.83,0.01,-0.78,FALSE,FALSE
"CLSTN3",1.03,1.98,0.01,-0.87,FALSE,FALSE
"ANAPC5",1.03,1.73,0.01,-0.69,FALSE,FALSE
"HSPH1",1.03,1.47,0.01,-0.47,FALSE,FALSE
"SPART",1.03,1.58,0.01,-0.57,FALSE,FALSE
"FOXO1",1.03,1.86,0.01,-0.8,FALSE,FALSE
"MAPK3",1.03,2.04,0.01,-0.92,FALSE,FALSE
"MBTPS1",1.03,1.62,0.01,-0.61,FALSE,FALSE
"TAOK1",1.03,1.7,0.01,-0.66,FALSE,FALSE
"UNK",1.03,1.74,0.01,-0.7,FALSE,FALSE
"CDC25B",1.03,1.9,0.01,-0.83,FALSE,FALSE
"TRPC4AP",1.03,1.79,0.01,-0.74,FALSE,FALSE
"NECAP2",1.02,1.73,0.01,-0.71,FALSE,FALSE
"SYF2",1.02,1.7,0.01,-0.68,FALSE,FALSE
"PSMD4",1.02,1.55,0.01,-0.55,FALSE,FALSE
"UHMK1",1.02,1.95,0.01,-0.87,FALSE,FALSE
"NID1",1.02,1.86,0.01,-0.81,FALSE,FALSE
"MTR",1.02,1.57,0.01,-0.57,FALSE,FALSE
"COX5B",1.02,1.77,0.01,-0.74,FALSE,FALSE
"SLC35F5",1.02,1.86,0.01,-0.8,FALSE,FALSE
"TNS1",1.02,1.62,0.01,-0.62,FALSE,FALSE
"EIF4E2",1.02,1.81,0.01,-0.77,FALSE,FALSE
"KLHL24",1.02,1.77,0.01,-0.74,FALSE,FALSE
"LEMD2",1.02,1.58,0.01,-0.59,FALSE,FALSE
"MYO6",1.02,1.6,0.01,-0.61,FALSE,FALSE
"NUDCD3",1.02,1.93,0.01,-0.85,FALSE,FALSE
"RSBN1L",1.02,1.62,0.01,-0.62,FALSE,FALSE
"ARPC1B",1.02,2,0.01,-0.91,FALSE,FALSE
"RNF38",1.02,1.7,0.01,-0.69,FALSE,FALSE
"NEK6",1.02,2,0.01,-0.91,FALSE,FALSE
"TIMM10B",1.02,1.74,0.01,-0.72,FALSE,FALSE
"WAPL",1.02,1.66,0.01,-0.66,FALSE,FALSE
"GAS6",1.02,1.61,0.01,-0.61,FALSE,FALSE
"APRT",1.02,1.86,0.01,-0.81,FALSE,FALSE
"RAB34",1.02,1.74,0.01,-0.71,FALSE,FALSE
"AATF",1.02,1.67,0.01,-0.66,FALSE,FALSE
"MRC2",1.02,1.43,0.01,-0.46,FALSE,FALSE
"HELZ",1.02,1.52,0.01,-0.53,FALSE,FALSE
"ADGRE5",1.02,2,0.01,-0.91,FALSE,FALSE
"CHERP",1.02,1.78,0.01,-0.74,FALSE,FALSE
"CCDC124",1.02,1.56,0.01,-0.56,FALSE,FALSE
"RAB4B",1.02,1.64,0.01,-0.63,FALSE,FALSE
"COMT",1.02,1.97,0.01,-0.89,FALSE,FALSE
"PLXNB2",1.02,1.74,0.01,-0.71,FALSE,FALSE
"ETS2",1.02,1.87,0.01,-0.81,FALSE,FALSE
"AURKAIP1",1.01,1.49,0.01,-0.52,FALSE,FALSE
"USP24",1.01,1.76,0.01,-0.74,FALSE,FALSE
"AHCYL1",1.01,1.79,0.01,-0.78,FALSE,FALSE
"NKTR",1.01,1.48,0.01,-0.51,FALSE,FALSE
"QARS1",1.01,1.72,0.01,-0.72,FALSE,FALSE
"TWF2",1.01,1.74,0.01,-0.73,FALSE,FALSE
"GJA1",1.01,1.54,0.01,-0.57,FALSE,FALSE
"GTF2H5",1.01,1.48,0.01,-0.51,FALSE,FALSE
"GLI3",1.01,1.43,0.01,-0.46,FALSE,FALSE
"WASL",1.01,1.69,0.01,-0.69,FALSE,FALSE
"GIMAP7",1.01,2.4,0.01,-1.18,FALSE,FALSE
"UQCRB",1.01,1.49,0.01,-0.51,FALSE,FALSE
"CCDC82",1.01,1.77,0.01,-0.75,FALSE,FALSE
"WNK1",1.01,1.79,0.01,-0.76,FALSE,FALSE
"KRT8",1.01,1.63,0.01,-0.64,FALSE,FALSE
"COPZ1",1.01,1.88,0.01,-0.83,FALSE,FALSE
"DCTN2",1.01,1.88,0.01,-0.84,FALSE,FALSE
"RTF1",1.01,1.72,0.01,-0.71,FALSE,FALSE
"GLG1",1.01,1.84,0.01,-0.8,FALSE,FALSE
"PITPNA",1.01,1.89,0.01,-0.84,FALSE,FALSE
"SUMO2",1.01,1.5,0.01,-0.53,FALSE,FALSE
"SNRPB",1.01,1.68,0.01,-0.68,FALSE,FALSE
"JAG1",1.01,1.83,0.01,-0.8,FALSE,FALSE
"CD40",1.01,1.83,0.01,-0.8,FALSE,FALSE
"DIDO1",1.01,1.77,0.01,-0.75,FALSE,FALSE
"PPP1R8",1,1.34,0.01,-0.39,FALSE,FALSE
"MIER1",1,1.93,0.01,-0.89,FALSE,FALSE
"RASSF5",1,1.88,0.01,-0.85,FALSE,FALSE
"ARPC4",1,1.81,0.01,-0.79,FALSE,FALSE
"ANKRD28",1,1.7,0.01,-0.71,FALSE,FALSE
"ACAA1",1,1.67,0.01,-0.69,FALSE,FALSE
"SMC4",1,1.34,0.01,-0.39,FALSE,FALSE
"MCCC1",1,1.62,0.01,-0.64,FALSE,FALSE
"LRBA",1,1.52,0.01,-0.56,FALSE,FALSE
"PDGFC",1,1.56,0.01,-0.6,FALSE,FALSE
"PRPF4B",1,1.67,0.01,-0.69,FALSE,FALSE
"MYB",1,1.36,0.01,-0.41,FALSE,FALSE
"ABRACL",1,1.76,0.01,-0.76,FALSE,FALSE
"UBE2H",1,1.46,0.01,-0.5,FALSE,FALSE
"OTUD5",1,1.76,0.01,-0.76,FALSE,FALSE
"HGSNAT",1,1.61,0.01,-0.64,FALSE,FALSE
"NSMAF",1,1.37,0.01,-0.42,FALSE,FALSE
"PARVA",1,1.81,0.01,-0.8,FALSE,FALSE
"ANAPC15",1,1.44,0.01,-0.49,FALSE,FALSE
"DEPP1",1,2.16,0.01,-1.04,FALSE,FALSE
"SMC3",1,1.72,0.01,-0.73,FALSE,FALSE
"COPS7A",1,1.54,0.01,-0.58,FALSE,FALSE
"PXN",1,1.77,0.01,-0.77,FALSE,FALSE
"BPTF",1,1.75,0.01,-0.76,FALSE,FALSE
"SMAD4",1,1.77,0.01,-0.76,FALSE,FALSE
"RBM42",1,1.6,0.01,-0.63,FALSE,FALSE
"CHMP2A",1,1.62,0.01,-0.65,FALSE,FALSE
"ARFGAP3",1,1.6,0.01,-0.63,FALSE,FALSE
"LUZP1",0.99,1.71,0.01,-0.73,FALSE,FALSE
"THRAP3",0.99,1.63,0.01,-0.67,FALSE,FALSE
"TUT4",0.99,1.78,0.01,-0.78,FALSE,FALSE
"ENSA",0.99,1.53,0.01,-0.58,FALSE,FALSE
"PEX19",0.99,1.45,0.01,-0.5,FALSE,FALSE
"CD48",0.99,2.23,0.01,-1.1,FALSE,FALSE
"PHLDA3",0.99,1.42,0.01,-0.48,FALSE,FALSE
"NCOA1",0.99,1.36,0.01,-0.42,FALSE,FALSE
"WDFY1",0.99,1.68,0.01,-0.71,FALSE,FALSE
"RASA2",0.99,1.72,0.01,-0.74,FALSE,FALSE
"CNOT6L",0.99,1.55,0.01,-0.6,FALSE,FALSE
"ERAP1",0.99,1.66,0.01,-0.69,FALSE,FALSE
"DCTN3",0.99,1.71,0.01,-0.74,FALSE,FALSE
"C9orf78",0.99,1.8,0.01,-0.8,FALSE,FALSE
"ELF1",0.99,1.57,0.01,-0.61,FALSE,FALSE
"LTB4R",0.99,1.58,0.01,-0.61,FALSE,FALSE
"RHOT2",0.99,1.52,0.01,-0.56,FALSE,FALSE
"SH2B1",0.99,1.54,0.01,-0.58,FALSE,FALSE
"C1QTNF1",0.99,1.39,0.01,-0.45,FALSE,FALSE
"TWSG1",0.99,1.47,0.01,-0.52,FALSE,FALSE
"KRI1",0.99,1.62,0.01,-0.65,FALSE,FALSE
"MED25",0.99,1.64,0.01,-0.68,FALSE,FALSE
"LAIR1",0.99,1.24,0.01,-0.29,FALSE,FALSE
"RTCB",0.99,1.69,0.01,-0.71,FALSE,FALSE
"ZC3H7B",0.99,1.5,0.01,-0.55,FALSE,FALSE
"TEF",0.99,1.51,0.01,-0.56,FALSE,FALSE
"NRDC",0.98,1.55,0.01,-0.61,FALSE,FALSE
"CRTC2",0.98,1.78,0.01,-0.8,FALSE,FALSE
"ARHGAP30",0.98,1.77,0.01,-0.79,FALSE,FALSE
"CNOT11",0.98,1.5,0.01,-0.57,FALSE,FALSE
"UBA7",0.98,1.87,0.01,-0.87,FALSE,FALSE
"TNIK",0.98,1.51,0.01,-0.58,FALSE,FALSE
"UBXN7",0.98,1.48,0.01,-0.55,FALSE,FALSE
"MRFAP1L1",0.98,1.67,0.01,-0.72,FALSE,FALSE
"TBC1D19",0.98,1.45,0.01,-0.52,FALSE,FALSE
"ADH5",0.98,1.61,0.01,-0.66,FALSE,FALSE
"AIMP1",0.98,1.55,0.01,-0.61,FALSE,FALSE
"PGRMC2",0.98,1.57,0.01,-0.63,FALSE,FALSE
"ARHGAP10",0.98,1.22,0.01,-0.29,FALSE,FALSE
"MTO1",0.98,1.49,0.01,-0.55,FALSE,FALSE
"PHF14",0.98,1.68,0.01,-0.72,FALSE,FALSE
"TMEM168",0.98,1.57,0.01,-0.63,FALSE,FALSE
"MCM4",0.98,1.5,0.01,-0.56,FALSE,FALSE
"MTSS1",0.98,1.67,0.01,-0.72,FALSE,FALSE
"DENND4C",0.98,1.55,0.01,-0.61,FALSE,FALSE
"SURF4",0.98,1.66,0.01,-0.7,FALSE,FALSE
"DDB1",0.98,1.45,0.01,-0.52,FALSE,FALSE
"CREM",0.98,1.57,0.01,-0.63,FALSE,FALSE
"ACTR10",0.98,1.78,0.01,-0.8,FALSE,FALSE
"CKB",0.98,1.12,0.01,-0.17,FALSE,FALSE
"CCPG1",0.98,1.82,0.01,-0.84,FALSE,FALSE
"PSMA4",0.98,1.61,0.01,-0.67,FALSE,FALSE
"CXXC1",0.98,1.43,0.01,-0.5,FALSE,FALSE
"SMIM26",0.98,1.6,0.01,-0.65,FALSE,FALSE
"KXD1",0.98,1.53,0.01,-0.6,FALSE,FALSE
"PTOV1",0.98,1.58,0.01,-0.63,FALSE,FALSE
"RANGAP1",0.98,1.45,0.01,-0.53,FALSE,FALSE
"TRABD",0.98,1.53,0.01,-0.6,FALSE,FALSE
"USP48",0.97,1.65,0.01,-0.71,FALSE,FALSE
"ID3",0.97,1.72,0.01,-0.76,FALSE,FALSE
"STRN",0.97,1.64,0.01,-0.7,FALSE,FALSE
"SERTAD2",0.97,1.66,0.01,-0.72,FALSE,FALSE
"MANF",0.97,1.96,0.01,-0.95,FALSE,FALSE
"SELENOK",0.97,1.7,0.01,-0.74,FALSE,FALSE
"ACAP2",0.97,1.66,0.01,-0.71,FALSE,FALSE
"QDPR",0.97,1.52,0.01,-0.6,FALSE,FALSE
"SMIM14",0.97,1.7,0.01,-0.75,FALSE,FALSE
"AFF1",0.97,1.73,0.01,-0.78,FALSE,FALSE
"MAP1B",0.97,1.26,0.01,-0.35,FALSE,FALSE
"LCP2",0.97,1.73,0.01,-0.77,FALSE,FALSE
"SLC22A23",0.97,1.51,0.01,-0.59,FALSE,FALSE
"TUBB",0.97,1.63,0.01,-0.7,FALSE,FALSE
"TRIM56",0.97,1.44,0.01,-0.53,FALSE,FALSE
"CUL4B",0.97,1.75,0.01,-0.79,FALSE,FALSE
"ATP6V1H",0.97,1.45,0.01,-0.53,FALSE,FALSE
"GPR107",0.97,1.55,0.01,-0.62,FALSE,FALSE
"SMNDC1",0.97,1.58,0.01,-0.66,FALSE,FALSE
"CCDC91",0.97,1.71,0.01,-0.76,FALSE,FALSE
"PSMD9",0.97,1.76,0.01,-0.8,FALSE,FALSE
"RGCC",0.97,1.53,0.01,-0.6,FALSE,FALSE
"EFNB2",0.97,1.7,0.01,-0.76,FALSE,FALSE
"STXBP6",0.97,1.44,0.01,-0.52,FALSE,FALSE
"TMOD3",0.97,1.88,0.01,-0.89,FALSE,FALSE
"PKM",0.97,1.55,0.01,-0.63,FALSE,FALSE
"SCAMP2",0.97,1.7,0.01,-0.75,FALSE,FALSE
"GTF3C1",0.97,1.46,0.01,-0.55,FALSE,FALSE
"ITFG1",0.97,1.63,0.01,-0.7,FALSE,FALSE
"VAPA",0.97,1.59,0.01,-0.66,FALSE,FALSE
"NDUFS7",0.97,1.66,0.01,-0.71,FALSE,FALSE
"DNM2",0.97,1.78,0.01,-0.81,FALSE,FALSE
"FXYD1",0.97,1.69,0.01,-0.75,FALSE,FALSE
"PPP6R1",0.97,1.53,0.01,-0.61,FALSE,FALSE
"DDX3Y",0.97,1.49,0.01,-0.57,FALSE,FALSE
"TUBGCP6",0.97,1.6,0.01,-0.67,FALSE,FALSE
"DNAJC8",0.96,1.53,0.01,-0.63,FALSE,FALSE
"RABGGTB",0.96,1.76,0.01,-0.81,FALSE,FALSE
"NOTCH2",0.96,1.6,0.01,-0.68,FALSE,FALSE
"ACBD6",0.96,1.68,0.01,-0.74,FALSE,FALSE
"HNRNPLL",0.96,1.64,0.01,-0.72,FALSE,FALSE
"EIF5B",0.96,1.64,0.01,-0.72,FALSE,FALSE
"CAPN7",0.96,1.52,0.01,-0.61,FALSE,FALSE
"SLMAP",0.96,1.24,0.01,-0.33,FALSE,FALSE
"SOD2",0.96,1.58,0.01,-0.66,FALSE,FALSE
"TRRAP",0.96,1.52,0.01,-0.61,FALSE,FALSE
"SARAF",0.96,1.57,0.01,-0.66,FALSE,FALSE
"RIC1",0.96,1.49,0.01,-0.58,FALSE,FALSE
"ABHD17B",0.96,1.23,0.01,-0.33,FALSE,FALSE
"NOTCH1",0.96,1.83,0.01,-0.86,FALSE,FALSE
"RASGRP2",0.96,2,0.01,-0.99,FALSE,FALSE
"CDK1",0.96,1.44,0.01,-0.53,FALSE,FALSE
"ETV6",0.96,1.56,0.01,-0.65,FALSE,FALSE
"NPLOC4",0.96,1.59,0.01,-0.67,FALSE,FALSE
"DYM",0.96,1.4,0.01,-0.5,FALSE,FALSE
"UQCC1",0.96,1.77,0.01,-0.82,FALSE,FALSE
"LCK",0.95,1.32,0.01,-0.44,FALSE,FALSE
"PRPF3",0.95,1.78,0.009,-0.84,FALSE,FALSE
"KANSL3",0.95,1.42,0.009,-0.53,FALSE,FALSE
"UNC50",0.95,1.52,0.01,-0.63,FALSE,FALSE
"EPC2",0.95,1.54,0.01,-0.64,FALSE,FALSE
"ABI3BP",0.95,1.66,0.01,-0.74,FALSE,FALSE
"TRAT1",0.95,1.27,0.01,-0.38,FALSE,FALSE
"ITGB5",0.95,1.3,0.01,-0.42,FALSE,FALSE
"HERC3",0.95,1.44,0.01,-0.55,FALSE,FALSE
"PPWD1",0.95,1.51,0.009,-0.62,FALSE,FALSE
"NREP",0.95,1.42,0.01,-0.53,FALSE,FALSE
"C6orf62",0.95,1.77,0.01,-0.84,FALSE,FALSE
"UBR2",0.95,1.47,0.01,-0.58,FALSE,FALSE
"PHIP",0.95,1.5,0.01,-0.61,FALSE,FALSE
"RNF146",0.95,1.52,0.01,-0.62,FALSE,FALSE
"COL14A1",0.95,1.53,0.01,-0.64,FALSE,FALSE
"PHF20L1",0.95,1.62,0.01,-0.72,FALSE,FALSE
"CYC1",0.95,1.74,0.01,-0.81,FALSE,FALSE
"FAM111A",0.95,1.79,0.01,-0.85,FALSE,FALSE
"FAM168A",0.95,1.38,0.01,-0.49,FALSE,FALSE
"KMT2A",0.95,1.38,0.01,-0.5,FALSE,FALSE
"MSRB2",0.95,1.55,0.01,-0.64,FALSE,FALSE
"MARCHF5",0.95,1.54,0.01,-0.64,FALSE,FALSE
"CTDSP2",0.95,1.36,0.01,-0.47,FALSE,FALSE
"IRF9",0.95,1.76,0.01,-0.83,FALSE,FALSE
"CYLD",0.95,1.83,0.009,-0.88,FALSE,FALSE
"FLCN",0.95,1.41,0.01,-0.52,FALSE,FALSE
"HM13",0.95,1.6,0.01,-0.69,FALSE,FALSE
"SULF2",0.95,1.77,0.009,-0.83,FALSE,FALSE
"C19orf53",0.95,1.64,0.01,-0.73,FALSE,FALSE
"URI1",0.95,1.43,0.01,-0.54,FALSE,FALSE
"EMP3",0.95,2.09,0.01,-1.06,FALSE,FALSE
"RUNX1",0.95,1.57,0.01,-0.67,FALSE,FALSE
"GTF2B",0.94,1.85,0.01,-0.9,FALSE,FALSE
"ILF2",0.94,1.58,0.009,-0.69,FALSE,FALSE
"TRMT1L",0.94,1.34,0.009,-0.47,FALSE,FALSE
"PYCR2",0.94,1.51,0.009,-0.63,FALSE,FALSE
"MEIS1",0.94,1.73,0.009,-0.82,FALSE,FALSE
"NFE2L2",0.94,1.67,0.009,-0.76,FALSE,FALSE
"PLRG1",0.94,1.5,0.009,-0.62,FALSE,FALSE
"CLPTM1L",0.94,1.41,0.009,-0.54,FALSE,FALSE
"SFXN1",0.94,1.56,0.01,-0.67,FALSE,FALSE
"TRIM27",0.94,1.56,0.009,-0.68,FALSE,FALSE
"TCAF1",0.94,1.56,0.009,-0.67,FALSE,FALSE
"COL4A5",0.94,1.48,0.009,-0.6,FALSE,FALSE
"MTUS1",0.94,1.53,0.009,-0.65,FALSE,FALSE
"PTK2B",0.94,1.74,0.01,-0.82,FALSE,FALSE
"DERL1",0.94,1.89,0.009,-0.93,FALSE,FALSE
"EFR3A",0.94,1.43,0.009,-0.56,FALSE,FALSE
"TOMM5",0.94,1.32,0.009,-0.45,FALSE,FALSE
"TNC",0.94,1.52,0.009,-0.63,FALSE,FALSE
"DKK3",0.94,1.6,0.009,-0.72,FALSE,FALSE
"TRAPPC4",0.94,1.55,0.009,-0.66,FALSE,FALSE
"JMJD1C",0.94,1.72,0.009,-0.8,FALSE,FALSE
"MCRS1",0.94,1.57,0.009,-0.69,FALSE,FALSE
"CDK4",0.94,1.54,0.009,-0.65,FALSE,FALSE
"C14orf119",0.94,1.49,0.009,-0.61,FALSE,FALSE
"ZFYVE21",0.94,1.66,0.009,-0.76,FALSE,FALSE
"CHP1",0.94,1.69,0.009,-0.79,FALSE,FALSE
"KAT7",0.94,1.51,0.01,-0.63,FALSE,FALSE
"TMEM205",0.94,1.6,0.009,-0.71,FALSE,FALSE
"ZNF493",0.94,1.39,0.009,-0.52,FALSE,FALSE
"AKT2",0.94,1.31,0.009,-0.44,FALSE,FALSE
"DYRK1A",0.94,1.57,0.009,-0.68,FALSE,FALSE
"FAF1",0.93,1.54,0.009,-0.68,FALSE,FALSE
"PATJ",0.93,1.52,0.009,-0.65,FALSE,FALSE
"ACADM",0.93,1.39,0.009,-0.54,FALSE,FALSE
"CHI3L2",0.93,1.26,0.009,-0.4,FALSE,FALSE
"PRRC2C",0.93,1.56,0.009,-0.69,FALSE,FALSE
"ACYP2",0.93,1.57,0.009,-0.7,FALSE,FALSE
"LY75",0.93,1.34,0.009,-0.49,FALSE,FALSE
"SLC25A12",0.93,1.41,0.009,-0.55,FALSE,FALSE
"STK25",0.93,1.5,0.009,-0.64,FALSE,FALSE
"ABHD14B",0.93,1.49,0.009,-0.62,FALSE,FALSE
"CSTA",0.93,1.51,0.009,-0.64,FALSE,FALSE
"POLR2H",0.93,1.53,0.009,-0.67,FALSE,FALSE
"P3H2",0.93,1.55,0.009,-0.68,FALSE,FALSE
"GNL1",0.93,1.52,0.009,-0.65,FALSE,FALSE
"VPS52",0.93,1.4,0.009,-0.54,FALSE,FALSE
"POR",0.93,1.37,0.009,-0.52,FALSE,FALSE
"SND1",0.93,1.53,0.009,-0.67,FALSE,FALSE
"NUB1",0.93,1.68,0.009,-0.79,FALSE,FALSE
"UBA1",0.93,1.41,0.009,-0.56,FALSE,FALSE
"HDAC6",0.93,1.51,0.009,-0.65,FALSE,FALSE
"MTMR1",0.93,1.53,0.009,-0.66,FALSE,FALSE
"ARPC5L",0.93,1.68,0.009,-0.8,FALSE,FALSE
"TMEM123",0.93,1.57,0.009,-0.7,FALSE,FALSE
"OAF",0.93,1.73,0.009,-0.84,FALSE,FALSE
"EI24",0.93,1.62,0.009,-0.74,FALSE,FALSE
"MXI1",0.93,1.53,0.009,-0.66,FALSE,FALSE
"NHLRC2",0.93,1.51,0.009,-0.65,FALSE,FALSE
"EMG1",0.93,1.48,0.009,-0.62,FALSE,FALSE
"DIS3",0.93,1.48,0.009,-0.62,FALSE,FALSE
"RASA3",0.93,1.53,0.009,-0.66,FALSE,FALSE
"ARPIN",0.93,1.47,0.009,-0.62,FALSE,FALSE
"FBRS",0.93,1.3,0.009,-0.45,FALSE,FALSE
"CMTM3",0.93,1.64,0.009,-0.76,FALSE,FALSE
"RPTOR",0.93,1.43,0.009,-0.58,FALSE,FALSE
"RIOK3",0.93,1.45,0.009,-0.6,FALSE,FALSE
"RANBP3",0.93,1.71,0.009,-0.81,FALSE,FALSE
"ZNF358",0.93,1.42,0.009,-0.55,FALSE,FALSE
"FBXL12",0.93,1.34,0.009,-0.49,FALSE,FALSE
"BCL2L13",0.93,1.63,0.009,-0.75,FALSE,FALSE
"PITPNB",0.93,1.49,0.009,-0.62,FALSE,FALSE
"UQCR10",0.93,1.46,0.009,-0.6,FALSE,FALSE
"HMGN1",0.93,1.48,0.009,-0.61,FALSE,FALSE
"MX1",0.93,1.52,0.009,-0.65,FALSE,FALSE
"LEPROT",0.92,1.65,0.009,-0.78,FALSE,FALSE
"STX6",0.92,1.55,0.009,-0.7,FALSE,FALSE
"CLIP4",0.92,1.35,0.009,-0.5,FALSE,FALSE
"SEC13",0.92,1.58,0.009,-0.73,FALSE,FALSE
"COX17",0.92,1.35,0.009,-0.51,FALSE,FALSE
"LRRC58",0.92,1.44,0.009,-0.59,FALSE,FALSE
"PAPSS1",0.92,1.43,0.009,-0.59,FALSE,FALSE
"MOCS2",0.92,1.47,0.009,-0.63,FALSE,FALSE
"BTN3A2",0.92,1.78,0.009,-0.88,FALSE,FALSE
"PFDN6",0.92,1.47,0.009,-0.62,FALSE,FALSE
"EIF2AK1",0.92,1.43,0.009,-0.58,FALSE,FALSE
"ABCB7",0.92,1.35,0.009,-0.51,FALSE,FALSE
"FAM199X",0.92,1.53,0.009,-0.67,FALSE,FALSE
"DKC1",0.92,1.71,0.009,-0.82,FALSE,FALSE
"DCTN6",0.92,1.4,0.009,-0.56,FALSE,FALSE
"SMIM19",0.92,1.37,0.009,-0.53,FALSE,FALSE
"KLF10",0.92,1.6,0.009,-0.74,FALSE,FALSE
"UGCG",0.92,2.07,0.009,-1.09,FALSE,FALSE
"HSDL2",0.92,1.48,0.009,-0.64,FALSE,FALSE
"PTPA",0.92,1.52,0.009,-0.67,FALSE,FALSE
"CD248",0.92,1.38,0.009,-0.54,FALSE,FALSE
"AFAP1L2",0.92,1.67,0.009,-0.79,FALSE,FALSE
"RGS10",0.92,1.49,0.009,-0.64,FALSE,FALSE
"RB1",0.92,1.53,0.009,-0.67,FALSE,FALSE
"RTRAF",0.92,1.6,0.009,-0.74,FALSE,FALSE
"SETD3",0.92,1.64,0.009,-0.77,FALSE,FALSE
"ARHGAP17",0.92,1.66,0.009,-0.79,FALSE,FALSE
"EZH1",0.92,1.54,0.009,-0.69,FALSE,FALSE
"OGFR",0.92,1.7,0.009,-0.82,FALSE,FALSE
"CRKL",0.92,1.39,0.009,-0.55,FALSE,FALSE
"IGLC1",0.92,2.15,0.014,-1.14,FALSE,FALSE
"EPB41",0.91,1.38,0.009,-0.55,FALSE,FALSE
"GBP1",0.91,1.61,0.009,-0.75,FALSE,FALSE
"HSPD1",0.91,1.38,0.009,-0.55,FALSE,FALSE
"LANCL1",0.91,1.42,0.009,-0.58,FALSE,FALSE
"LZTFL1",0.91,1.23,0.009,-0.4,FALSE,FALSE
"ISY1",0.91,1.41,0.009,-0.58,FALSE,FALSE
"PAM",0.91,2,0.009,-1.06,FALSE,FALSE
"PRRC1",0.91,1.43,0.009,-0.6,FALSE,FALSE
"SYAP1",0.91,1.21,0.009,-0.38,FALSE,FALSE
"PSMD10",0.91,1.42,0.009,-0.6,FALSE,FALSE
"TUSC3",0.91,1.47,0.009,-0.64,FALSE,FALSE
"GTF2E2",0.91,1.67,0.009,-0.8,FALSE,FALSE
"GEM",0.91,1.42,0.009,-0.58,FALSE,FALSE
"NDRG1",0.91,1.59,0.009,-0.75,FALSE,FALSE
"ERCC6L2",0.91,1.3,0.009,-0.48,FALSE,FALSE
"TAF10",0.91,1.8,0.009,-0.91,FALSE,FALSE
"TMEM109",0.91,1.44,0.009,-0.61,FALSE,FALSE
"ATXN2",0.91,1.66,0.009,-0.8,FALSE,FALSE
"BAG5",0.91,1.49,0.009,-0.64,FALSE,FALSE
"GNB5",0.91,1.74,0.009,-0.87,FALSE,FALSE
"IDH3A",0.91,1.4,0.009,-0.58,FALSE,FALSE
"HDGFL3",0.91,1.49,0.009,-0.65,FALSE,FALSE
"TXNDC11",0.91,1.72,0.009,-0.85,FALSE,FALSE
"SLC7A6",0.91,1.42,0.009,-0.59,FALSE,FALSE
"COX4I1",0.91,1.65,0.009,-0.79,FALSE,FALSE
"FMNL1",0.91,1.67,0.009,-0.81,FALSE,FALSE
"RALGAPB",0.91,1.54,0.009,-0.7,FALSE,FALSE
"RNF114",0.91,1.51,0.009,-0.67,FALSE,FALSE
"BCAS4",0.91,1.78,0.009,-0.89,FALSE,FALSE
"LSM14B",0.91,1.55,0.009,-0.71,FALSE,FALSE
"ATP5F1D",0.91,1.49,0.009,-0.65,FALSE,FALSE
"RAB8A",0.91,1.58,0.009,-0.73,FALSE,FALSE
"IFI30",0.91,1.69,0.009,-0.82,FALSE,FALSE
"UTY",0.91,1.41,0.009,-0.57,FALSE,FALSE
"USP16",0.91,1.48,0.009,-0.64,FALSE,FALSE
"SDHB",0.9,1.54,0.009,-0.71,FALSE,FALSE
"TRIM33",0.9,1.32,0.009,-0.51,FALSE,FALSE
"NRAS",0.9,1.63,0.009,-0.79,FALSE,FALSE
"NES",0.9,1.74,0.009,-0.88,FALSE,FALSE
"NENF",0.9,1.69,0.009,-0.84,FALSE,FALSE
"MIA3",0.9,1.48,0.009,-0.66,FALSE,FALSE
"TTC7A",0.9,1.28,0.009,-0.46,FALSE,FALSE
"REV1",0.9,1.37,0.009,-0.56,FALSE,FALSE
"FAM168B",0.9,1.57,0.009,-0.74,FALSE,FALSE
"MYO1B",0.9,1.62,0.009,-0.79,FALSE,FALSE
"IMPDH2",0.9,1.49,0.009,-0.68,FALSE,FALSE
"RBM6",0.9,1.41,0.009,-0.59,FALSE,FALSE
"ARL6IP5",0.9,1.47,0.009,-0.65,FALSE,FALSE
"XRN1",0.9,1.42,0.009,-0.6,FALSE,FALSE
"PHC3",0.9,1.41,0.009,-0.6,FALSE,FALSE
"DCAF16",0.9,1.43,0.009,-0.61,FALSE,FALSE
"PDGFRA",0.9,1.95,0.009,-1.03,FALSE,FALSE
"GRSF1",0.9,1.46,0.009,-0.64,FALSE,FALSE
"FER",0.9,1.45,0.009,-0.62,FALSE,FALSE
"CYSTM1",0.9,1.48,0.009,-0.66,FALSE,FALSE
"TNFRSF21",0.9,1.5,0.009,-0.68,FALSE,FALSE
"ARHGAP4",0.9,1.51,0.009,-0.69,FALSE,FALSE
"GAS1",0.9,1.48,0.009,-0.66,FALSE,FALSE
"NAP1L4",0.9,1.75,0.009,-0.88,FALSE,FALSE
"TMEM9B",0.9,1.36,0.009,-0.55,FALSE,FALSE
"C11orf54",0.9,1.48,0.009,-0.66,FALSE,FALSE
"UPF2",0.9,1.26,0.009,-0.45,FALSE,FALSE
"ITGB1",0.9,1.45,0.009,-0.63,FALSE,FALSE
"NCAPD2",0.9,1.31,0.009,-0.5,FALSE,FALSE
"CNPY2",0.9,1.61,0.009,-0.77,FALSE,FALSE
"CAMKK2",0.9,1.41,0.009,-0.6,FALSE,FALSE
"ZNF410",0.9,1.39,0.009,-0.57,FALSE,FALSE
"TJP1",0.9,1.63,0.009,-0.79,FALSE,FALSE
"EMC7",0.9,1.38,0.009,-0.56,FALSE,FALSE
"CCNDBP1",0.9,1.62,0.009,-0.78,FALSE,FALSE
"FAM214A",0.9,1.67,0.009,-0.83,FALSE,FALSE
"TERF2",0.9,1.17,0.009,-0.35,FALSE,FALSE
"CRISPLD2",0.9,1.49,0.009,-0.66,FALSE,FALSE
"MYO1C",0.9,1.34,0.009,-0.53,FALSE,FALSE
"PSMB6",0.9,1.32,0.009,-0.5,FALSE,FALSE
"ZBTB4",0.9,1.47,0.009,-0.65,FALSE,FALSE
"TMUB2",0.9,1.38,0.009,-0.57,FALSE,FALSE
"DDRGK1",0.9,1.53,0.009,-0.7,FALSE,FALSE
"EYA2",0.9,1.43,0.009,-0.61,FALSE,FALSE
"NOP53",0.9,1.72,0.009,-0.87,FALSE,FALSE
"KIAA1671",0.9,1.55,0.009,-0.72,FALSE,FALSE
"APOL2",0.9,1.5,0.009,-0.67,FALSE,FALSE
"KIF1B",0.89,1.26,0.009,-0.46,FALSE,FALSE
"STX12",0.89,1.4,0.009,-0.6,FALSE,FALSE
"DNTTIP2",0.89,1.48,0.009,-0.68,FALSE,FALSE
"CD46",0.89,1.49,0.009,-0.69,FALSE,FALSE
"NSL1",0.89,1.3,0.009,-0.5,FALSE,FALSE
"PSD4",0.89,1.39,0.009,-0.59,FALSE,FALSE
"NOP58",0.89,1.39,0.009,-0.59,FALSE,FALSE
"QRICH1",0.89,1.61,0.009,-0.79,FALSE,FALSE
"DENND6A",0.89,1.4,0.009,-0.61,FALSE,FALSE
"ROBO1",0.89,1.72,0.009,-0.87,FALSE,FALSE
"SLC9A9",0.89,1.68,0.009,-0.85,FALSE,FALSE
"OCIAD1",0.89,1.47,0.009,-0.67,FALSE,FALSE
"RASSF6",0.89,1.2,0.009,-0.39,FALSE,FALSE
"GALNT7",0.89,1.1,0.009,-0.28,FALSE,FALSE
"MCCC2",0.89,1.49,0.009,-0.68,FALSE,FALSE
"HSPA9",0.89,1.25,0.009,-0.45,FALSE,FALSE
"CXXC5",0.89,1.26,0.009,-0.47,FALSE,FALSE
"IK",0.89,1.43,0.009,-0.64,FALSE,FALSE
"FOXP4",0.89,1.32,0.009,-0.53,FALSE,FALSE
"MAP3K7",0.89,1.52,0.009,-0.71,FALSE,FALSE
"PTPRK",0.89,1.41,0.009,-0.61,FALSE,FALSE
"GINM1",0.89,1.6,0.009,-0.79,FALSE,FALSE
"WIPI2",0.89,1.49,0.009,-0.68,FALSE,FALSE
"CDK14",0.89,1.56,0.009,-0.74,FALSE,FALSE
"PEG10",0.89,1.44,0.009,-0.64,FALSE,FALSE
"NDUFB2",0.89,1.49,0.009,-0.69,FALSE,FALSE
"GPC3",0.89,1.54,0.009,-0.72,FALSE,FALSE
"RAB2A",0.89,1.45,0.009,-0.65,FALSE,FALSE
"VPS28",0.89,1.56,0.009,-0.74,FALSE,FALSE
"FGD3",0.89,1.26,0.009,-0.45,FALSE,FALSE
"NDUFA8",0.89,1.3,0.009,-0.5,FALSE,FALSE
"NUP188",0.89,1.29,0.009,-0.48,FALSE,FALSE
"FBXW5",0.89,1.43,0.009,-0.62,FALSE,FALSE
"PACS1",0.89,1.37,0.009,-0.57,FALSE,FALSE
"RSF1",0.89,1.37,0.009,-0.57,FALSE,FALSE
"VDAC2",0.89,1.41,0.009,-0.61,FALSE,FALSE
"FGFR2",0.89,1.62,0.009,-0.8,FALSE,FALSE
"AAAS",0.89,1.38,0.009,-0.57,FALSE,FALSE
"ZDHHC20",0.89,1.34,0.009,-0.53,FALSE,FALSE
"HECTD1",0.89,1.59,0.009,-0.77,FALSE,FALSE
"IGHG3",0.89,1.96,0.023,-1.06,FALSE,FALSE
"RASGRP1",0.89,1.34,0.009,-0.53,FALSE,FALSE
"IDH2",0.89,1.42,0.009,-0.62,FALSE,FALSE
"CDH1",0.89,1.55,0.009,-0.73,FALSE,FALSE
"COG4",0.89,1.63,0.009,-0.8,FALSE,FALSE
"EFTUD2",0.89,1.26,0.009,-0.46,FALSE,FALSE
"SCRN2",0.89,1.33,0.009,-0.53,FALSE,FALSE
"MBTD1",0.89,1.45,0.009,-0.64,FALSE,FALSE
"CBX4",0.89,1.26,0.009,-0.47,FALSE,FALSE
"DUS1L",0.89,1.6,0.009,-0.79,FALSE,FALSE
"ZNF24",0.89,1.31,0.009,-0.51,FALSE,FALSE
"CCDC9",0.89,1.66,0.009,-0.84,FALSE,FALSE
"SNRNP70",0.89,1.64,0.009,-0.81,FALSE,FALSE
"ZNF544",0.89,1.38,0.009,-0.59,FALSE,FALSE
"EIF3D",0.89,1.68,0.009,-0.86,FALSE,FALSE
"ATF4",0.89,1.35,0.009,-0.55,FALSE,FALSE
"DNAJB4",0.88,1.42,0.009,-0.63,FALSE,FALSE
"CEP68",0.88,1.64,0.009,-0.83,FALSE,FALSE
"IP6K2",0.88,1.28,0.009,-0.5,FALSE,FALSE
"ABTB1",0.88,1.37,0.009,-0.6,FALSE,FALSE
"ATP5ME",0.88,1.5,0.009,-0.72,FALSE,FALSE
"SLBP",0.88,1.36,0.009,-0.57,FALSE,FALSE
"PPP1R18",0.88,1.84,0.009,-0.99,FALSE,FALSE
"KCTD20",0.88,1.42,0.009,-0.64,FALSE,FALSE
"SEC63",0.88,1.61,0.009,-0.8,FALSE,FALSE
"MPC1",0.88,1.42,0.009,-0.63,FALSE,FALSE
"FOXK1",0.88,1.58,0.009,-0.78,FALSE,FALSE
"MDFIC",0.88,1.72,0.009,-0.9,FALSE,FALSE
"ZC3HAV1",0.88,1.6,0.009,-0.79,FALSE,FALSE
"RB1CC1",0.88,1.44,0.009,-0.65,FALSE,FALSE
"PAXX",0.88,1.74,0.009,-0.9,FALSE,FALSE
"PRCP",0.88,1.9,0.009,-1.04,FALSE,FALSE
"FAM107B",0.88,1.6,0.009,-0.79,FALSE,FALSE
"PTEN",0.88,1.41,0.009,-0.62,FALSE,FALSE
"LIPA",0.88,1.45,0.009,-0.66,FALSE,FALSE
"GSTO1",0.88,1.08,0.009,-0.27,FALSE,FALSE
"ZNF384",0.88,1.38,0.009,-0.6,FALSE,FALSE
"C1RL",0.88,1.62,0.009,-0.81,FALSE,FALSE
"DAZAP2",0.88,1.65,0.009,-0.85,FALSE,FALSE
"CORO1C",0.88,1.38,0.009,-0.59,FALSE,FALSE
"TUBGCP3",0.88,1.45,0.009,-0.67,FALSE,FALSE
"SPNS1",0.88,1.38,0.009,-0.6,FALSE,FALSE
"C17orf49",0.88,1.64,0.009,-0.84,FALSE,FALSE
"BLMH",0.88,1.38,0.009,-0.6,FALSE,FALSE
"DNAJC7",0.88,1.35,0.009,-0.57,FALSE,FALSE
"TOB1",0.88,1.48,0.009,-0.69,FALSE,FALSE
"KEAP1",0.88,1.43,0.009,-0.63,FALSE,FALSE
"SUPT5H",0.88,1.46,0.009,-0.66,FALSE,FALSE
"MEF2D",0.87,1.38,0.009,-0.61,FALSE,FALSE
"SEMA4C",0.87,1.4,0.009,-0.63,FALSE,FALSE
"COPB2",0.87,1.34,0.009,-0.57,FALSE,FALSE
"CPA3",0.87,1.33,0.009,-0.56,FALSE,FALSE
"CLCN3",0.87,1.26,0.009,-0.49,FALSE,FALSE
"IRF1",0.87,1.6,0.009,-0.82,FALSE,FALSE
"NBN",0.87,1.26,0.009,-0.49,FALSE,FALSE
"TTC17",0.87,1.58,0.009,-0.8,FALSE,FALSE
"FNBP4",0.87,1.38,0.009,-0.61,FALSE,FALSE
"BCL9L",0.87,1.65,0.009,-0.85,FALSE,FALSE
"ITIH5",0.87,1.44,0.009,-0.67,FALSE,FALSE
"TIAL1",0.87,1.45,0.009,-0.68,FALSE,FALSE
"CHST11",0.87,1.39,0.009,-0.62,FALSE,FALSE
"C12orf75",0.87,1.02,0.009,-0.21,FALSE,FALSE
"ACIN1",0.87,1.33,0.009,-0.56,FALSE,FALSE
"SPTSSA",0.87,1.39,0.009,-0.62,FALSE,FALSE
"ARID4A",0.87,1.34,0.009,-0.56,FALSE,FALSE
"RDH11",0.87,1.42,0.009,-0.65,FALSE,FALSE
"DCAF5",0.87,1.41,0.009,-0.64,FALSE,FALSE
"CSK",0.87,1.58,0.009,-0.79,FALSE,FALSE
"IGF1R",0.87,1.34,0.009,-0.57,FALSE,FALSE
"STX4",0.87,1.54,0.009,-0.75,FALSE,FALSE
"ELAC2",0.87,1.4,0.009,-0.63,FALSE,FALSE
"RSAD1",0.87,1.5,0.009,-0.72,FALSE,FALSE
"VMP1",0.87,1.51,0.009,-0.73,FALSE,FALSE
"USP32",0.87,1.44,0.009,-0.67,FALSE,FALSE
"GPCPD1",0.87,1.44,0.009,-0.67,FALSE,FALSE
"GTF2F1",0.87,1.26,0.009,-0.48,FALSE,FALSE
"PTTG1IP",0.87,1.5,0.009,-0.72,FALSE,FALSE
"TPRG1L",0.86,1.19,0.009,-0.44,FALSE,FALSE
"CMPK1",0.86,1.37,0.009,-0.62,FALSE,FALSE
"SH3GLB1",0.86,1.5,0.009,-0.74,FALSE,FALSE
"PHGDH",0.86,1.22,0.009,-0.46,FALSE,FALSE
"RNF115",0.86,1.5,0.009,-0.74,FALSE,FALSE
"NCSTN",0.86,1.55,0.009,-0.78,FALSE,FALSE
"EDEM3",0.86,1.51,0.009,-0.75,FALSE,FALSE
"PPP1R15B",0.86,1.32,0.009,-0.57,FALSE,FALSE
"LYST",0.86,1.27,0.009,-0.51,FALSE,FALSE
"TRAPPC12",0.86,1.26,0.009,-0.51,FALSE,FALSE
"DGUOK",0.86,1.45,0.009,-0.69,FALSE,FALSE
"ACTR1B",0.86,1.49,0.009,-0.72,FALSE,FALSE
"TMEM131",0.86,1.28,0.009,-0.52,FALSE,FALSE
"ORMDL1",0.86,1.43,0.009,-0.68,FALSE,FALSE
"LRRFIP1",0.86,1.57,0.009,-0.79,FALSE,FALSE
"RFTN1",0.86,1.32,0.009,-0.56,FALSE,FALSE
"ARMC8",0.86,1.45,0.009,-0.69,FALSE,FALSE
"TNFSF10",0.86,1.91,0.009,-1.06,FALSE,FALSE
"SENP2",0.86,1.5,0.009,-0.73,FALSE,FALSE
"ATP6V0E1",0.86,1.73,0.009,-0.93,FALSE,FALSE
"MAPK14",0.86,1.42,0.009,-0.65,FALSE,FALSE
"CTSL",0.86,1.48,0.009,-0.72,FALSE,FALSE
"ABL1",0.86,1.11,0.009,-0.32,FALSE,FALSE
"TALDO1",0.86,1.43,0.009,-0.67,FALSE,FALSE
"SERPINH1",0.86,1.76,0.009,-0.95,FALSE,FALSE
"SRSF8",0.86,1.34,0.009,-0.58,FALSE,FALSE
"MTMR2",0.86,1.31,0.009,-0.56,FALSE,FALSE
"HERC4",0.86,1.22,0.009,-0.45,FALSE,FALSE
"CREBL2",0.86,1.18,0.009,-0.41,FALSE,FALSE
"MDM2",0.86,1.6,0.009,-0.83,FALSE,FALSE
"ULK1",0.86,1.38,0.009,-0.61,FALSE,FALSE
"DENND4A",0.86,1.7,0.009,-0.9,FALSE,FALSE
"FOXN1",0.86,1.35,0.009,-0.59,FALSE,FALSE
"ORMDL3",0.86,1.32,0.009,-0.56,FALSE,FALSE
"SEH1L",0.86,1.38,0.009,-0.63,FALSE,FALSE
"DDX27",0.86,1.33,0.009,-0.57,FALSE,FALSE
"B4GALT5",0.86,1.31,0.009,-0.55,FALSE,FALSE
"R3HDM4",0.86,1.75,0.009,-0.94,FALSE,FALSE
"GAMT",0.86,1.29,0.009,-0.54,FALSE,FALSE
"ERF",0.86,1.51,0.009,-0.75,FALSE,FALSE
"KPNA6",0.85,1.39,0.008,-0.65,FALSE,FALSE
"USP33",0.85,1.29,0.008,-0.55,FALSE,FALSE
"DDR2",0.85,1.27,0.009,-0.53,FALSE,FALSE
"PTPN7",0.85,1.36,0.008,-0.63,FALSE,FALSE
"TMEM63A",0.85,1.36,0.008,-0.62,FALSE,FALSE
"ROCK2",0.85,1.32,0.009,-0.57,FALSE,FALSE
"PRKD3",0.85,1.39,0.009,-0.65,FALSE,FALSE
"SLC20A1",0.85,1.3,0.009,-0.56,FALSE,FALSE
"TADA3",0.85,1.47,0.008,-0.73,FALSE,FALSE
"TTLL3",0.85,1.05,0.008,-0.27,FALSE,FALSE
"RHOH",0.85,1.34,0.008,-0.6,FALSE,FALSE
"USP53",0.85,1.27,0.009,-0.52,FALSE,FALSE
"TENT2",0.85,1.32,0.009,-0.58,FALSE,FALSE
"LARS1",0.85,1.44,0.009,-0.7,FALSE,FALSE
"RBM27",0.85,1.46,0.009,-0.71,FALSE,FALSE
"MYLIP",0.85,1.54,0.009,-0.79,FALSE,FALSE
"RRP36",0.85,1.43,0.009,-0.69,FALSE,FALSE
"SNX14",0.85,1.37,0.008,-0.63,FALSE,FALSE
"PM20D2",0.85,1.16,0.009,-0.4,FALSE,FALSE
"PALM2AKAP2",0.85,1.72,0.009,-0.95,FALSE,FALSE
"ABLIM1",0.85,1.55,0.008,-0.8,FALSE,FALSE
"EEF1AKMT2",0.85,1.4,0.008,-0.66,FALSE,FALSE
"GLRX5",0.85,1.18,0.008,-0.43,FALSE,FALSE
"DPH6",0.85,1.44,0.008,-0.71,FALSE,FALSE
"SPPL2A",0.85,1.36,0.009,-0.63,FALSE,FALSE
"USP3",0.85,1.47,0.008,-0.73,FALSE,FALSE
"HMG20A",0.85,1.39,0.009,-0.64,FALSE,FALSE
"MRTFB",0.85,1.62,0.008,-0.85,FALSE,FALSE
"SAT2",0.85,1.34,0.008,-0.6,FALSE,FALSE
"ALDH3A2",0.85,1.31,0.008,-0.57,FALSE,FALSE
"ARHGDIA",0.85,1.61,0.009,-0.84,FALSE,FALSE
"PTPN2",0.85,1.27,0.008,-0.53,FALSE,FALSE
"TCEA2",0.85,1.2,0.009,-0.45,FALSE,FALSE
"DDX39A",0.85,1.66,0.009,-0.88,FALSE,FALSE
"AKAP8L",0.85,1.31,0.008,-0.57,FALSE,FALSE
"MAP4K1",0.85,1.6,0.009,-0.83,FALSE,FALSE
"AXL",0.85,1.25,0.009,-0.5,FALSE,FALSE
"ZNF606",0.85,1.34,0.009,-0.6,FALSE,FALSE
"PI4KA",0.85,1.2,0.009,-0.45,FALSE,FALSE
"C21orf91",0.85,1.45,0.009,-0.7,FALSE,FALSE
"FBXO44",0.84,1.48,0.008,-0.75,FALSE,FALSE
"TMEM35B",0.84,1.46,0.008,-0.74,FALSE,FALSE
"PRPF38A",0.84,1.33,0.008,-0.6,FALSE,FALSE
"DPY30",0.84,1.3,0.008,-0.57,FALSE,FALSE
"AFTPH",0.84,1.54,0.008,-0.81,FALSE,FALSE
"DBI",0.84,1.28,0.008,-0.56,FALSE,FALSE
"MCM6",0.84,1.29,0.008,-0.57,FALSE,FALSE
"NAB1",0.84,1.18,0.008,-0.45,FALSE,FALSE
"USP40",0.84,1.5,0.008,-0.78,FALSE,FALSE
"TMEM43",0.84,1.4,0.008,-0.67,FALSE,FALSE
"UBP1",0.84,1.58,0.008,-0.84,FALSE,FALSE
"RNF13",0.84,1.49,0.008,-0.76,FALSE,FALSE
"FNDC3B",0.84,1.43,0.008,-0.7,FALSE,FALSE
"SEPTIN11",0.84,1.48,0.008,-0.76,FALSE,FALSE
"POLK",0.84,1.37,0.008,-0.64,FALSE,FALSE
"HDAC3",0.84,1.48,0.008,-0.75,FALSE,FALSE
"DOCK2",0.84,1.33,0.008,-0.61,FALSE,FALSE
"HEBP2",0.84,1.34,0.008,-0.62,FALSE,FALSE
"TAX1BP1",0.84,1.34,0.008,-0.62,FALSE,FALSE
"VIRMA",0.84,1.39,0.008,-0.67,FALSE,FALSE
"SWAP70",0.84,1.94,0.008,-1.12,FALSE,FALSE
"RTN3",0.84,1.55,0.008,-0.81,FALSE,FALSE
"FRMD4A",0.84,1.18,0.008,-0.45,FALSE,FALSE
"CUTC",0.84,1.29,0.008,-0.57,FALSE,FALSE
"LPCAT3",0.84,1.16,0.008,-0.42,FALSE,FALSE
"SUGT1",0.84,1.45,0.008,-0.73,FALSE,FALSE
"RAB2B",0.84,1.43,0.008,-0.7,FALSE,FALSE
"VPS39",0.84,1.34,0.008,-0.62,FALSE,FALSE
"UBL7",0.84,1.44,0.008,-0.71,FALSE,FALSE
"PPL",0.84,1.52,0.008,-0.78,FALSE,FALSE
"KIAA0100",0.84,1.41,0.008,-0.68,FALSE,FALSE
"GNA13",0.84,1.34,0.008,-0.62,FALSE,FALSE
"MYO15B",0.84,1.43,0.008,-0.7,FALSE,FALSE
"TBCD",0.84,1.44,0.008,-0.72,FALSE,FALSE
"SETBP1",0.84,1.24,0.008,-0.51,FALSE,FALSE
"NDRG3",0.84,1.35,0.008,-0.63,FALSE,FALSE
"RIPOR3",0.84,1.16,0.008,-0.43,FALSE,FALSE
"AP1M1",0.84,1.3,0.008,-0.57,FALSE,FALSE
"EPS15L1",0.84,1.31,0.008,-0.6,FALSE,FALSE
"PIK3R2",0.84,1.4,0.008,-0.68,FALSE,FALSE
"PRKD2",0.84,1.72,0.008,-0.95,FALSE,FALSE
"PPP1R15A",0.84,1.19,0.008,-0.46,FALSE,FALSE
"NRIP1",0.84,1.46,0.008,-0.74,FALSE,FALSE
"CCT8",0.84,1.58,0.008,-0.84,FALSE,FALSE
"SSU72",0.83,1.17,0.008,-0.45,FALSE,FALSE
"RUSC1",0.83,1.13,0.008,-0.4,FALSE,FALSE
"SLC30A1",0.83,1.61,0.008,-0.88,FALSE,FALSE
"AAK1",0.83,1.41,0.008,-0.69,FALSE,FALSE
"HAT1",0.83,1.17,0.008,-0.45,FALSE,FALSE
"SP110",0.83,1.69,0.008,-0.94,FALSE,FALSE
"ITPR1",0.83,1.44,0.008,-0.73,FALSE,FALSE
"DCK",0.83,1.49,0.008,-0.77,FALSE,FALSE
"PDE5A",0.83,1.13,0.008,-0.41,FALSE,FALSE
"IRF2",0.83,1.34,0.008,-0.62,FALSE,FALSE
"BDP1",0.83,1.47,0.008,-0.76,FALSE,FALSE
"C7orf50",0.83,1.47,0.008,-0.75,FALSE,FALSE
"SSR4",0.83,1.64,0.008,-0.9,FALSE,FALSE
"SCARA3",0.83,1.42,0.008,-0.71,FALSE,FALSE
"EBAG9",0.83,1.34,0.008,-0.63,FALSE,FALSE
"MYC",0.83,1.42,0.008,-0.7,FALSE,FALSE
"MOB2",0.83,1.18,0.008,-0.46,FALSE,FALSE
"CTR9",0.83,1.3,0.008,-0.59,FALSE,FALSE
"NDUFS3",0.83,1.3,0.008,-0.59,FALSE,FALSE
"PPP2R1B",0.83,1.41,0.008,-0.7,FALSE,FALSE
"LARP4B",0.83,1.45,0.008,-0.73,FALSE,FALSE
"MCMBP",0.83,1.37,0.008,-0.66,FALSE,FALSE
"KDM5A",0.83,1.38,0.008,-0.67,FALSE,FALSE
"CCND2",0.83,1.51,0.008,-0.79,FALSE,FALSE
"PA2G4",0.83,1.32,0.008,-0.61,FALSE,FALSE
"SBNO1",0.83,1.35,0.008,-0.64,FALSE,FALSE
"PAN3",0.83,1.63,0.008,-0.89,FALSE,FALSE
"IL16",0.83,1.61,0.008,-0.88,FALSE,FALSE
"VPS35L",0.83,1.31,0.008,-0.6,FALSE,FALSE
"SLC12A4",0.83,1.39,0.008,-0.68,FALSE,FALSE
"CRK",0.83,1.38,0.008,-0.67,FALSE,FALSE
"NCOR1",0.83,1.74,0.008,-0.98,FALSE,FALSE
"SLC46A1",0.83,1.18,0.008,-0.46,FALSE,FALSE
"SLC25A39",0.83,1.61,0.008,-0.88,FALSE,FALSE
"TRAPPC8",0.83,1.4,0.008,-0.69,FALSE,FALSE
"CHD6",0.83,1.19,0.008,-0.47,FALSE,FALSE
"PAF1",0.83,1.28,0.008,-0.56,FALSE,FALSE
"SYMPK",0.83,1.45,0.008,-0.74,FALSE,FALSE
"GABPA",0.83,1.36,0.008,-0.66,FALSE,FALSE
"AGPAT3",0.83,1.38,0.008,-0.67,FALSE,FALSE
"ACAP3",0.82,1.3,0.008,-0.6,FALSE,FALSE
"PRDM2",0.82,1.24,0.008,-0.54,FALSE,FALSE
"MOV10",0.82,1.26,0.008,-0.56,FALSE,FALSE
"CEP350",0.82,1.39,0.008,-0.7,FALSE,FALSE
"CYB5R1",0.82,1.5,0.008,-0.79,FALSE,FALSE
"SRP9",0.82,1.32,0.008,-0.62,FALSE,FALSE
"WDR43",0.82,1.26,0.008,-0.57,FALSE,FALSE
"HEATR5B",0.82,1.32,0.008,-0.63,FALSE,FALSE
"DUSP11",0.82,1.37,0.008,-0.67,FALSE,FALSE
"IWS1",0.82,1.49,0.008,-0.8,FALSE,FALSE
"OXNAD1",0.82,1.73,0.008,-0.99,FALSE,FALSE
"LRIG1",0.82,1.37,0.008,-0.68,FALSE,FALSE
"DCBLD2",0.82,1.24,0.008,-0.54,FALSE,FALSE
"SNX4",0.82,1.4,0.008,-0.71,FALSE,FALSE
"PDCD10",0.82,1.41,0.008,-0.7,FALSE,FALSE
"CHIC2",0.82,1.18,0.008,-0.48,FALSE,FALSE
"PRKAA1",0.82,1.45,0.008,-0.75,FALSE,FALSE
"PLPP1",0.82,1.54,0.008,-0.82,FALSE,FALSE
"TNIP1",0.82,1.45,0.008,-0.76,FALSE,FALSE
"HMGN3",0.82,1.26,0.008,-0.57,FALSE,FALSE
"CEP85L",0.82,1.14,0.008,-0.43,FALSE,FALSE
"HERPUD2",0.82,1.37,0.008,-0.67,FALSE,FALSE
"IFRD1",0.82,1.17,0.008,-0.47,FALSE,FALSE
"NDUFB11",0.82,1.24,0.008,-0.54,FALSE,FALSE
"PLPBP",0.82,1.49,0.008,-0.78,FALSE,FALSE
"FGFR1",0.82,1.34,0.008,-0.65,FALSE,FALSE
"PLAT",0.82,1.69,0.008,-0.95,FALSE,FALSE
"KIAA2026",0.82,1.35,0.008,-0.65,FALSE,FALSE
"NCBP1",0.82,1.18,0.008,-0.47,FALSE,FALSE
"TRIM14",0.82,1.38,0.008,-0.68,FALSE,FALSE
"PPP6R3",0.82,1.3,0.008,-0.61,FALSE,FALSE
"H2AJ",0.82,1.28,0.008,-0.59,FALSE,FALSE
"DNM1L",0.82,1.41,0.008,-0.71,FALSE,FALSE
"SUDS3",0.82,1.32,0.008,-0.63,FALSE,FALSE
"PSPC1",0.82,1.4,0.008,-0.71,FALSE,FALSE
"RNASE4",0.82,1.39,0.008,-0.7,FALSE,FALSE
"ATXN3",0.82,1.43,0.008,-0.72,FALSE,FALSE
"PPP2R5C",0.82,1.32,0.008,-0.62,FALSE,FALSE
"ISG20",0.82,1.58,0.008,-0.87,FALSE,FALSE
"KREMEN2",0.82,1.43,0.008,-0.73,FALSE,FALSE
"CREBBP",0.82,1.33,0.008,-0.63,FALSE,FALSE
"CBFA2T3",0.82,1.28,0.008,-0.58,FALSE,FALSE
"CRLF3",0.82,1.27,0.008,-0.58,FALSE,FALSE
"RARA",0.82,1.28,0.008,-0.59,FALSE,FALSE
"GOSR2",0.82,1.46,0.008,-0.76,FALSE,FALSE
"ENOSF1",0.82,1.21,0.008,-0.51,FALSE,FALSE
"SMCHD1",0.82,1.44,0.008,-0.74,FALSE,FALSE
"ANKRD12",0.82,1.21,0.008,-0.5,FALSE,FALSE
"PKIG",0.82,1.49,0.008,-0.79,FALSE,FALSE
"CTSA",0.82,1.62,0.008,-0.91,FALSE,FALSE
"VAPB",0.82,1.32,0.008,-0.62,FALSE,FALSE
"PET100",0.82,1.35,0.008,-0.66,FALSE,FALSE
"POLR2I",0.82,1.14,0.008,-0.43,FALSE,FALSE
"GTPBP1",0.82,1.38,0.008,-0.69,FALSE,FALSE
"NUP133",0.81,1.34,0.008,-0.66,FALSE,FALSE
"PREPL",0.81,1.13,0.008,-0.44,FALSE,FALSE
"GFPT1",0.81,1.27,0.008,-0.58,FALSE,FALSE
"CAPG",0.81,1.62,0.008,-0.92,FALSE,FALSE
"CREB1",0.81,1.36,0.008,-0.68,FALSE,FALSE
"USP4",0.81,1.2,0.008,-0.52,FALSE,FALSE
"FILIP1L",0.81,1.21,0.008,-0.52,FALSE,FALSE
"NUDT16",0.81,1.17,0.008,-0.49,FALSE,FALSE
"SLC25A36",0.81,1.36,0.008,-0.68,FALSE,FALSE
"TM4SF1",0.81,2.02,0.008,-1.21,FALSE,FALSE
"SLC12A7",0.81,1.33,0.008,-0.66,FALSE,FALSE
"DIMT1",0.81,1.41,0.008,-0.73,FALSE,FALSE
"TTC37",0.81,1.13,0.008,-0.44,FALSE,FALSE
"BRD8",0.81,1.15,0.008,-0.46,FALSE,FALSE
"PURA",0.81,1.43,0.008,-0.74,FALSE,FALSE
"NCOA7",0.81,1.82,0.008,-1.08,FALSE,FALSE
"PCMT1",0.81,1.3,0.008,-0.63,FALSE,FALSE
"KBTBD2",0.81,1.36,0.008,-0.69,FALSE,FALSE
"LSM8",0.81,1.24,0.008,-0.55,FALSE,FALSE
"PPP2R3B",0.81,1.06,0.008,-0.36,FALSE,FALSE
"IKBKG",0.81,1.41,0.008,-0.72,FALSE,FALSE
"PEX2",0.81,1.33,0.008,-0.66,FALSE,FALSE
"TAF2",0.81,1.34,0.008,-0.66,FALSE,FALSE
"COQ4",0.81,1.25,0.008,-0.57,FALSE,FALSE
"ANO9",0.81,1.1,0.008,-0.4,FALSE,FALSE
"HRAS",0.81,1.19,0.008,-0.5,FALSE,FALSE
"RIC3",0.81,1.39,0.008,-0.71,FALSE,FALSE
"OSBP",0.81,1.4,0.008,-0.72,FALSE,FALSE
"RNF169",0.81,1.33,0.008,-0.66,FALSE,FALSE
"SIK3",0.81,1.34,0.008,-0.67,FALSE,FALSE
"VWA2",0.81,1.36,0.008,-0.69,FALSE,FALSE
"CSAD",0.81,1.38,0.008,-0.71,FALSE,FALSE
"TBC1D15",0.81,1.48,0.008,-0.8,FALSE,FALSE
"MED13L",0.81,1.33,0.008,-0.65,FALSE,FALSE
"DNAJC15",0.81,1.32,0.008,-0.65,FALSE,FALSE
"DOCK9",0.81,1.59,0.008,-0.89,FALSE,FALSE
"CFL2",0.81,1.31,0.008,-0.63,FALSE,FALSE
"FOXN3",0.81,1.36,0.008,-0.68,FALSE,FALSE
"JAG2",0.81,1.36,0.008,-0.69,FALSE,FALSE
"MFAP1",0.81,1.27,0.008,-0.59,FALSE,FALSE
"SIN3A",0.81,1.45,0.008,-0.76,FALSE,FALSE
"TRAP1",0.81,1.44,0.008,-0.76,FALSE,FALSE
"CIITA",0.81,1.82,0.008,-1.08,FALSE,FALSE
"RSPRY1",0.81,1.26,0.008,-0.59,FALSE,FALSE
"MAP1LC3B",0.81,1.28,0.008,-0.6,FALSE,FALSE
"CNP",0.81,1.36,0.008,-0.68,FALSE,FALSE
"PGPEP1",0.81,1.19,0.008,-0.51,FALSE,FALSE
"WTIP",0.81,1.09,0.008,-0.38,FALSE,FALSE
"CLASRP",0.81,1.19,0.008,-0.51,FALSE,FALSE
"INPP5B",0.8,1.31,0.008,-0.66,FALSE,FALSE
"SVBP",0.8,1.12,0.008,-0.44,FALSE,FALSE
"MTF2",0.8,1.33,0.008,-0.68,FALSE,FALSE
"DHX9",0.8,1.28,0.008,-0.61,FALSE,FALSE
"DNMT3A",0.8,1.3,0.008,-0.63,FALSE,FALSE
"ZNF512",0.8,1.32,0.008,-0.66,FALSE,FALSE
"GNAI2",0.8,1.56,0.008,-0.88,FALSE,FALSE
"KPNA1",0.8,1.46,0.008,-0.8,FALSE,FALSE
"FAIM",0.8,1.3,0.008,-0.64,FALSE,FALSE
"KLF3",0.8,1.29,0.008,-0.63,FALSE,FALSE
"FAM172A",0.8,1.24,0.008,-0.57,FALSE,FALSE
"FNIP1",0.8,1.38,0.008,-0.73,FALSE,FALSE
"RAD50",0.8,1.36,0.008,-0.7,FALSE,FALSE
"SPOCK1",0.8,1.26,0.008,-0.59,FALSE,FALSE
"SLC35A4",0.8,1.39,0.008,-0.73,FALSE,FALSE
"TTC1",0.8,1.49,0.008,-0.82,FALSE,FALSE
"SERPINB9",0.8,1.36,0.008,-0.7,FALSE,FALSE
"MEA1",0.8,1.47,0.008,-0.8,FALSE,FALSE
"PTK7",0.8,1.17,0.008,-0.51,FALSE,FALSE
"ASF1A",0.8,1.16,0.008,-0.49,FALSE,FALSE
"SASH3",0.8,1.23,0.008,-0.56,FALSE,FALSE
"VCPIP1",0.8,1.23,0.008,-0.56,FALSE,FALSE
"INTS8",0.8,1.32,0.008,-0.66,FALSE,FALSE
"AZIN1",0.8,1.26,0.008,-0.6,FALSE,FALSE
"SNAPC3",0.8,1.34,0.008,-0.68,FALSE,FALSE
"RABL6",0.8,1.33,0.008,-0.68,FALSE,FALSE
"RRM1",0.8,1.34,0.008,-0.69,FALSE,FALSE
"CAPRIN1",0.8,1.28,0.008,-0.62,FALSE,FALSE
"EHD1",0.8,1.17,0.008,-0.5,FALSE,FALSE
"CLNS1A",0.8,1.17,0.008,-0.49,FALSE,FALSE
"DOCK1",0.8,1.2,0.008,-0.54,FALSE,FALSE
"MMP14",0.8,1.22,0.008,-0.56,FALSE,FALSE
"MNAT1",0.8,1.12,0.008,-0.44,FALSE,FALSE
"RAD51B",0.8,1.43,0.008,-0.76,FALSE,FALSE
"UACA",0.8,1.51,0.008,-0.85,FALSE,FALSE
"MAPK8IP3",0.8,1.15,0.008,-0.49,FALSE,FALSE
"USP7",0.8,1.26,0.008,-0.59,FALSE,FALSE
"HIRIP3",0.8,1.3,0.008,-0.63,FALSE,FALSE
"DHX40",0.8,1.27,0.008,-0.6,FALSE,FALSE
"ABCA5",0.8,1.38,0.008,-0.72,FALSE,FALSE
"CD7",0.8,1.4,0.008,-0.74,FALSE,FALSE
"SS18",0.8,1.47,0.008,-0.8,FALSE,FALSE
"UBE2V1",0.8,1.19,0.008,-0.51,FALSE,FALSE
"LMNB2",0.8,1.11,0.008,-0.43,FALSE,FALSE
"LIMK2",0.8,1.23,0.008,-0.56,FALSE,FALSE
"LRRC47",0.79,1.2,0.008,-0.55,FALSE,FALSE
"CLCC1",0.79,1.55,0.008,-0.88,FALSE,FALSE
"POGK",0.79,1.38,0.008,-0.74,FALSE,FALSE
"ARL8A",0.79,1.15,0.008,-0.5,FALSE,FALSE
"TMEM183A",0.79,1.24,0.008,-0.59,FALSE,FALSE
"SDCCAG8",0.79,1.24,0.008,-0.59,FALSE,FALSE
"ERLEC1",0.79,1.32,0.008,-0.68,FALSE,FALSE
"ATG4B",0.79,1.35,0.008,-0.7,FALSE,FALSE
"ING5",0.79,1.33,0.008,-0.69,FALSE,FALSE
"AMOTL2",0.79,1.12,0.008,-0.45,FALSE,FALSE
"PLA2G12A",0.79,1.4,0.008,-0.76,FALSE,FALSE
"ARL15",0.79,1.37,0.008,-0.72,FALSE,FALSE
"HMGN4",0.79,1.13,0.008,-0.47,FALSE,FALSE
"DEF6",0.79,1.28,0.008,-0.64,FALSE,FALSE
"PPP2R5D",0.79,1.38,0.008,-0.74,FALSE,FALSE
"SCAF8",0.79,1.25,0.008,-0.6,FALSE,FALSE
"GALNT11",0.79,1.28,0.008,-0.63,FALSE,FALSE
"PIM2",0.79,1.48,0.008,-0.83,FALSE,FALSE
"ALG13",0.79,1.17,0.008,-0.51,FALSE,FALSE
"SLC44A1",0.79,1.27,0.008,-0.62,FALSE,FALSE
"RABGAP1",0.79,1.25,0.008,-0.6,FALSE,FALSE
"TMEM179B",0.79,1.33,0.008,-0.68,FALSE,FALSE
"YAP1",0.79,1.36,0.008,-0.71,FALSE,FALSE
"MKI67",0.79,1.13,0.008,-0.47,FALSE,FALSE
"TMEM106C",0.79,1.25,0.008,-0.59,FALSE,FALSE
"LARP4",0.79,1.49,0.008,-0.84,FALSE,FALSE
"TC2N",0.79,1.3,0.008,-0.65,FALSE,FALSE
"TNFAIP2",0.79,1.39,0.008,-0.75,FALSE,FALSE
"HCFC1R1",0.79,1.36,0.008,-0.71,FALSE,FALSE
"IFT20",0.79,1.23,0.008,-0.57,FALSE,FALSE
"SUPT6H",0.79,1.07,0.008,-0.39,FALSE,FALSE
"TPGS2",0.79,1.13,0.008,-0.46,FALSE,FALSE
"BAX",0.79,1.64,0.008,-0.97,FALSE,FALSE
"MED15",0.79,1.44,0.008,-0.78,FALSE,FALSE
"KREMEN1",0.79,1.15,0.008,-0.49,FALSE,FALSE
"SON",0.79,1.1,0.008,-0.43,FALSE,FALSE
"ERRFI1",0.78,1.24,0.008,-0.61,FALSE,FALSE
"AHDC1",0.78,1.19,0.008,-0.55,FALSE,FALSE
"POMGNT1",0.78,1.28,0.008,-0.64,FALSE,FALSE
"GBP2",0.78,1.35,0.008,-0.71,FALSE,FALSE
"ABCD3",0.78,1.1,0.008,-0.45,FALSE,FALSE
"DPYD",0.78,1.33,0.008,-0.7,FALSE,FALSE
"SMYD2",0.78,1.34,0.008,-0.71,FALSE,FALSE
"TMEM18",0.78,1.32,0.008,-0.68,FALSE,FALSE
"KCMF1",0.78,1.19,0.008,-0.54,FALSE,FALSE
"KDM3A",0.78,1.09,0.008,-0.44,FALSE,FALSE
"PRKRA",0.78,1.13,0.008,-0.47,FALSE,FALSE
"PSMD1",0.78,1.55,0.008,-0.9,FALSE,FALSE
"EOGT",0.78,1.28,0.008,-0.64,FALSE,FALSE
"KPNA4",0.78,1.24,0.008,-0.6,FALSE,FALSE
"CTSO",0.78,1.38,0.008,-0.76,FALSE,FALSE
"RING1",0.78,1.11,0.008,-0.46,FALSE,FALSE
"REPS1",0.78,1.3,0.008,-0.68,FALSE,FALSE
"OGDH",0.78,1.22,0.008,-0.58,FALSE,FALSE
"TES",0.78,1.34,0.008,-0.71,FALSE,FALSE
"EXOC4",0.78,1.16,0.008,-0.52,FALSE,FALSE
"EFNB1",0.78,1.4,0.008,-0.77,FALSE,FALSE
"HTATSF1",0.78,1.32,0.008,-0.69,FALSE,FALSE
"CNTFR",0.78,1.26,0.008,-0.62,FALSE,FALSE
"KLF9",0.78,1.15,0.008,-0.51,FALSE,FALSE
"AUH",0.78,1.26,0.008,-0.62,FALSE,FALSE
"PRPF19",0.78,1.18,0.008,-0.55,FALSE,FALSE
"CBL",0.78,1.1,0.008,-0.44,FALSE,FALSE
"PARD3",0.78,1.25,0.008,-0.62,FALSE,FALSE
"CCDC6",0.78,1.34,0.008,-0.71,FALSE,FALSE
"COX15",0.78,1.06,0.008,-0.4,FALSE,FALSE
"ZRANB1",0.78,1.2,0.008,-0.56,FALSE,FALSE
"MTG1",0.78,1.36,0.008,-0.73,FALSE,FALSE
"CERS5",0.78,1.03,0.008,-0.36,FALSE,FALSE
"GCN1",0.78,1.34,0.008,-0.72,FALSE,FALSE
"WDFY2",0.78,1.3,0.008,-0.67,FALSE,FALSE
"MIS18BP1",0.78,1.3,0.008,-0.66,FALSE,FALSE
"MAX",0.78,1.43,0.008,-0.79,FALSE,FALSE
"CMIP",0.78,1.52,0.008,-0.89,FALSE,FALSE
"EVI2A",0.78,1.29,0.008,-0.67,FALSE,FALSE
"KPNB1",0.78,1.45,0.008,-0.81,FALSE,FALSE
"SLC23A2",0.78,1.23,0.008,-0.6,FALSE,FALSE
"MYDGF",0.78,1.43,0.008,-0.81,FALSE,FALSE
"LIG1",0.78,1.25,0.008,-0.62,FALSE,FALSE
"PRMT1",0.78,1.26,0.008,-0.62,FALSE,FALSE
"TNFRSF14",0.77,1.3,0.008,-0.69,FALSE,FALSE
"PEF1",0.77,1.48,0.008,-0.86,FALSE,FALSE
"TXNDC12",0.77,1.41,0.008,-0.79,FALSE,FALSE
"ZZZ3",0.77,1.21,0.008,-0.59,FALSE,FALSE
"PLEKHO1",0.77,1.33,0.008,-0.72,FALSE,FALSE
"ACBD3",0.77,1.62,0.008,-0.99,FALSE,FALSE
"FH",0.77,1.22,0.008,-0.6,FALSE,FALSE
"IAH1",0.77,1.16,0.008,-0.53,FALSE,FALSE
"MSH6",0.77,1.18,0.008,-0.56,FALSE,FALSE
"KRCC1",0.77,1.4,0.008,-0.79,FALSE,FALSE
"MITD1",0.77,1.18,0.008,-0.56,FALSE,FALSE
"SMPD4",0.77,1.11,0.008,-0.48,FALSE,FALSE
"CIR1",0.77,1.17,0.008,-0.54,FALSE,FALSE
"ABI2",0.77,1.31,0.008,-0.7,FALSE,FALSE
"XRCC5",0.77,1.26,0.008,-0.64,FALSE,FALSE
"PDCD6IP",0.77,1.36,0.008,-0.75,FALSE,FALSE
"THOC7",0.77,1.18,0.008,-0.57,FALSE,FALSE
"GXYLT2",0.77,1.03,0.008,-0.38,FALSE,FALSE
"CEP63",0.77,1.26,0.008,-0.65,FALSE,FALSE
"ST6GAL1",0.77,1.71,0.008,-1.05,FALSE,FALSE
"TNK2",0.77,1.29,0.008,-0.68,FALSE,FALSE
"ANAPC4",0.77,1.31,0.008,-0.7,FALSE,FALSE
"NUP54",0.77,1.19,0.008,-0.57,FALSE,FALSE
"BMP2K",0.77,1.43,0.008,-0.81,FALSE,FALSE
"NPR3",0.77,1.17,0.008,-0.55,FALSE,FALSE
"TRIM38",0.77,1.45,0.008,-0.84,FALSE,FALSE
"SUN1",0.77,1.24,0.008,-0.62,FALSE,FALSE
"MEOX2",0.77,1.71,0.008,-1.06,FALSE,FALSE
"ELP3",0.77,1.22,0.008,-0.59,FALSE,FALSE
"ASH2L",0.77,1.22,0.008,-0.6,FALSE,FALSE
"UTP23",0.77,1.45,0.008,-0.84,FALSE,FALSE
"KDM4C",0.77,1.26,0.008,-0.65,FALSE,FALSE
"VPS13A",0.77,1.17,0.008,-0.55,FALSE,FALSE
"FAM120AOS",0.77,1.16,0.008,-0.54,FALSE,FALSE
"GHITM",0.77,1.32,0.008,-0.7,FALSE,FALSE
"TMTC1",0.77,1.16,0.008,-0.54,FALSE,FALSE
"YAF2",0.77,1.24,0.008,-0.61,FALSE,FALSE
"IFT88",0.77,1.22,0.008,-0.61,FALSE,FALSE
"SDR39U1",0.77,1.21,0.008,-0.59,FALSE,FALSE
"PCNX1",0.77,1.43,0.008,-0.82,FALSE,FALSE
"HERC2",0.77,1.15,0.008,-0.53,FALSE,FALSE
"ADAMTS17",0.77,0.91,0.008,-0.22,FALSE,FALSE
"BCL7C",0.77,1.28,0.008,-0.67,FALSE,FALSE
"CENPT",0.77,1.3,0.008,-0.69,FALSE,FALSE
"FXR2",0.77,1.17,0.008,-0.54,FALSE,FALSE
"MSL1",0.77,1.17,0.008,-0.54,FALSE,FALSE
"CHMP6",0.77,1.41,0.008,-0.79,FALSE,FALSE
"CYBC1",0.77,1.45,0.008,-0.83,FALSE,FALSE
"TGIF1",0.77,1.34,0.008,-0.73,FALSE,FALSE
"PPP4R1",0.77,1.34,0.008,-0.73,FALSE,FALSE
"CENPB",0.77,1.24,0.008,-0.62,FALSE,FALSE
"MANBAL",0.77,1.3,0.008,-0.68,FALSE,FALSE
"STMN3",0.77,1.3,0.008,-0.68,FALSE,FALSE
"RAVER1",0.77,1.3,0.008,-0.68,FALSE,FALSE
"ZDHHC8",0.77,1.28,0.008,-0.66,FALSE,FALSE
"AP1B1",0.77,1.27,0.008,-0.66,FALSE,FALSE
"HP1BP3",0.76,1.18,0.008,-0.58,FALSE,FALSE
"RCAN3",0.76,1.43,0.008,-0.84,FALSE,FALSE
"COL16A1",0.76,1.16,0.008,-0.55,FALSE,FALSE
"ZMYM4",0.76,1.57,0.008,-0.96,FALSE,FALSE
"HIPK1",0.76,1.22,0.008,-0.62,FALSE,FALSE
"ATP1A1",0.76,1.15,0.008,-0.53,FALSE,FALSE
"RFX5",0.76,1.29,0.008,-0.69,FALSE,FALSE
"RGS2",0.76,1.12,0.008,-0.51,FALSE,FALSE
"IARS2",0.76,1.38,0.008,-0.79,FALSE,FALSE
"RAB4A",0.76,1.32,0.008,-0.73,FALSE,FALSE
"ADAM17",0.76,1.13,0.008,-0.52,FALSE,FALSE
"ATL2",0.76,1.13,0.008,-0.51,FALSE,FALSE
"DUSP2",0.76,1.38,0.008,-0.79,FALSE,FALSE
"AGPS",0.76,1.22,0.008,-0.62,FALSE,FALSE
"SPATS2L",0.76,1.26,0.008,-0.66,FALSE,FALSE
"LRRFIP2",0.76,1.22,0.008,-0.62,FALSE,FALSE
"NDUFAF3",0.76,1.36,0.008,-0.76,FALSE,FALSE
"TOMM70",0.76,1.21,0.008,-0.6,FALSE,FALSE
"OCIAD2",0.76,1.28,0.008,-0.68,FALSE,FALSE
"DAP",0.76,1.39,0.008,-0.79,FALSE,FALSE
"CHD1",0.76,1.24,0.008,-0.64,FALSE,FALSE
"HARS1",0.76,1.22,0.008,-0.62,FALSE,FALSE
"RARS1",0.76,1.11,0.008,-0.49,FALSE,FALSE
"DUSP22",0.76,1.21,0.008,-0.6,FALSE,FALSE
"ID4",0.76,0.94,0.008,-0.27,FALSE,FALSE
"ANKS1A",0.76,1.16,0.008,-0.56,FALSE,FALSE
"TMEM14A",0.76,1.28,0.008,-0.69,FALSE,FALSE
"ZNF316",0.76,1.1,0.008,-0.49,FALSE,FALSE
"DDX56",0.76,1.33,0.008,-0.73,FALSE,FALSE
"BUD23",0.76,1.49,0.008,-0.88,FALSE,FALSE
"PON2",0.76,1.44,0.008,-0.84,FALSE,FALSE
"UBE2A",0.76,1.16,0.008,-0.55,FALSE,FALSE
"GRHPR",0.76,1.14,0.008,-0.52,FALSE,FALSE
"SMC5",0.76,1.11,0.008,-0.49,FALSE,FALSE
"RHOG",0.76,1.37,0.008,-0.77,FALSE,FALSE
"KAT5",0.76,1.3,0.008,-0.71,FALSE,FALSE
"RBM14",0.76,1.35,0.008,-0.76,FALSE,FALSE
"ZMYND11",0.76,1.21,0.008,-0.61,FALSE,FALSE
"CCNY",0.76,1.27,0.008,-0.67,FALSE,FALSE
"SLC25A16",0.76,1.45,0.008,-0.84,FALSE,FALSE
"DDX50",0.76,1.4,0.008,-0.8,FALSE,FALSE
"DLG5",0.76,1.12,0.008,-0.5,FALSE,FALSE
"TNKS2",0.76,1.2,0.008,-0.6,FALSE,FALSE
"HEBP1",0.76,1.51,0.008,-0.9,FALSE,FALSE
"STRAP",0.76,1.43,0.008,-0.83,FALSE,FALSE
"C2CD5",0.76,1.21,0.008,-0.61,FALSE,FALSE
"IPO8",0.76,1.36,0.008,-0.77,FALSE,FALSE
"SAP18",0.76,1.29,0.008,-0.7,FALSE,FALSE
"COX16",0.76,1.3,0.008,-0.71,FALSE,FALSE
"NUMB",0.76,1.28,0.008,-0.68,FALSE,FALSE
"AQR",0.76,1.21,0.008,-0.61,FALSE,FALSE
"SPSB3",0.76,1.37,0.008,-0.78,FALSE,FALSE
"FLYWCH2",0.76,1.26,0.008,-0.65,FALSE,FALSE
"PRKCB",0.76,1.37,0.008,-0.77,FALSE,FALSE
"CKLF",0.76,1.2,0.008,-0.6,FALSE,FALSE
"RNASEK",0.76,1.54,0.008,-0.93,FALSE,FALSE
"MYH10",0.76,0.9,0.008,-0.23,FALSE,FALSE
"MAP2K4",0.76,1.04,0.008,-0.4,FALSE,FALSE
"NUFIP2",0.76,1.34,0.008,-0.73,FALSE,FALSE
"NT5C3B",0.76,1.3,0.008,-0.71,FALSE,FALSE
"SRSF1",0.76,1.25,0.008,-0.66,FALSE,FALSE
"AFG3L2",0.76,1.32,0.008,-0.73,FALSE,FALSE
"IMPACT",0.76,1.11,0.008,-0.5,FALSE,FALSE
"DSG2",0.76,1.19,0.008,-0.59,FALSE,FALSE
"BCL2",0.76,1.11,0.008,-0.49,FALSE,FALSE
"SOGA1",0.76,1.27,0.008,-0.68,FALSE,FALSE
"PABPC1L",0.76,1.21,0.008,-0.61,FALSE,FALSE
"TCF3",0.76,1.21,0.008,-0.62,FALSE,FALSE
"FARSA",0.76,1.24,0.008,-0.64,FALSE,FALSE
"SIRT2",0.76,1.28,0.008,-0.68,FALSE,FALSE
"CIC",0.76,1.09,0.008,-0.47,FALSE,FALSE
"ZSCAN18",0.76,1.09,0.008,-0.46,FALSE,FALSE
"ITGB2",0.76,1.39,0.008,-0.79,FALSE,FALSE
"EIF4G3",0.75,1.24,0.008,-0.66,FALSE,FALSE
"HAX1",0.75,1.26,0.008,-0.67,FALSE,FALSE
"FBXO28",0.75,1.2,0.008,-0.61,FALSE,FALSE
"NBAS",0.75,1.16,0.008,-0.57,FALSE,FALSE
"IL1R1",0.75,1.26,0.007,-0.68,FALSE,FALSE
"UGGT1",0.75,1.36,0.008,-0.78,FALSE,FALSE
"GRAMD2B",0.75,1.21,0.008,-0.62,FALSE,FALSE
"ALDH5A1",0.75,1.2,0.008,-0.62,FALSE,FALSE
"SLC29A1",0.75,1.18,0.008,-0.59,FALSE,FALSE
"LAMA2",0.75,1.53,0.008,-0.94,FALSE,FALSE
"MYO1G",0.75,1.27,0.008,-0.69,FALSE,FALSE
"GTF2I",0.75,1.29,0.008,-0.7,FALSE,FALSE
"GRIPAP1",0.75,1.42,0.008,-0.83,FALSE,FALSE
"MECP2",0.75,1.28,0.008,-0.7,FALSE,FALSE
"TGFBR1",0.75,1.38,0.008,-0.79,FALSE,FALSE
"ABCA1",0.75,1.22,0.007,-0.63,FALSE,FALSE
"SCYL1",0.75,1.37,0.007,-0.79,FALSE,FALSE
"VSIR",0.75,1.63,0.008,-1.02,FALSE,FALSE
"RIMKLB",0.75,1.11,0.008,-0.5,FALSE,FALSE
"VWA8",0.75,1.19,0.007,-0.6,FALSE,FALSE
"ATG2B",0.75,1.12,0.008,-0.52,FALSE,FALSE
"NUDT16L1",0.75,1.36,0.008,-0.78,FALSE,FALSE
"ATP2A3",0.75,1.34,0.008,-0.76,FALSE,FALSE
"MALT1",0.75,1.47,0.007,-0.89,FALSE,FALSE
"XAB2",0.75,1.25,0.008,-0.67,FALSE,FALSE
"ELOF1",0.75,1.16,0.007,-0.57,FALSE,FALSE
"SCAF1",0.75,1.26,0.008,-0.67,FALSE,FALSE
"SPEN",0.74,1.32,0.007,-0.76,FALSE,FALSE
"PHC2",0.74,1.41,0.007,-0.83,FALSE,FALSE
"PGM1",0.74,1.12,0.007,-0.53,FALSE,FALSE
"VPS72",0.74,1.22,0.007,-0.65,FALSE,FALSE
"KHDC4",0.74,1.23,0.007,-0.66,FALSE,FALSE
"USF1",0.74,1.32,0.007,-0.75,FALSE,FALSE
"BROX",0.74,1.24,0.007,-0.68,FALSE,FALSE
"PKP4",0.74,1.08,0.007,-0.49,FALSE,FALSE
"LNPK",0.74,1.11,0.007,-0.53,FALSE,FALSE
"KANSL1L",0.74,1.05,0.007,-0.46,FALSE,FALSE
"VGLL4",0.74,1.25,0.007,-0.68,FALSE,FALSE
"KIAA1143",0.74,1.17,0.007,-0.61,FALSE,FALSE
"CCDC12",0.74,1.3,0.007,-0.74,FALSE,FALSE
"DCP1A",0.74,1.15,0.007,-0.56,FALSE,FALSE
"RYBP",0.74,1.49,0.007,-0.91,FALSE,FALSE
"PLSCR4",0.74,1.32,0.007,-0.75,FALSE,FALSE
"AP2M1",0.74,1.23,0.007,-0.65,FALSE,FALSE
"LMNB1",0.74,1.29,0.007,-0.72,FALSE,FALSE
"AGPAT1",0.74,1.38,0.007,-0.81,FALSE,FALSE
"MCM3",0.74,1.26,0.007,-0.7,FALSE,FALSE
"RAPGEF5",0.74,1.17,0.007,-0.59,FALSE,FALSE
"FAM122B",0.74,1.47,0.007,-0.9,FALSE,FALSE
"IDH3G",0.74,1.19,0.007,-0.61,FALSE,FALSE
"CCAR2",0.74,1.17,0.007,-0.6,FALSE,FALSE
"ZFAND1",0.74,1.04,0.007,-0.45,FALSE,FALSE
"NDUFB6",0.74,1.12,0.007,-0.54,FALSE,FALSE
"GBA2",0.74,1.14,0.007,-0.56,FALSE,FALSE
"OLFML2A",0.74,1.26,0.007,-0.69,FALSE,FALSE
"USP20",0.74,1.28,0.007,-0.72,FALSE,FALSE
"PIK3C2A",0.74,1.18,0.007,-0.6,FALSE,FALSE
"CRY2",0.74,1.09,0.007,-0.5,FALSE,FALSE
"LPXN",0.74,1.3,0.007,-0.75,FALSE,FALSE
"NXF1",0.74,1.13,0.007,-0.55,FALSE,FALSE
"CCS",0.74,1.22,0.007,-0.64,FALSE,FALSE
"FCHSD2",0.74,1.43,0.007,-0.86,FALSE,FALSE
"MED17",0.74,1.1,0.007,-0.52,FALSE,FALSE
"VPS26B",0.74,0.95,0.007,-0.32,FALSE,FALSE
"FBH1",0.74,1.19,0.007,-0.62,FALSE,FALSE
"RAB18",0.74,1.3,0.007,-0.74,FALSE,FALSE
"ITFG2",0.74,1.26,0.007,-0.69,FALSE,FALSE
"RBP5",0.74,1.62,0.007,-1.04,FALSE,FALSE
"IRAG2",0.74,1.09,0.007,-0.5,FALSE,FALSE
"SUPT16H",0.74,1.15,0.007,-0.58,FALSE,FALSE
"KLHL28",0.74,1.02,0.007,-0.42,FALSE,FALSE
"DHRS7",0.74,1.1,0.007,-0.52,FALSE,FALSE
"WARS1",0.74,1.31,0.007,-0.75,FALSE,FALSE
"KLC1",0.74,1.32,0.007,-0.76,FALSE,FALSE
"GALK2",0.74,1.35,0.007,-0.78,FALSE,FALSE
"HEXA",0.74,1.32,0.007,-0.76,FALSE,FALSE
"PML",0.74,1.31,0.007,-0.75,FALSE,FALSE
"POLR3E",0.74,1.41,0.007,-0.85,FALSE,FALSE
"VKORC1",0.74,1.25,0.007,-0.69,FALSE,FALSE
"ALKBH5",0.74,1.3,0.007,-0.75,FALSE,FALSE
"PIP4K2B",0.74,1.26,0.007,-0.68,FALSE,FALSE
"MED1",0.74,1.32,0.007,-0.76,FALSE,FALSE
"RAMP2",0.74,1.54,0.007,-0.97,FALSE,FALSE
"VPS25",0.74,1.09,0.007,-0.49,FALSE,FALSE
"EPB41L3",0.74,1.02,0.007,-0.41,FALSE,FALSE
"LSM7",0.74,1.32,0.007,-0.77,FALSE,FALSE
"HDGFL2",0.74,1.03,0.007,-0.42,FALSE,FALSE
"PATZ1",0.74,1.28,0.007,-0.7,FALSE,FALSE
"ATP6V0B",0.73,1.35,0.007,-0.8,FALSE,FALSE
"PMF1",0.73,1,0.007,-0.41,FALSE,FALSE
"LTBP1",0.73,1.1,0.007,-0.53,FALSE,FALSE
"EXOC6B",0.73,1.27,0.007,-0.73,FALSE,FALSE
"MYD88",0.73,1.38,0.007,-0.84,FALSE,FALSE
"APC",0.73,1.09,0.007,-0.52,FALSE,FALSE
"PDLIM4",0.73,1.24,0.007,-0.69,FALSE,FALSE
"SRA1",0.73,1.16,0.007,-0.6,FALSE,FALSE
"H2BC9",0.73,0.91,0.007,-0.27,FALSE,FALSE
"SRPK1",0.73,1.28,0.007,-0.73,FALSE,FALSE
"TNFAIP3",0.73,1.37,0.007,-0.82,FALSE,FALSE
"MICALL2",0.73,1.28,0.007,-0.74,FALSE,FALSE
"UMAD1",0.73,1.1,0.007,-0.54,FALSE,FALSE
"NUP205",0.73,1.36,0.007,-0.82,FALSE,FALSE
"PQBP1",0.73,1.22,0.007,-0.67,FALSE,FALSE
"TCEAL4",0.73,1.05,0.007,-0.46,FALSE,FALSE
"ENTPD4",0.73,1.09,0.007,-0.52,FALSE,FALSE
"ERLIN2",0.73,1.11,0.007,-0.54,FALSE,FALSE
"RHPN1",0.73,1.07,0.007,-0.49,FALSE,FALSE
"PBX3",0.73,1.3,0.007,-0.76,FALSE,FALSE
"STXBP1",0.73,1.18,0.007,-0.62,FALSE,FALSE
"COMMD3",0.73,1.14,0.007,-0.58,FALSE,FALSE
"ZCCHC24",0.73,1.14,0.007,-0.58,FALSE,FALSE
"PSMA3",0.73,1.32,0.007,-0.78,FALSE,FALSE
"AKAP13",0.73,1.31,0.007,-0.77,FALSE,FALSE
"TSR3",0.73,1.28,0.007,-0.74,FALSE,FALSE
"RNF40",0.73,1.21,0.007,-0.66,FALSE,FALSE
"TNFSF12",0.73,1.52,0.007,-0.97,FALSE,FALSE
"SEC14L1",0.73,1.65,0.007,-1.08,FALSE,FALSE
"PYGB",0.73,1.1,0.007,-0.54,FALSE,FALSE
"CEP250",0.73,1.05,0.007,-0.46,FALSE,FALSE
"TPGS1",0.73,1.14,0.007,-0.58,FALSE,FALSE
"GNA11",0.73,1.16,0.007,-0.61,FALSE,FALSE
"VAV1",0.73,0.98,0.007,-0.38,FALSE,FALSE
"BCL3",0.73,1.43,0.007,-0.88,FALSE,FALSE
"ERCC1",0.73,1.11,0.007,-0.54,FALSE,FALSE
"MBOAT7",0.73,1.13,0.007,-0.57,FALSE,FALSE
"GGA1",0.73,1.14,0.007,-0.58,FALSE,FALSE
"SGSM3",0.73,1.28,0.007,-0.74,FALSE,FALSE
"MXRA8",0.72,0.99,0.007,-0.42,FALSE,FALSE
"SZRD1",0.72,1.17,0.007,-0.63,FALSE,FALSE
"UBR4",0.72,1.23,0.007,-0.7,FALSE,FALSE
"MTFR1L",0.72,1.18,0.007,-0.65,FALSE,FALSE
"UROD",0.72,1.03,0.007,-0.47,FALSE,FALSE
"ECHDC2",0.72,1.07,0.007,-0.5,FALSE,FALSE
"SIKE1",0.72,1.22,0.007,-0.69,FALSE,FALSE
"YY1AP1",0.72,1.07,0.007,-0.51,FALSE,FALSE
"TIPRL",0.72,1.24,0.007,-0.7,FALSE,FALSE
"CAMSAP2",0.72,1.22,0.007,-0.68,FALSE,FALSE
"PPP1R21",0.72,1.22,0.007,-0.68,FALSE,FALSE
"EHBP1",0.72,1.34,0.007,-0.82,FALSE,FALSE
"INPP1",0.72,1.15,0.007,-0.6,FALSE,FALSE
"TRAK1",0.72,1.07,0.007,-0.52,FALSE,FALSE
"SEMA3F",0.72,1.34,0.007,-0.81,FALSE,FALSE
"CLDND1",0.72,1.22,0.007,-0.68,FALSE,FALSE
"ZBTB20",0.72,1.14,0.007,-0.6,FALSE,FALSE
"SELENOT",0.72,1.13,0.007,-0.59,FALSE,FALSE
"EIF4G1",0.72,1.27,0.007,-0.74,FALSE,FALSE
"MFSD10",0.72,1.09,0.007,-0.53,FALSE,FALSE
"LDB2",0.72,1.77,0.007,-1.19,FALSE,FALSE
"ELMOD2",0.72,1.06,0.007,-0.49,FALSE,FALSE
"NSUN2",0.72,1.1,0.007,-0.55,FALSE,FALSE
"DELE1",0.72,1.14,0.007,-0.59,FALSE,FALSE
"GNPDA1",0.72,1.21,0.007,-0.67,FALSE,FALSE
"MAML1",0.72,1.1,0.007,-0.56,FALSE,FALSE
"TRIM41",0.72,1.02,0.007,-0.44,FALSE,FALSE
"NUP153",0.72,1.28,0.007,-0.74,FALSE,FALSE
"STK38",0.72,1.29,0.007,-0.76,FALSE,FALSE
"DNPH1",0.72,1.13,0.007,-0.59,FALSE,FALSE
"SMOC2",0.72,1.44,0.007,-0.9,FALSE,FALSE
"PSMG3",0.72,0.9,0.007,-0.28,FALSE,FALSE
"IGFBP3",0.72,1.06,0.007,-0.51,FALSE,FALSE
"VOPP1",0.72,1.16,0.007,-0.63,FALSE,FALSE
"ELN",0.72,0.95,0.007,-0.36,FALSE,FALSE
"CNOT4",0.72,1.32,0.007,-0.79,FALSE,FALSE
"DENND11",0.72,1.17,0.007,-0.62,FALSE,FALSE
"GPAA1",0.72,1.22,0.007,-0.7,FALSE,FALSE
"EXOSC3",0.72,1.09,0.007,-0.53,FALSE,FALSE
"ALG2",0.72,1.11,0.007,-0.56,FALSE,FALSE
"ZER1",0.72,1.11,0.007,-0.57,FALSE,FALSE
"TMEM141",0.72,1.03,0.007,-0.47,FALSE,FALSE
"ARFGAP2",0.72,1.32,0.007,-0.78,FALSE,FALSE
"NUP160",0.72,1.26,0.007,-0.73,FALSE,FALSE
"FERMT3",0.72,1.03,0.007,-0.46,FALSE,FALSE
"PPP1CA",0.72,1.31,0.007,-0.78,FALSE,FALSE
"TSKU",0.72,1.25,0.007,-0.71,FALSE,FALSE
"P4HA1",0.72,1.18,0.007,-0.65,FALSE,FALSE
"NCKAP5L",0.72,1.16,0.007,-0.63,FALSE,FALSE
"CRYL1",0.72,1.07,0.007,-0.52,FALSE,FALSE
"AAGAB",0.72,1.31,0.007,-0.79,FALSE,FALSE
"METTL9",0.72,1.31,0.007,-0.77,FALSE,FALSE
"NLK",0.72,1.33,0.007,-0.79,FALSE,FALSE
"NKIRAS2",0.72,1.17,0.007,-0.63,FALSE,FALSE
"SNF8",0.72,1.26,0.007,-0.73,FALSE,FALSE
"DDX42",0.72,1.31,0.007,-0.79,FALSE,FALSE
"YES1",0.72,1.15,0.007,-0.6,FALSE,FALSE
"PSMG2",0.72,1.06,0.007,-0.5,FALSE,FALSE
"MAVS",0.72,1.16,0.007,-0.63,FALSE,FALSE
"PTPRT",0.72,0.98,0.007,-0.4,FALSE,FALSE
"SYS1",0.72,1.34,0.007,-0.81,FALSE,FALSE
"ADRM1",0.72,1.31,0.007,-0.79,FALSE,FALSE
"UCKL1",0.72,1.13,0.007,-0.58,FALSE,FALSE
"KDM4B",0.72,0.99,0.007,-0.42,FALSE,FALSE
"PRPF31",0.72,1.13,0.007,-0.58,FALSE,FALSE
"MEGF6",0.71,1.16,0.007,-0.65,FALSE,FALSE
"LAPTM5",0.71,1.52,0.007,-0.99,FALSE,FALSE
"PKN2",0.71,1.11,0.007,-0.59,FALSE,FALSE
"RTCA",0.71,1.25,0.007,-0.73,FALSE,FALSE
"UAP1",0.71,0.96,0.007,-0.4,FALSE,FALSE
"PTGS2",0.71,1.27,0.007,-0.76,FALSE,FALSE
"LPGAT1",0.71,1.18,0.007,-0.65,FALSE,FALSE
"BIN1",0.71,1.17,0.007,-0.64,FALSE,FALSE
"DARS1",0.71,1.25,0.007,-0.74,FALSE,FALSE
"WDR75",0.71,1.22,0.007,-0.69,FALSE,FALSE
"ASNSD1",0.71,1.23,0.007,-0.72,FALSE,FALSE
"ZFAND2B",0.71,1.03,0.007,-0.47,FALSE,FALSE
"CHPF",0.71,1.08,0.007,-0.55,FALSE,FALSE
"PSMD6",0.71,1.16,0.007,-0.64,FALSE,FALSE
"MFSD1",0.71,1.12,0.007,-0.6,FALSE,FALSE
"PIK3CA",0.71,1.18,0.007,-0.65,FALSE,FALSE
"DNAJB11",0.71,1.33,0.007,-0.82,FALSE,FALSE
"FYTTD1",0.71,1.04,0.007,-0.48,FALSE,FALSE
"TACC3",0.71,1.21,0.007,-0.69,FALSE,FALSE
"BRD9",0.71,1,0.007,-0.45,FALSE,FALSE
"ITGA2",0.71,1.4,0.007,-0.9,FALSE,FALSE
"GZMK",0.71,1.4,0.007,-0.88,FALSE,FALSE
"FBXL4",0.71,1.01,0.007,-0.45,FALSE,FALSE
"PURB",0.71,1.17,0.007,-0.64,FALSE,FALSE
"KRIT1",0.71,1.2,0.007,-0.68,FALSE,FALSE
"SGCE",0.71,1.36,0.007,-0.86,FALSE,FALSE
"COG5",0.71,1.11,0.007,-0.58,FALSE,FALSE
"TFE3",0.71,1.08,0.007,-0.54,FALSE,FALSE
"ARMCX3",0.71,1.09,0.007,-0.55,FALSE,FALSE
"ARHGEF6",0.71,1.18,0.007,-0.67,FALSE,FALSE
"G6PD",0.71,1.13,0.007,-0.61,FALSE,FALSE
"ERICH1",0.71,1.66,0.007,-1.13,FALSE,FALSE
"DPYS",0.71,1.02,0.007,-0.47,FALSE,FALSE
"ENPP2",0.71,2.02,0.007,-1.4,FALSE,FALSE
"SHARPIN",0.71,1,0.007,-0.45,FALSE,FALSE
"OSTF1",0.71,1.46,0.007,-0.94,FALSE,FALSE
"HABP4",0.71,1.17,0.007,-0.64,FALSE,FALSE
"RXRA",0.71,1.24,0.007,-0.73,FALSE,FALSE
"NUP98",0.71,1.43,0.007,-0.93,FALSE,FALSE
"QSER1",0.71,1.04,0.007,-0.48,FALSE,FALSE
"TIMM10",0.71,1.28,0.007,-0.77,FALSE,FALSE
"UBE4A",0.71,1.03,0.007,-0.48,FALSE,FALSE
"ATP5F1C",0.71,1.22,0.007,-0.7,FALSE,FALSE
"ZSWIM8",0.71,1.1,0.007,-0.57,FALSE,FALSE
"WASHC3",0.71,1.08,0.007,-0.54,FALSE,FALSE
"IGF1",0.71,1.12,0.007,-0.59,FALSE,FALSE
"SART3",0.71,1.19,0.007,-0.68,FALSE,FALSE
"C12orf65",0.71,1.12,0.007,-0.59,FALSE,FALSE
"CARS2",0.71,1.02,0.007,-0.46,FALSE,FALSE
"ZBTB25",0.71,0.96,0.007,-0.4,FALSE,FALSE
"PSEN1",0.71,1.25,0.007,-0.75,FALSE,FALSE
"CRIP2",0.71,1.39,0.007,-0.89,FALSE,FALSE
"CHST14",0.71,1.23,0.007,-0.72,FALSE,FALSE
"MYEF2",0.71,1.06,0.007,-0.53,FALSE,FALSE
"NEO1",0.71,1.09,0.007,-0.56,FALSE,FALSE
"RNPS1",0.71,1.23,0.007,-0.71,FALSE,FALSE
"KAT8",0.71,1.12,0.007,-0.59,FALSE,FALSE
"TK2",0.71,1.09,0.007,-0.56,FALSE,FALSE
"CTCF",0.71,1.19,0.007,-0.69,FALSE,FALSE
"AP1G1",0.71,1.13,0.007,-0.61,FALSE,FALSE
"WWOX",0.71,1.1,0.007,-0.56,FALSE,FALSE
"SMURF2",0.71,1.15,0.007,-0.64,FALSE,FALSE
"USP14",0.71,1.43,0.007,-0.92,FALSE,FALSE
"SLC39A6",0.71,1.14,0.007,-0.61,FALSE,FALSE
"ITPA",0.71,0.93,0.007,-0.36,FALSE,FALSE
"MAPRE1",0.71,1.15,0.007,-0.62,FALSE,FALSE
"MLLT1",0.71,1.18,0.007,-0.67,FALSE,FALSE
"MRI1",0.71,1.15,0.007,-0.63,FALSE,FALSE
"GIPC1",0.71,1.03,0.007,-0.49,FALSE,FALSE
"USF2",0.71,1.23,0.007,-0.71,FALSE,FALSE
"TRIOBP",0.71,1.38,0.007,-0.87,FALSE,FALSE
"POLDIP3",0.71,1.25,0.007,-0.73,FALSE,FALSE
"PACSIN2",0.71,1.14,0.007,-0.61,FALSE,FALSE
"EYA3",0.7,1.2,0.007,-0.71,FALSE,FALSE
"FNBP1L",0.7,1.18,0.007,-0.68,FALSE,FALSE
"ANGPTL1",0.7,1.14,0.007,-0.64,FALSE,FALSE
"KDM5B",0.7,1.2,0.007,-0.7,FALSE,FALSE
"ARF1",0.7,1.19,0.007,-0.69,FALSE,FALSE
"SPAG16",0.7,1.05,0.007,-0.53,FALSE,FALSE
"VHL",0.7,1.26,0.007,-0.77,FALSE,FALSE
"MYNN",0.7,1.11,0.007,-0.6,FALSE,FALSE
"AP3B1",0.7,1.08,0.007,-0.56,FALSE,FALSE
"RAPGEF6",0.7,1.21,0.007,-0.71,FALSE,FALSE
"SAP30L",0.7,1.21,0.007,-0.71,FALSE,FALSE
"CYFIP2",0.7,1.19,0.007,-0.69,FALSE,FALSE
"RNGTT",0.7,1.09,0.007,-0.57,FALSE,FALSE
"VPS41",0.7,1.18,0.007,-0.68,FALSE,FALSE
"PSMA2",0.7,1.25,0.007,-0.76,FALSE,FALSE
"YWHAG",0.7,1.14,0.007,-0.64,FALSE,FALSE
"ZKSCAN1",0.7,1.12,0.007,-0.61,FALSE,FALSE
"KLHDC10",0.7,1.24,0.007,-0.74,FALSE,FALSE
"TMEM64",0.7,1.32,0.007,-0.83,FALSE,FALSE
"AKIP1",0.7,1.06,0.007,-0.53,FALSE,FALSE
"CORO1B",0.7,1.31,0.007,-0.82,FALSE,FALSE
"AASDHPPT",0.7,1.17,0.007,-0.67,FALSE,FALSE
"CUL5",0.7,1.16,0.007,-0.66,FALSE,FALSE
"CADM1",0.7,1.07,0.007,-0.55,FALSE,FALSE
"GFRA1",0.7,1.08,0.007,-0.56,FALSE,FALSE
"PAN2",0.7,1.14,0.007,-0.64,FALSE,FALSE
"SHISA2",0.7,0.95,0.007,-0.4,FALSE,FALSE
"METTL17",0.7,1.24,0.007,-0.75,FALSE,FALSE
"SAV1",0.7,1.19,0.007,-0.7,FALSE,FALSE
"ATP6V0C",0.7,1.09,0.007,-0.57,FALSE,FALSE
"ZNF263",0.7,1.17,0.007,-0.67,FALSE,FALSE
"COG7",0.7,1.02,0.007,-0.48,FALSE,FALSE
"COQ9",0.7,1.04,0.007,-0.51,FALSE,FALSE
"UBTF",0.7,1.19,0.007,-0.68,FALSE,FALSE
"RAD51C",0.7,1.06,0.007,-0.54,FALSE,FALSE
"SAP30BP",0.7,1.19,0.007,-0.7,FALSE,FALSE
"ATP9B",0.7,0.98,0.007,-0.44,FALSE,FALSE
"SNX21",0.7,1.09,0.007,-0.57,FALSE,FALSE
"CCDC130",0.7,1.08,0.007,-0.56,FALSE,FALSE
"PLEKHF1",0.7,1.07,0.007,-0.54,FALSE,FALSE
"PAXBP1",0.7,1.11,0.007,-0.6,FALSE,FALSE
"KLHL21",0.69,1.18,0.007,-0.69,FALSE,FALSE
"PINK1",0.69,1.02,0.007,-0.51,FALSE,FALSE
"FUCA1",0.69,1.24,0.007,-0.77,FALSE,FALSE
"ZNF362",0.69,1.11,0.007,-0.61,FALSE,FALSE
"LRRC41",0.69,1.08,0.007,-0.57,FALSE,FALSE
"SLC30A7",0.69,1.17,0.007,-0.68,FALSE,FALSE
"PTGFRN",0.69,1.15,0.007,-0.65,FALSE,FALSE
"C1orf43",0.69,1.19,0.007,-0.71,FALSE,FALSE
"SHC1",0.69,1.17,0.007,-0.68,FALSE,FALSE
"RC3H1",0.69,0.98,0.007,-0.46,FALSE,FALSE
"PLXNA2",0.69,1.18,0.007,-0.69,FALSE,FALSE
"RAB3GAP2",0.69,1.18,0.007,-0.69,FALSE,FALSE
"PPM1G",0.69,1.18,0.007,-0.7,FALSE,FALSE
"ASB3",0.69,1.28,0.007,-0.81,FALSE,FALSE
"PEX13",0.69,1.15,0.007,-0.66,FALSE,FALSE
"ECRG4",0.69,1,0.007,-0.48,FALSE,FALSE
"GTF3C3",0.69,1.06,0.007,-0.55,FALSE,FALSE
"MOB4",0.69,1.03,0.007,-0.52,FALSE,FALSE
"ANKZF1",0.69,1.04,0.007,-0.52,FALSE,FALSE
"BOD1L1",0.69,1.13,0.007,-0.65,FALSE,FALSE
"UBA6",0.69,0.96,0.007,-0.42,FALSE,FALSE
"COPS4",0.69,1.13,0.007,-0.64,FALSE,FALSE
"PDE4D",0.69,1.36,0.007,-0.9,FALSE,FALSE
"TRIM23",0.69,1.07,0.007,-0.56,FALSE,FALSE
"GFM2",0.69,1.03,0.007,-0.52,FALSE,FALSE
"ZFP62",0.69,1.11,0.007,-0.63,FALSE,FALSE
"NUS1",0.69,1.22,0.007,-0.73,FALSE,FALSE
"MALSU1",0.69,0.99,0.007,-0.46,FALSE,FALSE
"SEC61G",0.69,1.19,0.007,-0.7,FALSE,FALSE
"RHBDD2",0.69,1.11,0.007,-0.6,FALSE,FALSE
"SLC25A6",0.69,1.17,0.007,-0.69,FALSE,FALSE
"ACOT9",0.69,1.22,0.007,-0.75,FALSE,FALSE
"TCEAL1",0.69,1.06,0.007,-0.56,FALSE,FALSE
"DOCK8",0.69,1.03,0.007,-0.53,FALSE,FALSE
"IL11RA",0.69,0.92,0.007,-0.37,FALSE,FALSE
"NTRK2",0.69,1.33,0.007,-0.85,FALSE,FALSE
"STX17",0.69,1.18,0.007,-0.7,FALSE,FALSE
"RAPGEF1",0.69,1.12,0.007,-0.64,FALSE,FALSE
"ILK",0.69,1.27,0.007,-0.79,FALSE,FALSE
"POGLUT3",0.69,0.94,0.007,-0.39,FALSE,FALSE
"ST14",0.69,1.1,0.007,-0.6,FALSE,FALSE
"JAM3",0.69,1.19,0.007,-0.7,FALSE,FALSE
"JCAD",0.69,1.45,0.007,-0.98,FALSE,FALSE
"ERGIC2",0.69,1.01,0.007,-0.49,FALSE,FALSE
"PHLDA1",0.69,1.06,0.007,-0.55,FALSE,FALSE
"ANAPC7",0.69,1.2,0.007,-0.71,FALSE,FALSE
"RILPL1",0.69,1.15,0.007,-0.67,FALSE,FALSE
"AKAP11",0.69,1.51,0.007,-1.04,FALSE,FALSE
"LRCH1",0.69,1.14,0.007,-0.65,FALSE,FALSE
"NUBPL",0.69,0.94,0.007,-0.39,FALSE,FALSE
"TTLL5",0.69,1.08,0.007,-0.57,FALSE,FALSE
"ADGRG1",0.69,1.36,0.007,-0.89,FALSE,FALSE
"TPPP3",0.69,1.06,0.007,-0.55,FALSE,FALSE
"IRF8",0.69,1.66,0.007,-1.16,FALSE,FALSE
"TOM1L2",0.69,1.05,0.007,-0.54,FALSE,FALSE
"IKZF3",0.69,1.34,0.007,-0.87,FALSE,FALSE
"PRPSAP1",0.69,1.25,0.007,-0.77,FALSE,FALSE
"RNF213",0.69,1.2,0.007,-0.72,FALSE,FALSE
"MCRIP1",0.69,1.16,0.007,-0.68,FALSE,FALSE
"HEXD",0.69,1.28,0.007,-0.8,FALSE,FALSE
"RALBP1",0.69,1.18,0.007,-0.69,FALSE,FALSE
"RAB5IF",0.69,1.2,0.007,-0.72,FALSE,FALSE
"SMARCA4",0.69,1.07,0.007,-0.57,FALSE,FALSE
"MED29",0.69,1.2,0.007,-0.72,FALSE,FALSE
"CYTH2",0.69,1.15,0.007,-0.66,FALSE,FALSE
"SNAP29",0.69,1.27,0.007,-0.79,FALSE,FALSE
"UBE2L3",0.69,1.07,0.007,-0.56,FALSE,FALSE
"CRELD2",0.69,1.1,0.007,-0.61,FALSE,FALSE
"BRWD1",0.69,1.29,0.007,-0.81,FALSE,FALSE
"TRAPPC10",0.69,1.03,0.007,-0.52,FALSE,FALSE
"CTNNBIP1",0.68,1.21,0.007,-0.75,FALSE,FALSE
"RBM15",0.68,0.98,0.007,-0.47,FALSE,FALSE
"MAPKAPK2",0.68,1.08,0.007,-0.59,FALSE,FALSE
"OBSCN",0.68,1.23,0.007,-0.77,FALSE,FALSE
"ZBTB18",0.68,1.16,0.007,-0.69,FALSE,FALSE
"RDH14",0.68,1.18,0.007,-0.71,FALSE,FALSE
"MCFD2",0.68,1.05,0.007,-0.56,FALSE,FALSE
"REL",0.68,1.36,0.007,-0.9,FALSE,FALSE
"ZNF638",0.68,1.32,0.007,-0.87,FALSE,FALSE
"SUCLG1",0.68,1.19,0.007,-0.73,FALSE,FALSE
"C2orf68",0.68,1.22,0.007,-0.76,FALSE,FALSE
"ACTR3",0.68,1.03,0.007,-0.53,FALSE,FALSE
"CCDC115",0.68,1.22,0.007,-0.76,FALSE,FALSE
"UBR3",0.68,0.98,0.007,-0.48,FALSE,FALSE
"CAVIN2",0.68,1.31,0.007,-0.84,FALSE,FALSE
"ANKRD44",0.68,1.1,0.007,-0.63,FALSE,FALSE
"RETREG2",0.68,1.13,0.007,-0.66,FALSE,FALSE
"OGG1",0.68,1.12,0.007,-0.64,FALSE,FALSE
"RBM15B",0.68,1.13,0.007,-0.66,FALSE,FALSE
"SRPRB",0.68,1.08,0.007,-0.59,FALSE,FALSE
"RGS12",0.68,1.11,0.007,-0.63,FALSE,FALSE
"GUF1",0.68,1.07,0.007,-0.59,FALSE,FALSE
"EXOC1",0.68,1.26,0.007,-0.79,FALSE,FALSE
"ZNF330",0.68,1.07,0.007,-0.58,FALSE,FALSE
"EBF1",0.68,1.45,0.007,-0.99,FALSE,FALSE
"TDP2",0.68,0.96,0.007,-0.43,FALSE,FALSE
"CLIC1",0.68,1.23,0.007,-0.77,FALSE,FALSE
"TAF11",0.68,1.36,0.007,-0.89,FALSE,FALSE
"POLH",0.68,1.16,0.007,-0.7,FALSE,FALSE
"MICAL1",0.68,1.05,0.007,-0.57,FALSE,FALSE
"FYN",0.68,1.14,0.007,-0.66,FALSE,FALSE
"PDGFA",0.68,1.19,0.007,-0.73,FALSE,FALSE
"CDK6",0.68,1,0.007,-0.49,FALSE,FALSE
"PTN",0.68,1.51,0.007,-1.05,FALSE,FALSE
"LMBR1",0.68,1.31,0.007,-0.85,FALSE,FALSE
"GTPBP6",0.68,1.14,0.007,-0.67,FALSE,FALSE
"ATP6AP2",0.68,1.05,0.007,-0.57,FALSE,FALSE
"WDR13",0.68,0.98,0.007,-0.47,FALSE,FALSE
"EDA",0.68,1.05,0.007,-0.57,FALSE,FALSE
"ZBTB33",0.68,1.3,0.007,-0.86,FALSE,FALSE
"DDHD2",0.68,1.16,0.007,-0.7,FALSE,FALSE
"PLAA",0.68,1.11,0.007,-0.63,FALSE,FALSE
"TMEM8B",0.68,1.12,0.007,-0.65,FALSE,FALSE
"SECISBP2",0.68,1.02,0.007,-0.52,FALSE,FALSE
"C9orf16",0.68,1.22,0.007,-0.77,FALSE,FALSE
"OSBPL5",0.68,0.96,0.007,-0.44,FALSE,FALSE
"OTUB1",0.68,1.31,0.007,-0.86,FALSE,FALSE
"MAML2",0.68,1.09,0.007,-0.6,FALSE,FALSE
"TIMM8B",0.68,1.02,0.007,-0.53,FALSE,FALSE
"SCN4B",0.68,1.08,0.007,-0.6,FALSE,FALSE
"CDC123",0.68,1.2,0.007,-0.73,FALSE,FALSE
"MLLT10",0.68,1.01,0.007,-0.5,FALSE,FALSE
"MICU1",0.68,1.09,0.007,-0.6,FALSE,FALSE
"TACC2",0.68,1.03,0.007,-0.54,FALSE,FALSE
"FAM53B",0.68,1.04,0.007,-0.55,FALSE,FALSE
"CCNT1",0.68,1.1,0.007,-0.62,FALSE,FALSE
"CKAP4",0.68,1.39,0.007,-0.94,FALSE,FALSE
"RAB35",0.68,1.17,0.007,-0.7,FALSE,FALSE
"DNAJC3",0.68,1.14,0.007,-0.66,FALSE,FALSE
"LRP10",0.68,1.01,0.007,-0.51,FALSE,FALSE
"GNG2",0.68,1.13,0.007,-0.65,FALSE,FALSE
"CCDC88C",0.68,1.07,0.007,-0.57,FALSE,FALSE
"LGMN",0.68,1.17,0.007,-0.7,FALSE,FALSE
"THBS1",0.68,0.81,0.007,-0.23,FALSE,FALSE
"ADPGK",0.68,1.31,0.007,-0.85,FALSE,FALSE
"RUSF1",0.68,1.1,0.007,-0.61,FALSE,FALSE
"CFAP20",0.68,1.13,0.007,-0.65,FALSE,FALSE
"SREBF1",0.68,1,0.007,-0.5,FALSE,FALSE
"NMT1",0.68,1.19,0.007,-0.73,FALSE,FALSE
"POLI",0.68,1.15,0.007,-0.69,FALSE,FALSE
"KDSR",0.68,1.15,0.007,-0.68,FALSE,FALSE
"PCNA",0.68,1.09,0.007,-0.6,FALSE,FALSE
"WFDC2",0.68,1.05,0.007,-0.57,FALSE,FALSE
"AP3D1",0.68,1.11,0.007,-0.64,FALSE,FALSE
"NDUFA11",0.68,1.11,0.007,-0.63,FALSE,FALSE
"MAP2K7",0.68,1.13,0.007,-0.65,FALSE,FALSE
"COLGALT1",0.68,1.24,0.007,-0.78,FALSE,FALSE
"SAMD4B",0.68,1.13,0.007,-0.66,FALSE,FALSE
"VRK3",0.68,1.1,0.007,-0.62,FALSE,FALSE
"ODF3B",0.68,0.95,0.007,-0.43,FALSE,FALSE
"TMEM50B",0.68,1.16,0.007,-0.68,FALSE,FALSE
"WDTC1",0.67,1.17,0.007,-0.72,FALSE,FALSE
"RAB42",0.67,0.97,0.007,-0.48,FALSE,FALSE
"NDUFS5",0.67,1,0.007,-0.52,FALSE,FALSE
"ADGRL4",0.67,1.93,0.007,-1.4,FALSE,FALSE
"TMEM167B",0.67,1.09,0.007,-0.63,FALSE,FALSE
"DRAM2",0.67,1.11,0.007,-0.66,FALSE,FALSE
"VPS45",0.67,0.99,0.007,-0.51,FALSE,FALSE
"CDC42SE1",0.67,1.42,0.007,-0.99,FALSE,FALSE
"LY9",0.67,1.27,0.007,-0.84,FALSE,FALSE
"ATF6",0.67,1.21,0.007,-0.77,FALSE,FALSE
"PKP1",0.67,0.91,0.007,-0.4,FALSE,FALSE
"BIRC6",0.67,0.99,0.007,-0.51,FALSE,FALSE
"CLASP1",0.67,1.01,0.007,-0.52,FALSE,FALSE
"ZEB2",0.67,1.11,0.007,-0.65,FALSE,FALSE
"ACVR2A",0.67,1.11,0.007,-0.65,FALSE,FALSE
"ORC2",0.67,1.06,0.007,-0.59,FALSE,FALSE
"EPHA4",0.67,1.13,0.007,-0.68,FALSE,FALSE
"MTERF4",0.67,1.16,0.007,-0.7,FALSE,FALSE
"OPA1",0.67,0.97,0.007,-0.47,FALSE,FALSE
"SLAIN2",0.67,1.13,0.007,-0.69,FALSE,FALSE
"NUDT9",0.67,1.05,0.007,-0.58,FALSE,FALSE
"ANKH",0.67,1.01,0.007,-0.53,FALSE,FALSE
"RICTOR",0.67,1.07,0.007,-0.6,FALSE,FALSE
"MGAT4B",0.67,1.13,0.007,-0.67,FALSE,FALSE
"SMAP1",0.67,1.19,0.007,-0.75,FALSE,FALSE
"RWDD1",0.67,1.17,0.007,-0.72,FALSE,FALSE
"HDDC2",0.67,1,0.007,-0.51,FALSE,FALSE
"ERMARD",0.67,1.06,0.007,-0.59,FALSE,FALSE
"SYPL1",0.67,1.22,0.007,-0.78,FALSE,FALSE
"TNPO3",0.67,1.24,0.007,-0.79,FALSE,FALSE
"ASMTL",0.67,1.11,0.007,-0.66,FALSE,FALSE
"FAM160B2",0.67,1.18,0.007,-0.74,FALSE,FALSE
"GSR",0.67,0.93,0.007,-0.42,FALSE,FALSE
"FZD6",0.67,1.23,0.007,-0.8,FALSE,FALSE
"APTX",0.67,1.13,0.007,-0.67,FALSE,FALSE
"PCSK5",0.67,0.95,0.007,-0.45,FALSE,FALSE
"XPA",0.67,1.08,0.007,-0.61,FALSE,FALSE
"ZNF483",0.67,1.18,0.007,-0.74,FALSE,FALSE
"ALAD",0.67,1.11,0.007,-0.65,FALSE,FALSE
"GOLGA2",0.67,1.19,0.007,-0.75,FALSE,FALSE
"SURF1",0.67,1.16,0.007,-0.72,FALSE,FALSE
"ANAPC2",0.67,1.08,0.007,-0.61,FALSE,FALSE
"CTSD",0.67,1.09,0.007,-0.62,FALSE,FALSE
"ELP4",0.67,0.93,0.007,-0.42,FALSE,FALSE
"CKAP5",0.67,1.15,0.007,-0.7,FALSE,FALSE
"TMEM134",0.67,1.21,0.007,-0.77,FALSE,FALSE
"ZNF33A",0.67,1.09,0.007,-0.62,FALSE,FALSE
"NFKB2",0.67,1.36,0.007,-0.93,FALSE,FALSE
"LETMD1",0.67,1.14,0.007,-0.68,FALSE,FALSE
"ATP2B1",0.67,1.15,0.007,-0.71,FALSE,FALSE
"PRPF39",0.67,1.15,0.007,-0.7,FALSE,FALSE
"ERO1A",0.67,1.42,0.007,-0.99,FALSE,FALSE
"PPP2R5E",0.67,1.09,0.007,-0.63,FALSE,FALSE
"NEK9",0.67,1.06,0.007,-0.6,FALSE,FALSE
"SNAP23",0.67,1.06,0.007,-0.59,FALSE,FALSE
"ETFA",0.67,1.13,0.007,-0.69,FALSE,FALSE
"NMRAL1",0.67,1.11,0.007,-0.66,FALSE,FALSE
"NFAT5",0.67,1.2,0.007,-0.75,FALSE,FALSE
"PDPR",0.67,0.98,0.007,-0.5,FALSE,FALSE
"KLHDC4",0.67,1.06,0.007,-0.6,FALSE,FALSE
"GOSR1",0.67,1.03,0.007,-0.56,FALSE,FALSE
"TSPOAP1",0.67,1.02,0.007,-0.55,FALSE,FALSE
"MED13",0.67,1.02,0.007,-0.54,FALSE,FALSE
"ZNF750",0.67,0.93,0.007,-0.41,FALSE,FALSE
"CYB5A",0.67,1.09,0.007,-0.63,FALSE,FALSE
"ECSIT",0.67,1.05,0.007,-0.57,FALSE,FALSE
"ZNF671",0.67,0.99,0.007,-0.5,FALSE,FALSE
"TCEA3",0.66,1.1,0.007,-0.66,FALSE,FALSE
"EBNA1BP2",0.66,1.13,0.007,-0.69,FALSE,FALSE
"ALG6",0.66,1.15,0.007,-0.72,FALSE,FALSE
"RAVER2",0.66,1.22,0.007,-0.79,FALSE,FALSE
"ATP5PB",0.66,1.15,0.007,-0.71,FALSE,FALSE
"S100A1",0.66,0.94,0.007,-0.45,FALSE,FALSE
"EPRS1",0.66,1.06,0.007,-0.61,FALSE,FALSE
"MSH2",0.66,1,0.007,-0.53,FALSE,FALSE
"MFF",0.66,1.11,0.007,-0.67,FALSE,FALSE
"LRRC2",0.66,0.94,0.007,-0.44,FALSE,FALSE
"ELP6",0.66,0.84,0.007,-0.32,FALSE,FALSE
"IP6K1",0.66,1.21,0.007,-0.79,FALSE,FALSE
"LAP3",0.66,1.37,0.007,-0.95,FALSE,FALSE
"DNAJC21",0.66,1.14,0.007,-0.71,FALSE,FALSE
"NUP155",0.66,1.13,0.007,-0.7,FALSE,FALSE
"NOL7",0.66,1.18,0.007,-0.76,FALSE,FALSE
"LAMA4",0.66,1.36,0.007,-0.94,FALSE,FALSE
"REPIN1",0.66,1.06,0.007,-0.6,FALSE,FALSE
"IL13RA1",0.66,1.08,0.007,-0.63,FALSE,FALSE
"RFX3",0.66,1.02,0.007,-0.55,FALSE,FALSE
"DAPK1",0.66,0.99,0.007,-0.52,FALSE,FALSE
"EXOSC2",0.66,1.03,0.007,-0.57,FALSE,FALSE
"CWF19L2",0.66,1.26,0.007,-0.83,FALSE,FALSE
"TBCEL",0.66,0.96,0.007,-0.48,FALSE,FALSE
"NCAPD3",0.66,1.01,0.007,-0.54,FALSE,FALSE
"CUL2",0.66,1.2,0.007,-0.77,FALSE,FALSE
"BMS1",0.66,1.32,0.007,-0.9,FALSE,FALSE
"CALHM2",0.66,1.01,0.007,-0.55,FALSE,FALSE
"CALCOCO1",0.66,1.12,0.007,-0.68,FALSE,FALSE
"TMBIM4",0.66,1.26,0.007,-0.84,FALSE,FALSE
"UBE3B",0.66,0.92,0.007,-0.42,FALSE,FALSE
"GIT2",0.66,1.01,0.007,-0.55,FALSE,FALSE
"LEO1",0.66,1.12,0.007,-0.68,FALSE,FALSE
"PSTPIP1",0.66,1.07,0.007,-0.63,FALSE,FALSE
"TMEM204",0.66,1.14,0.007,-0.71,FALSE,FALSE
"PELP1",0.66,1.22,0.007,-0.8,FALSE,FALSE
"MAP2K3",0.66,1.06,0.007,-0.61,FALSE,FALSE
"NSF",0.66,1.03,0.007,-0.58,FALSE,FALSE
"NOP56",0.66,1.13,0.007,-0.69,FALSE,FALSE
"PLCB4",0.66,1.23,0.007,-0.81,FALSE,FALSE
"NCOA3",0.66,1.02,0.007,-0.56,FALSE,FALSE
"DAZAP1",0.66,1.09,0.007,-0.64,FALSE,FALSE
"COX6B2",0.66,1.07,0.007,-0.62,FALSE,FALSE
"APOL3",0.66,1.43,0.007,-1,FALSE,FALSE
"UBE2J2",0.65,1.16,0.007,-0.74,FALSE,FALSE
"PIK3CD",0.65,1.06,0.006,-0.64,FALSE,FALSE
"HYI",0.65,1.27,0.007,-0.87,FALSE,FALSE
"DMAP1",0.65,1.08,0.006,-0.66,FALSE,FALSE
"TYW3",0.65,0.98,0.007,-0.52,FALSE,FALSE
"MIGA1",0.65,1.07,0.007,-0.64,FALSE,FALSE
"POLR3GL",0.65,1.08,0.007,-0.66,FALSE,FALSE
"THADA",0.65,1.14,0.007,-0.73,FALSE,FALSE
"MTLN",0.65,1,0.006,-0.56,FALSE,FALSE
"ORC4",0.65,1.01,0.007,-0.58,FALSE,FALSE
"NDUFS1",0.65,0.89,0.007,-0.4,FALSE,FALSE
"FASTKD2",0.65,1.05,0.007,-0.6,FALSE,FALSE
"NR2C2",0.65,1.04,0.007,-0.6,FALSE,FALSE
"UBA5",0.65,1.11,0.007,-0.68,FALSE,FALSE
"TMEM33",0.65,1.09,0.007,-0.66,FALSE,FALSE
"HSD17B11",0.65,1.27,0.007,-0.86,FALSE,FALSE
"LSM6",0.65,1.21,0.007,-0.8,FALSE,FALSE
"ARFIP1",0.65,1.17,0.007,-0.75,FALSE,FALSE
"GUCY1A1",0.65,1.22,0.007,-0.81,FALSE,FALSE
"ITK",0.65,1.28,0.007,-0.87,FALSE,FALSE
"OGFRL1",0.65,1.11,0.007,-0.68,FALSE,FALSE
"TMEM181",0.65,1.03,0.007,-0.59,FALSE,FALSE
"UBE3C",0.65,1.03,0.007,-0.58,FALSE,FALSE
"LAPTM4B",0.65,1.1,0.007,-0.68,FALSE,FALSE
"TLE4",0.65,1.16,0.007,-0.74,FALSE,FALSE
"LPAR1",0.65,1.21,0.007,-0.8,FALSE,FALSE
"PDCL",0.65,0.96,0.007,-0.48,FALSE,FALSE
"CDC42BPG",0.65,1.1,0.007,-0.67,FALSE,FALSE
"AAMDC",0.65,0.96,0.007,-0.5,FALSE,FALSE
"ZNF32",0.65,1.07,0.007,-0.63,FALSE,FALSE
"DNAJB12",0.65,0.98,0.006,-0.53,FALSE,FALSE
"BORCS7",0.65,1.03,0.006,-0.6,FALSE,FALSE
"CDK2AP1",0.65,1.33,0.007,-0.93,FALSE,FALSE
"ATP6V0A2",0.65,1.06,0.006,-0.64,FALSE,FALSE
"STX2",0.65,1.05,0.007,-0.6,FALSE,FALSE
"SNX6",0.65,1.01,0.007,-0.57,FALSE,FALSE
"MAPK1IP1L",0.65,1.06,0.007,-0.62,FALSE,FALSE
"INF2",0.65,1.33,0.007,-0.94,FALSE,FALSE
"MEF2A",0.65,1.43,0.007,-1.03,FALSE,FALSE
"GPRC5B",0.65,1.23,0.006,-0.83,FALSE,FALSE
"PRR14",0.65,0.98,0.007,-0.53,FALSE,FALSE
"EVI2B",0.65,1.36,0.006,-0.97,FALSE,FALSE
"RFFL",0.65,1.05,0.007,-0.61,FALSE,FALSE
"COPZ2",0.65,1,0.007,-0.55,FALSE,FALSE
"TM9SF4",0.65,1.03,0.007,-0.58,FALSE,FALSE
"NPEPL1",0.65,1.07,0.007,-0.64,FALSE,FALSE
"TRIP10",0.65,1.15,0.007,-0.73,FALSE,FALSE
"PSMC4",0.65,1.09,0.007,-0.66,FALSE,FALSE
"PAFAH1B3",0.65,1.06,0.007,-0.63,FALSE,FALSE
"SDF2L1",0.65,1.11,0.007,-0.69,FALSE,FALSE
"GUCD1",0.65,1.14,0.007,-0.73,FALSE,FALSE
"TP73",0.64,1.06,0.006,-0.65,FALSE,FALSE
"KIAA2013",0.64,1.06,0.006,-0.66,FALSE,FALSE
"ERI3",0.64,1.17,0.006,-0.78,FALSE,FALSE
"LRRC40",0.64,1.08,0.006,-0.67,FALSE,FALSE
"F11R",0.64,1.17,0.006,-0.79,FALSE,FALSE
"DEDD",0.64,1.12,0.006,-0.71,FALSE,FALSE
"PTPN14",0.64,1.12,0.006,-0.71,FALSE,FALSE
"CEBPZOS",0.64,1.11,0.006,-0.71,FALSE,FALSE
"CEBPZ",0.64,1.09,0.006,-0.68,FALSE,FALSE
"COMMD1",0.64,1.03,0.006,-0.61,FALSE,FALSE
"MGAT4A",0.64,1.16,0.006,-0.76,FALSE,FALSE
"NEPRO",0.64,1,0.006,-0.57,FALSE,FALSE
"RGL2",0.64,1.19,0.006,-0.8,FALSE,FALSE
"PRKAR1B",0.64,1.09,0.006,-0.68,FALSE,FALSE
"ZNF783",0.64,0.99,0.006,-0.56,FALSE,FALSE
"ARAF",0.64,1.07,0.006,-0.66,FALSE,FALSE
"THOC2",0.64,1.04,0.006,-0.62,FALSE,FALSE
"BCAP31",0.64,1.1,0.006,-0.7,FALSE,FALSE
"ASAP1",0.64,1.16,0.006,-0.76,FALSE,FALSE
"TRIM21",0.64,1.07,0.006,-0.67,FALSE,FALSE
"SFMBT2",0.64,1.23,0.006,-0.85,FALSE,FALSE
"HK1",0.64,1.24,0.006,-0.85,FALSE,FALSE
"ACSL5",0.64,1.2,0.006,-0.8,FALSE,FALSE
"BUB3",0.64,0.99,0.006,-0.57,FALSE,FALSE
"MYG1",0.64,1.03,0.006,-0.61,FALSE,FALSE
"ZFC3H1",0.64,1.13,0.006,-0.73,FALSE,FALSE
"CHPT1",0.64,1.17,0.006,-0.77,FALSE,FALSE
"CLIP1",0.64,1.1,0.006,-0.69,FALSE,FALSE
"KPNA3",0.64,1.11,0.006,-0.7,FALSE,FALSE
"NEMF",0.64,1.09,0.006,-0.68,FALSE,FALSE
"MEIS2",0.64,1.02,0.007,-0.59,FALSE,FALSE
"RMDN3",0.64,1.08,0.006,-0.67,FALSE,FALSE
"ABHD2",0.64,1.02,0.006,-0.6,FALSE,FALSE
"NGRN",0.64,0.84,0.006,-0.35,FALSE,FALSE
"MARF1",0.64,0.93,0.006,-0.48,FALSE,FALSE
"KIF22",0.64,1.14,0.006,-0.75,FALSE,FALSE
"THAP11",0.64,1.13,0.006,-0.75,FALSE,FALSE
"WDR59",0.64,0.97,0.006,-0.54,FALSE,FALSE
"METTL16",0.64,1.08,0.006,-0.68,FALSE,FALSE
"TRAPPC1",0.64,1.13,0.006,-0.73,FALSE,FALSE
"SGSH",0.64,1.19,0.006,-0.79,FALSE,FALSE
"GPS1",0.64,1.09,0.006,-0.68,FALSE,FALSE
"FLRT3",0.64,1.14,0.006,-0.74,FALSE,FALSE
"RPRD1B",0.64,1.1,0.006,-0.7,FALSE,FALSE
"OSBPL2",0.64,1.14,0.006,-0.73,FALSE,FALSE
"QTRT1",0.64,1.07,0.006,-0.66,FALSE,FALSE
"BABAM1",0.64,1.15,0.006,-0.76,FALSE,FALSE
"COPE",0.64,1.13,0.006,-0.73,FALSE,FALSE
"GATAD2A",0.64,1.07,0.006,-0.67,FALSE,FALSE
"CEP89",0.64,1.03,0.006,-0.61,FALSE,FALSE
"EPN1",0.64,1.09,0.006,-0.68,FALSE,FALSE
"SEPTIN5",0.64,1.13,0.006,-0.74,FALSE,FALSE
"CABIN1",0.64,1.04,0.006,-0.63,FALSE,FALSE
"SF3A1",0.64,1.11,0.006,-0.71,FALSE,FALSE
"CBX6",0.64,1.11,0.007,-0.71,FALSE,FALSE
"NUP50",0.64,1.01,0.006,-0.59,FALSE,FALSE
"ZNF436",0.63,1.07,0.006,-0.68,FALSE,FALSE
"HMGCL",0.63,0.93,0.006,-0.5,FALSE,FALSE
"GMEB1",0.63,1.05,0.006,-0.66,FALSE,FALSE
"ADPRS",0.63,0.98,0.006,-0.56,FALSE,FALSE
"EPS15",0.63,1.2,0.006,-0.82,FALSE,FALSE
"GOLPH3L",0.63,1,0.006,-0.59,FALSE,FALSE
"TP53BP2",0.63,0.99,0.006,-0.57,FALSE,FALSE
"TMEM185B",0.63,1.21,0.006,-0.85,FALSE,FALSE
"SLC40A1",0.63,1.24,0.006,-0.88,FALSE,FALSE
"CMTM6",0.63,1.02,0.006,-0.62,FALSE,FALSE
"GOLGB1",0.63,1.06,0.006,-0.67,FALSE,FALSE
"RAP2B",0.63,1.13,0.006,-0.75,FALSE,FALSE
"CCNL1",0.63,1.11,0.006,-0.73,FALSE,FALSE
"ACTL6A",0.63,0.93,0.006,-0.49,FALSE,FALSE
"PCGF3",0.63,0.98,0.006,-0.58,FALSE,FALSE
"STIM2",0.63,1.25,0.006,-0.89,FALSE,FALSE
"EXOSC9",0.63,1.11,0.006,-0.72,FALSE,FALSE
"HEXB",0.63,1.08,0.006,-0.69,FALSE,FALSE
"DCP2",0.63,1.06,0.006,-0.67,FALSE,FALSE
"NRN1",0.63,1.71,0.006,-1.31,FALSE,FALSE
"EHMT2",0.63,1.17,0.006,-0.81,FALSE,FALSE
"CASD1",0.63,1,0.006,-0.6,FALSE,FALSE
"PPP1R35",0.63,1,0.006,-0.6,FALSE,FALSE
"EPHA1",0.63,0.96,0.006,-0.55,FALSE,FALSE
"CXorf56",0.63,1.03,0.006,-0.63,FALSE,FALSE
"ADGRA2",0.63,1.3,0.006,-0.94,FALSE,FALSE
"EIF3H",0.63,1.23,0.006,-0.87,FALSE,FALSE
"TRAPPC9",0.63,1.02,0.006,-0.62,FALSE,FALSE
"KANK1",0.63,0.96,0.006,-0.54,FALSE,FALSE
"CREB3",0.63,1.11,0.006,-0.72,FALSE,FALSE
"MFSD14B",0.63,1.01,0.006,-0.61,FALSE,FALSE
"EIF4G2",0.63,1.05,0.006,-0.65,FALSE,FALSE
"PRKG1",0.63,1.08,0.006,-0.7,FALSE,FALSE
"TSPAN14",0.63,1.07,0.006,-0.68,FALSE,FALSE
"MYOF",0.63,1.24,0.006,-0.88,FALSE,FALSE
"FRA10AC1",0.63,1,0.006,-0.59,FALSE,FALSE
"ARL1",0.63,1.14,0.006,-0.76,FALSE,FALSE
"PSMB5",0.63,1.08,0.006,-0.69,FALSE,FALSE
"TM9SF1",0.63,1.3,0.006,-0.94,FALSE,FALSE
"SECISBP2L",0.63,1.07,0.006,-0.69,FALSE,FALSE
"TSC2",0.63,1.09,0.006,-0.71,FALSE,FALSE
"KCTD13",0.63,1.08,0.006,-0.68,FALSE,FALSE
"SMPD3",0.63,0.94,0.006,-0.51,FALSE,FALSE
"ARHGAP27",0.63,0.94,0.006,-0.5,FALSE,FALSE
"RPRD1A",0.63,0.99,0.006,-0.57,FALSE,FALSE
"ZCCHC3",0.63,0.97,0.006,-0.55,FALSE,FALSE
"RASAL3",0.63,1.02,0.006,-0.62,FALSE,FALSE
"BLVRB",0.63,1.01,0.006,-0.6,FALSE,FALSE
"CSNK1E",0.63,0.97,0.006,-0.56,FALSE,FALSE
"ADSL",0.63,1.08,0.006,-0.69,FALSE,FALSE
"SNRNP40",0.62,1.11,0.006,-0.74,FALSE,FALSE
"CERS2",0.62,1.28,0.006,-0.93,FALSE,FALSE
"ADAM15",0.62,1.28,0.006,-0.94,FALSE,FALSE
"GON4L",0.62,1.02,0.006,-0.64,FALSE,FALSE
"RNASEH1",0.62,1.08,0.006,-0.7,FALSE,FALSE
"ID2",0.62,1.01,0.006,-0.62,FALSE,FALSE
"ITPRID2",0.62,1.15,0.006,-0.8,FALSE,FALSE
"SLC39A10",0.62,1.19,0.006,-0.84,FALSE,FALSE
"CLASP2",0.62,1.17,0.006,-0.82,FALSE,FALSE
"ZBTB38",0.62,1.22,0.006,-0.87,FALSE,FALSE
"HLTF",0.62,1.04,0.006,-0.66,FALSE,FALSE
"IDUA",0.62,1.11,0.006,-0.75,FALSE,FALSE
"MAEA",0.62,1.06,0.006,-0.68,FALSE,FALSE
"UGDH",0.62,1,0.006,-0.6,FALSE,FALSE
"UTP3",0.62,1.03,0.006,-0.65,FALSE,FALSE
"USO1",0.62,0.97,0.006,-0.58,FALSE,FALSE
"ARHGAP24",0.62,1.06,0.006,-0.69,FALSE,FALSE
"TENT4A",0.62,1.04,0.006,-0.66,FALSE,FALSE
"CCDC28A",0.62,0.97,0.006,-0.57,FALSE,FALSE
"TSPAN13",0.62,1.27,0.006,-0.93,FALSE,FALSE
"CDK13",0.62,1.16,0.006,-0.81,FALSE,FALSE
"PCOLCE",0.62,1.25,0.006,-0.91,FALSE,FALSE
"ZBED1",0.62,0.99,0.006,-0.6,FALSE,FALSE
"FMR1",0.62,1.11,0.006,-0.74,FALSE,FALSE
"HOOK3",0.62,1.09,0.006,-0.72,FALSE,FALSE
"KLF12",0.62,1.09,0.006,-0.73,FALSE,FALSE
"CHD8",0.62,1.19,0.006,-0.83,FALSE,FALSE
"NSMCE3",0.62,1.15,0.006,-0.8,FALSE,FALSE
"DNAJA4",0.62,0.89,0.006,-0.46,FALSE,FALSE
"CD2BP2",0.62,1.14,0.006,-0.78,FALSE,FALSE
"FTL",0.62,1.02,0.006,-0.64,FALSE,FALSE
"EXOSC10",0.61,1.09,0.006,-0.74,FALSE,FALSE
"ALDH4A1",0.61,1.13,0.006,-0.78,FALSE,FALSE
"SELENON",0.61,1.12,0.006,-0.78,FALSE,FALSE
"ARHGAP29",0.61,1.03,0.006,-0.67,FALSE,FALSE
"CEPT1",0.61,0.96,0.006,-0.56,FALSE,FALSE
"DENND2D",0.61,1.32,0.006,-1.01,FALSE,FALSE
"KLHL20",0.61,1.04,0.006,-0.68,FALSE,FALSE
"EIF2D",0.61,1.15,0.006,-0.82,FALSE,FALSE
"HS6ST1",0.61,1.02,0.006,-0.65,FALSE,FALSE
"CCNT2",0.61,0.92,0.006,-0.51,FALSE,FALSE
"EPM2AIP1",0.61,1.05,0.006,-0.7,FALSE,FALSE
"DHX30",0.61,1.1,0.006,-0.75,FALSE,FALSE
"STAB1",0.61,1.08,0.006,-0.73,FALSE,FALSE
"RUVBL1",0.61,1.07,0.006,-0.72,FALSE,FALSE
"PLSCR1",0.61,1.38,0.006,-1.06,FALSE,FALSE
"PARL",0.61,1.08,0.006,-0.73,FALSE,FALSE
"RELL1",0.61,1.24,0.006,-0.92,FALSE,FALSE
"MFSD8",0.61,0.87,0.006,-0.46,FALSE,FALSE
"OTULIN",0.61,1.31,0.006,-0.99,FALSE,FALSE
"WRNIP1",0.61,1.23,0.006,-0.9,FALSE,FALSE
"HSPA1B",0.61,1.11,0.006,-0.78,FALSE,FALSE
"HSD17B8",0.61,1.17,0.006,-0.84,FALSE,FALSE
"CYB5R4",0.61,0.96,0.006,-0.58,FALSE,FALSE
"MIOS",0.61,1.01,0.006,-0.64,FALSE,FALSE
"GNG11",0.61,1.16,0.006,-0.82,FALSE,FALSE
"DNAJB9",0.61,1.07,0.006,-0.73,FALSE,FALSE
"CREB3L2",0.61,1.25,0.006,-0.92,FALSE,FALSE
"MAGED1",0.61,1,0.006,-0.64,FALSE,FALSE
"PHF2",0.61,0.92,0.006,-0.52,FALSE,FALSE
"UCK1",0.61,0.94,0.006,-0.55,FALSE,FALSE
"ACAT1",0.61,1.05,0.006,-0.7,FALSE,FALSE
"RNF214",0.61,1,0.006,-0.63,FALSE,FALSE
"ARHGEF12",0.61,1.19,0.006,-0.85,FALSE,FALSE
"NSMCE4A",0.61,1.12,0.006,-0.78,FALSE,FALSE
"LDHB",0.61,1.04,0.006,-0.68,FALSE,FALSE
"CMAS",0.61,1.26,0.006,-0.94,FALSE,FALSE
"PRKAB1",0.61,1.24,0.006,-0.92,FALSE,FALSE
"HIP1R",0.61,0.97,0.006,-0.6,FALSE,FALSE
"ZC3H13",0.61,1.02,0.006,-0.66,FALSE,FALSE
"ATG14",0.61,1.04,0.006,-0.68,FALSE,FALSE
"POLG",0.61,1.04,0.006,-0.68,FALSE,FALSE
"CEP20",0.61,1.03,0.006,-0.66,FALSE,FALSE
"ZNRF1",0.61,1.04,0.006,-0.69,FALSE,FALSE
"GALNS",0.61,1.1,0.006,-0.74,FALSE,FALSE
"STARD3",0.61,1.12,0.006,-0.78,FALSE,FALSE
"IFI35",0.61,0.97,0.006,-0.6,FALSE,FALSE
"ACOX1",0.61,1.23,0.006,-0.91,FALSE,FALSE
"RAB12",0.61,0.95,0.006,-0.56,FALSE,FALSE
"RIN2",0.61,0.98,0.006,-0.6,FALSE,FALSE
"ZGPAT",0.61,1.05,0.006,-0.69,FALSE,FALSE
"ARID1A",0.6,1.17,0.006,-0.86,FALSE,FALSE
"LRIG2",0.6,1.1,0.006,-0.78,FALSE,FALSE
"ADIPOR1",0.6,1.23,0.006,-0.93,FALSE,FALSE
"CDC42EP3",0.6,1,0.006,-0.65,FALSE,FALSE
"UXS1",0.6,1.08,0.006,-0.75,FALSE,FALSE
"APBB2",0.6,1.09,0.006,-0.77,FALSE,FALSE
"NEURL1B",0.6,1.21,0.006,-0.9,FALSE,FALSE
"SRF",0.6,1,0.006,-0.65,FALSE,FALSE
"EYA4",0.6,1.02,0.006,-0.67,FALSE,FALSE
"SRPK2",0.6,1.01,0.006,-0.66,FALSE,FALSE
"ATXN7L1",0.6,1.03,0.006,-0.7,FALSE,FALSE
"PJA1",0.6,1.04,0.006,-0.69,FALSE,FALSE
"TGS1",0.6,1.08,0.006,-0.76,FALSE,FALSE
"GDAP1",0.6,0.98,0.006,-0.61,FALSE,FALSE
"CPQ",0.6,1.17,0.006,-0.85,FALSE,FALSE
"RGP1",0.6,1.05,0.006,-0.72,FALSE,FALSE
"CD6",0.6,1.02,0.006,-0.68,FALSE,FALSE
"BRMS1",0.6,1.06,0.006,-0.74,FALSE,FALSE
"DIXDC1",0.6,0.93,0.006,-0.55,FALSE,FALSE
"PCSK7",0.6,1.11,0.006,-0.79,FALSE,FALSE
"MMRN2",0.6,1.4,0.006,-1.1,FALSE,FALSE
"LCOR",0.6,1.03,0.006,-0.68,FALSE,FALSE
"INPP5F",0.6,1.2,0.006,-0.9,FALSE,FALSE
"ASB8",0.6,1.01,0.006,-0.66,FALSE,FALSE
"KMT2D",0.6,1.09,0.006,-0.76,FALSE,FALSE
"TAMALIN",0.6,1.13,0.006,-0.81,FALSE,FALSE
"SETD1B",0.6,1.19,0.006,-0.88,FALSE,FALSE
"CCDC92",0.6,1.03,0.006,-0.7,FALSE,FALSE
"CLEC14A",0.6,1.47,0.006,-1.16,FALSE,FALSE
"VTI1B",0.6,0.96,0.006,-0.6,FALSE,FALSE
"MIDEAS",0.6,1.05,0.006,-0.71,FALSE,FALSE
"DLST",0.6,1.01,0.006,-0.67,FALSE,FALSE
"NDUFB1",0.6,1,0.006,-0.66,FALSE,FALSE
"UBR7",0.6,1.07,0.006,-0.75,FALSE,FALSE
"FAM98B",0.6,1.04,0.006,-0.7,FALSE,FALSE
"FGF7",0.6,0.99,0.006,-0.64,FALSE,FALSE
"TRPM7",0.6,1.02,0.006,-0.68,FALSE,FALSE
"DPP8",0.6,1.14,0.006,-0.83,FALSE,FALSE
"IMP3",0.6,1.07,0.006,-0.75,FALSE,FALSE
"EDC4",0.6,1.06,0.006,-0.73,FALSE,FALSE
"GIT1",0.6,1.24,0.006,-0.94,FALSE,FALSE
"CRLS1",0.6,1.08,0.006,-0.76,FALSE,FALSE
"PCIF1",0.6,1.08,0.006,-0.75,FALSE,FALSE
"LSR",0.6,1.03,0.006,-0.69,FALSE,FALSE
"CLPTM1",0.6,1.09,0.006,-0.78,FALSE,FALSE
"CYTH4",0.6,1.09,0.006,-0.76,FALSE,FALSE
"DDOST",0.59,1.14,0.006,-0.85,FALSE,FALSE
"ZNHIT6",0.59,1.02,0.006,-0.69,FALSE,FALSE
"FCMR",0.59,1.2,0.006,-0.92,FALSE,FALSE
"LYPLAL1",0.59,1.1,0.006,-0.8,FALSE,FALSE
"FOXN2",0.59,1.17,0.006,-0.88,FALSE,FALSE
"RNF103",0.59,1.06,0.006,-0.75,FALSE,FALSE
"MGAT5",0.59,1.05,0.006,-0.73,FALSE,FALSE
"DOCK10",0.59,1.09,0.006,-0.79,FALSE,FALSE
"RHBDD1",0.59,0.78,0.006,-0.36,FALSE,FALSE
"KAT2B",0.59,1.01,0.006,-0.68,FALSE,FALSE
"MAP3K1",0.59,1.11,0.006,-0.8,FALSE,FALSE
"YIPF5",0.59,0.93,0.006,-0.59,FALSE,FALSE
"MRNIP",0.59,1.09,0.006,-0.8,FALSE,FALSE
"KIF13A",0.59,0.8,0.006,-0.39,FALSE,FALSE
"FIG4",0.59,1.08,0.006,-0.79,FALSE,FALSE
"FAM3C",0.59,1.13,0.006,-0.83,FALSE,FALSE
"MBNL3",0.59,1.17,0.006,-0.88,FALSE,FALSE
"TDRP",0.59,0.93,0.006,-0.59,FALSE,FALSE
"HMBOX1",0.59,1.03,0.006,-0.71,FALSE,FALSE
"RCL1",0.59,1.07,0.006,-0.77,FALSE,FALSE
"SET",0.59,1.04,0.006,-0.74,FALSE,FALSE
"ARRDC1",0.59,1.11,0.006,-0.81,FALSE,FALSE
"ACP2",0.59,1.31,0.006,-1.03,FALSE,FALSE
"SYVN1",0.59,1.06,0.006,-0.75,FALSE,FALSE
"XPO4",0.59,1.22,0.006,-0.93,FALSE,FALSE
"LPAR6",0.59,1.15,0.006,-0.86,FALSE,FALSE
"PEAK1",0.59,1.11,0.006,-0.8,FALSE,FALSE
"GOT2",0.59,0.97,0.006,-0.64,FALSE,FALSE
"ZNF337",0.59,0.86,0.006,-0.47,FALSE,FALSE
"ZNF561",0.59,1.06,0.006,-0.75,FALSE,FALSE
"ANKRD27",0.59,0.98,0.006,-0.64,FALSE,FALSE
"EML2",0.59,0.92,0.006,-0.56,FALSE,FALSE
"DEPDC5",0.59,1.04,0.006,-0.72,FALSE,FALSE
"CYYR1",0.59,1.17,0.006,-0.89,FALSE,FALSE
"IFI44L",0.58,1.15,0.006,-0.88,FALSE,FALSE
"EFNA1",0.58,1.15,0.006,-0.88,FALSE,FALSE
"RALGPS2",0.58,1.42,0.006,-1.16,FALSE,FALSE
"CNOT9",0.58,1.15,0.006,-0.87,FALSE,FALSE
"ALCAM",0.58,0.8,0.006,-0.4,FALSE,FALSE
"IFT57",0.58,1.04,0.006,-0.74,FALSE,FALSE
"NPHP3",0.58,0.86,0.006,-0.49,FALSE,FALSE
"FIP1L1",0.58,1.04,0.006,-0.75,FALSE,FALSE
"RAP1GDS1",0.58,0.98,0.006,-0.67,FALSE,FALSE
"SLC39A8",0.58,1.01,0.006,-0.71,FALSE,FALSE
"ANKRA2",0.58,1.06,0.006,-0.77,FALSE,FALSE
"TCOF1",0.58,1,0.006,-0.68,FALSE,FALSE
"ECI2",0.58,1.23,0.006,-0.97,FALSE,FALSE
"ENPP4",0.58,1.03,0.006,-0.74,FALSE,FALSE
"SNX13",0.58,0.97,0.006,-0.65,FALSE,FALSE
"ZNF711",0.58,1.02,0.006,-0.71,FALSE,FALSE
"RNF20",0.58,0.88,0.006,-0.52,FALSE,FALSE
"DPP7",0.58,1.13,0.006,-0.86,FALSE,FALSE
"PACSIN3",0.58,1.01,0.006,-0.71,FALSE,FALSE
"ATM",0.58,1.2,0.006,-0.94,FALSE,FALSE
"DDX21",0.58,1.14,0.006,-0.86,FALSE,FALSE
"CLN5",0.58,1.11,0.006,-0.82,FALSE,FALSE
"FAM32A",0.58,1.05,0.006,-0.76,FALSE,FALSE
"PI4KB",0.57,1.02,0.006,-0.73,FALSE,FALSE
"VAMP5",0.57,1.11,0.006,-0.86,FALSE,FALSE
"NELFA",0.57,1.06,0.006,-0.8,FALSE,FALSE
"KLHL5",0.57,0.84,0.006,-0.48,FALSE,FALSE
"DCUN1D4",0.57,1.05,0.006,-0.77,FALSE,FALSE
"AGGF1",0.57,1,0.006,-0.71,FALSE,FALSE
"APBB3",0.57,0.85,0.006,-0.5,FALSE,FALSE
"SYNPO",0.57,1.09,0.006,-0.83,FALSE,FALSE
"MICA",0.57,0.9,0.006,-0.57,FALSE,FALSE
"FAM126A",0.57,1.03,0.006,-0.75,FALSE,FALSE
"DOCK11",0.57,1.04,0.006,-0.76,FALSE,FALSE
"NIBAN2",0.57,1.26,0.006,-1.02,FALSE,FALSE
"FZD4",0.57,1.13,0.006,-0.88,FALSE,FALSE
"CTSC",0.57,1.48,0.006,-1.24,FALSE,FALSE
"IRAK4",0.57,1.13,0.006,-0.86,FALSE,FALSE
"DRAM1",0.57,1.3,0.006,-1.07,FALSE,FALSE
"PCCA",0.57,1.02,0.006,-0.74,FALSE,FALSE
"PIP4P1",0.57,0.96,0.006,-0.65,FALSE,FALSE
"IFI27L2",0.57,1.01,0.006,-0.73,FALSE,FALSE
"GATM",0.57,1.03,0.006,-0.74,FALSE,FALSE
"UBE2Q2",0.57,0.93,0.006,-0.61,FALSE,FALSE
"AKAP1",0.57,1.06,0.006,-0.78,FALSE,FALSE
"ZMYND8",0.57,1,0.006,-0.72,FALSE,FALSE
"ZNF559",0.57,1.06,0.006,-0.78,FALSE,FALSE
"DNMT1",0.57,1.05,0.006,-0.77,FALSE,FALSE
"TMEM184B",0.57,1.07,0.006,-0.79,FALSE,FALSE
"MRTFA",0.57,1.22,0.006,-0.97,FALSE,FALSE
"ISG15",0.56,0.95,0.006,-0.66,FALSE,FALSE
"LDLRAP1",0.56,1.11,0.006,-0.86,FALSE,FALSE
"CCDC88A",0.56,1.16,0.006,-0.93,FALSE,FALSE
"OBSL1",0.56,1.11,0.006,-0.86,FALSE,FALSE
"ARIH2",0.56,0.84,0.006,-0.5,FALSE,FALSE
"GFM1",0.56,1.25,0.006,-1.02,FALSE,FALSE
"GOLIM4",0.56,1.24,0.006,-1.01,FALSE,FALSE
"MAPK9",0.56,0.86,0.006,-0.53,FALSE,FALSE
"UQCC2",0.56,0.66,0.006,-0.21,FALSE,FALSE
"HUS1",0.56,0.74,0.006,-0.33,FALSE,FALSE
"TSC22D4",0.56,1.08,0.006,-0.84,FALSE,FALSE
"MROH1",0.56,0.87,0.006,-0.55,FALSE,FALSE
"PHF19",0.56,1.03,0.006,-0.79,FALSE,FALSE
"PMPCA",0.56,0.94,0.006,-0.66,FALSE,FALSE
"IFITM2",0.56,1.19,0.006,-0.96,FALSE,FALSE
"PHF21A",0.56,1.19,0.006,-0.98,FALSE,FALSE
"ABI1",0.56,1.17,0.006,-0.95,FALSE,FALSE
"PLEKHA1",0.56,1.09,0.006,-0.85,FALSE,FALSE
"DDX54",0.56,1.04,0.006,-0.79,FALSE,FALSE
"NUP58",0.56,1.08,0.006,-0.83,FALSE,FALSE
"CHSY1",0.56,0.97,0.006,-0.71,FALSE,FALSE
"RBBP6",0.56,1.07,0.006,-0.81,FALSE,FALSE
"TRAPPC2L",0.56,1.07,0.006,-0.82,FALSE,FALSE
"DLGAP4",0.56,1.04,0.006,-0.78,FALSE,FALSE
"POLR2E",0.56,1.02,0.006,-0.76,FALSE,FALSE
"PSENEN",0.56,1.08,0.006,-0.85,FALSE,FALSE
"CERK",0.56,1.08,0.006,-0.84,FALSE,FALSE
"GTF3C2",0.55,0.92,0.006,-0.64,FALSE,FALSE
"MTIF2",0.55,1,0.005,-0.77,FALSE,FALSE
"PDK1",0.55,1.13,0.006,-0.91,FALSE,FALSE
"OXSR1",0.55,1.23,0.005,-1.04,FALSE,FALSE
"ENOPH1",0.55,1.09,0.005,-0.87,FALSE,FALSE
"CCNG1",0.55,1.06,0.005,-0.83,FALSE,FALSE
"TMEM14B",0.55,0.79,0.005,-0.46,FALSE,FALSE
"MTPN",0.55,1.03,0.006,-0.79,FALSE,FALSE
"VMA21",0.55,0.98,0.006,-0.72,FALSE,FALSE
"VPS37A",0.55,0.89,0.006,-0.6,FALSE,FALSE
"ASAH1",0.55,1.1,0.006,-0.87,FALSE,FALSE
"GOLGA7",0.55,0.98,0.005,-0.75,FALSE,FALSE
"SETX",0.55,0.98,0.006,-0.73,FALSE,FALSE
"PCID2",0.55,1.09,0.006,-0.86,FALSE,FALSE
"HSPA13",0.55,1.05,0.006,-0.81,FALSE,FALSE
"PLOD1",0.54,0.92,0.005,-0.68,FALSE,FALSE
"TENT5C",0.54,0.96,0.005,-0.73,FALSE,FALSE
"ABCF3",0.54,0.9,0.005,-0.63,FALSE,FALSE
"FKBP9",0.54,0.84,0.005,-0.55,FALSE,FALSE
"ZNF706",0.54,1.11,0.005,-0.93,FALSE,FALSE
"BCCIP",0.54,1.01,0.005,-0.8,FALSE,FALSE
"RIPOR1",0.54,1.1,0.005,-0.9,FALSE,FALSE
"RNF138",0.54,0.91,0.005,-0.66,FALSE,FALSE
"PDIA6",0.53,1.13,0.005,-0.98,FALSE,FALSE
"NOP14",0.53,1.11,0.005,-0.94,FALSE,FALSE
"ANTXR2",0.53,1.11,0.005,-0.93,FALSE,FALSE
"SH3BGRL2",0.53,1.16,0.005,-1,FALSE,FALSE
"MKLN1",0.53,0.94,0.005,-0.72,FALSE,FALSE
"TSPAN7",0.53,1.58,0.005,-1.42,FALSE,FALSE
"MAGT1",0.53,1.09,0.005,-0.92,FALSE,FALSE
"PDLIM2",0.53,1.12,0.005,-0.96,FALSE,FALSE
"LSM1",0.53,0.9,0.005,-0.68,FALSE,FALSE
"GAA",0.53,0.69,0.005,-0.33,FALSE,FALSE
"FBXO46",0.53,1.05,0.005,-0.88,FALSE,FALSE
"MGLL",0.52,1.09,0.005,-0.94,FALSE,FALSE
"ADAM28",0.52,1.12,0.005,-0.99,FALSE,FALSE
"ATP6V1C1",0.52,0.98,0.005,-0.79,FALSE,FALSE
"RIC8A",0.52,0.76,0.005,-0.48,FALSE,FALSE
"ZBED5",0.52,1.21,0.005,-1.07,FALSE,FALSE
"LMO2",0.52,1.14,0.005,-1,FALSE,FALSE
"CASP4",0.52,1.03,0.005,-0.87,FALSE,FALSE
"IFIT5",0.52,1.09,0.005,-0.94,FALSE,FALSE
"BTAF1",0.52,0.86,0.005,-0.63,FALSE,FALSE
"FKBP11",0.52,1.24,0.005,-1.11,FALSE,FALSE
"ANKRD13A",0.52,0.88,0.005,-0.66,FALSE,FALSE
"NAA30",0.52,0.77,0.005,-0.48,FALSE,FALSE
"SPTLC2",0.52,1.08,0.005,-0.93,FALSE,FALSE
"RIN3",0.52,1.11,0.005,-0.97,FALSE,FALSE
"SHFL",0.52,0.85,0.005,-0.6,FALSE,FALSE
"FOSB",0.52,0.76,0.005,-0.47,FALSE,FALSE
"AVL9",0.51,0.59,0.005,-0.18,FALSE,FALSE
"FASTK",0.51,0.66,0.005,-0.31,FALSE,FALSE
"PGM5",0.51,1.2,0.005,-1.1,FALSE,FALSE
"NMRK1",0.51,1.1,0.005,-0.96,FALSE,FALSE
"AGTPBP1",0.51,0.75,0.005,-0.49,FALSE,FALSE
"SH2D3C",0.51,0.98,0.005,-0.83,FALSE,FALSE
"B3GAT3",0.51,0.7,0.005,-0.38,FALSE,FALSE
"PTPN6",0.51,1.14,0.005,-1.02,FALSE,FALSE
"EXOSC6",0.51,0.65,0.005,-0.31,FALSE,FALSE
"JAM2",0.51,1.55,0.005,-1.45,FALSE,FALSE
"RAMP3",0.5,1.22,0.005,-1.13,FALSE,FALSE
"NAT10",0.5,1.03,0.005,-0.91,FALSE,FALSE
"FAM241A",0.49,1.11,0.005,-1.05,FALSE,FALSE
"ZNF394",0.49,0.74,0.005,-0.5,FALSE,FALSE
"P2RY10",0.49,1.1,0.005,-1.03,FALSE,FALSE
"CUEDC1",0.49,0.69,0.005,-0.42,FALSE,FALSE
"CD93",0.49,1.23,0.005,-1.18,FALSE,FALSE
"OSER1",0.49,0.64,0.005,-0.34,FALSE,FALSE
"GIMAP8",0.48,1.35,0.005,-1.33,FALSE,FALSE
"EXOC3L4",0.48,0.64,0.005,-0.35,FALSE,FALSE
"ZC3H18",0.48,0.7,0.005,-0.45,FALSE,FALSE
"CERS6",0.47,1,0.005,-0.95,FALSE,FALSE
"BBX",0.47,0.65,0.005,-0.41,FALSE,FALSE
"TAGAP",0.47,1.08,0.005,-1.05,FALSE,FALSE
"PAXIP1",0.47,0.74,0.005,-0.55,FALSE,FALSE
"AP3S2",0.47,0.56,0.005,-0.21,FALSE,FALSE
"THRA",0.47,0.52,0.005,-0.12,FALSE,FALSE
"ADGRL2",0.46,0.51,0.005,-0.13,FALSE,FALSE
"PPA2",0.46,0.91,0.005,-0.86,FALSE,FALSE
"STEAP4",0.46,1.13,0.005,-1.12,FALSE,FALSE
"POU2AF1",0.46,1.24,0.005,-1.26,FALSE,FALSE
"GPR183",0.46,0.92,0.005,-0.87,FALSE,FALSE
"KHNYN",0.46,0.79,0.005,-0.69,FALSE,FALSE
"COTL1",0.46,1.11,0.005,-1.11,FALSE,FALSE
"MAP3K3",0.46,1.06,0.005,-1.06,FALSE,FALSE
"SIL1",0.45,0.52,0.004,-0.17,FALSE,FALSE
"AACS",0.45,0.74,0.005,-0.6,FALSE,FALSE
"SYNE3",0.45,0.96,0.004,-0.96,FALSE,FALSE
"SETDB1",0.44,0.59,0.004,-0.34,FALSE,FALSE
"SLC37A3",0.44,0.49,0.004,-0.13,FALSE,FALSE
"ZNF444",0.44,0.61,0.004,-0.4,FALSE,FALSE
"HVCN1",0.43,1.16,0.004,-1.24,FALSE,FALSE
"BCAS3",0.43,0.72,0.004,-0.64,FALSE,FALSE
"CTNNBL1",0.43,0.71,0.004,-0.6,FALSE,FALSE
"ACKR1",0.42,1.66,0.004,-1.77,FALSE,FALSE
"S1PR1",0.41,1.13,0.004,-1.28,FALSE,FALSE
"TNPO2",0.41,0.58,0.004,-0.42,FALSE,FALSE
"HES4",0.4,0.32,0.004,0.27,FALSE,FALSE
"RAB6A",0.4,0.5,0.004,-0.25,FALSE,FALSE
"OAS2",0.4,1.17,0.004,-1.34,FALSE,FALSE
"TMEM185A",0.38,0.62,0.004,-0.59,FALSE,FALSE
"RELB",0.38,0.81,0.004,-0.92,FALSE,FALSE
"NUDCD2",0.37,0.49,0.004,-0.33,FALSE,FALSE
"POLR1E",0.37,0.49,0.004,-0.33,FALSE,FALSE
"SEM1",0.36,0.47,0.004,-0.31,FALSE,FALSE
"NFIL3",0.36,0.38,0.004,-0.06,FALSE,FALSE
"LDLRAD4",0.35,0.31,0.004,0.13,FALSE,FALSE
"METTL5",0.34,0.41,0.003,-0.2,FALSE,FALSE
"RSPO3",0.33,0.53,0.003,-0.56,FALSE,FALSE
"SPTLC1",0.31,0.55,0.003,-0.65,FALSE,FALSE
"DIS3L",0.31,0.43,0.003,-0.36,FALSE,FALSE
"UBE2E2",0.3,0.39,0.003,-0.3,FALSE,FALSE
"GPN3",0.3,0.38,0.003,-0.24,FALSE,FALSE
"S100A8",0.29,1.62,0.003,-2.13,FALSE,FALSE
"SRM",0.28,0.36,0.003,-0.29,FALSE,FALSE
"GBE1",0.28,0.4,0.003,-0.39,FALSE,FALSE
"TSC22D2",0.28,0.33,0.003,-0.17,FALSE,FALSE
"IBTK",0.28,0.38,0.003,-0.34,FALSE,FALSE
"DUSP14",0.28,0.32,0.003,-0.14,FALSE,FALSE
"ACSL3",0.27,0.45,0.003,-0.58,FALSE,FALSE
"RBM19",0.26,0.33,0.003,-0.23,FALSE,FALSE
"UBE2K",0.25,0.37,0.002,-0.46,FALSE,FALSE
"ARL4A",0.25,0.5,0.003,-0.77,FALSE,FALSE
"SNX29",0.25,0.29,0.003,-0.14,FALSE,FALSE
"DDX58",0.24,0.3,0.002,-0.24,FALSE,FALSE
"CUL4A",0.24,0.31,0.002,-0.26,FALSE,FALSE
"ZNRF2",0.23,0.33,0.002,-0.39,FALSE,FALSE
"PSMC2",0.22,0.27,0.002,-0.21,FALSE,FALSE
"DNAJC1",0.22,0.17,0.002,0.26,FALSE,FALSE
"TMEM101",0.22,0.26,0.002,-0.17,FALSE,FALSE
"PPM1F",0.22,0.28,0.002,-0.23,FALSE,FALSE
"AKAP17A",0.21,0.25,0.002,-0.17,FALSE,FALSE
"NGDN",0.21,0.33,0.002,-0.47,FALSE,FALSE
"JTB",0.2,0.21,0.002,-0.04,FALSE,FALSE
"PLEKHO2",0.2,0.27,0.002,-0.33,FALSE,FALSE
"GOLGA5",0.19,0.17,0.002,0.08,FALSE,FALSE
"FBXO25",0.18,0.21,0.002,-0.13,FALSE,FALSE
"MICU2",0.18,0.22,0.002,-0.15,FALSE,FALSE
"BTBD7",0.16,0.16,0.002,-0.01,FALSE,FALSE
"CCNK",0.16,0.16,0.002,-0.03,FALSE,FALSE
"PIH1D1",0.16,0.14,0.002,0.14,FALSE,FALSE
"SMG5",0.15,0.2,0.002,-0.27,FALSE,FALSE
"FMNL2",0.15,0.11,0.002,0.27,FALSE,FALSE
"TMEM19",0.15,0.16,0.002,-0.02,FALSE,FALSE
"AMFR",0.15,0.09,0.002,0.39,FALSE,FALSE
"SRP68",0.14,0.14,0.001,-0.04,FALSE,FALSE
"GET3",0.14,0.1,0.001,0.26,FALSE,FALSE
"RHOU",0.13,0.09,0.001,0.24,FALSE,FALSE
"HBB",0.13,0.15,0.002,-0.14,FALSE,FALSE
"MYH8",0.13,0.17,0.002,-0.23,FALSE,FALSE
"IER5",0.12,0.15,0.001,-0.15,FALSE,FALSE
"CRCP",0.12,0.12,0.001,-0.05,FALSE,FALSE
"TMEM140",0.12,0.11,0.001,0.05,FALSE,FALSE
"TIMM22",0.12,0.15,0.001,-0.18,FALSE,FALSE
"EGLN2",0.12,0.08,0.001,0.3,FALSE,FALSE
"TAGLN2",0.11,0.07,0.001,0.28,FALSE,FALSE
"PPP3CC",0.11,0.19,0.001,-0.48,FALSE,FALSE
"HBD",0.11,0.13,0.003,-0.1,FALSE,FALSE
"CUEDC2",0.11,0.08,0.001,0.23,FALSE,FALSE
"FUT8",0.11,0.1,0.001,0.12,FALSE,FALSE
"LPCAT1",0.1,0.09,0.001,0.07,FALSE,FALSE
"CSNK1G3",0.1,0.12,0.001,-0.18,FALSE,FALSE
"MLX",0.1,0.1,0.001,0.05,FALSE,FALSE
"TFIP11",0.1,0.05,0.001,0.35,FALSE,FALSE
"ACTG2",0.09,0.08,0.001,0.08,FALSE,FALSE
"CARMIL1",0.09,0.09,0.001,0.04,FALSE,FALSE
"IFIT3",0.09,0.09,0.001,0.04,FALSE,FALSE
"CD69",0.09,0.09,0.001,0.06,FALSE,FALSE
"RAB27A",0.09,0.09,0.001,-0.04,FALSE,FALSE
"ZNF830",0.09,0.09,0.001,0.01,FALSE,FALSE
"RNF185",0.09,0.07,0.001,0.12,FALSE,FALSE
"VWA1",0.08,0.08,0.001,0,FALSE,FALSE
"PIGK",0.08,0.06,0.001,0.13,FALSE,FALSE
"AP4B1",0.08,0.14,0.001,-0.4,FALSE,FALSE
"TIA1",0.08,0.13,0.001,-0.34,FALSE,FALSE
"MTREX",0.08,0.07,0.001,0.06,FALSE,FALSE
"HDAC2",0.08,0.15,0.001,-0.51,FALSE,FALSE
"GAPVD1",0.08,0.07,0.001,0.08,FALSE,FALSE
"STN1",0.08,0.1,0.001,-0.16,FALSE,FALSE
"SNUPN",0.08,0.06,0.001,0.19,FALSE,FALSE
"MLH1",0.07,0.04,0.001,0.27,FALSE,FALSE
"RNF4",0.07,0.05,0.001,0.12,FALSE,FALSE
"CEP44",0.07,0.05,0.001,0.21,FALSE,FALSE
"FAM13B",0.07,0.04,0.001,0.23,FALSE,FALSE
"HMMR",0.07,0.03,0.001,0.39,FALSE,FALSE
"ARFIP2",0.07,0.05,0.001,0.15,FALSE,FALSE
"CHCHD1",0.07,0.1,0.001,-0.24,FALSE,FALSE
"RERGL",0.07,0.08,0.001,-0.1,FALSE,FALSE
"PPP1CC",0.07,0.05,0.001,0.18,FALSE,FALSE
"PCP4",0.07,0.1,0.001,-0.26,FALSE,FALSE
"ADGRB2",0.06,0.04,0.001,0.17,FALSE,FALSE
"MAGOH",0.06,0.05,0.001,0.06,FALSE,FALSE
"HES6",0.06,0.04,0.001,0.2,FALSE,FALSE
"GNB4",0.06,0.06,0.001,-0.05,FALSE,FALSE
"PCYT1A",0.06,0.06,0.001,0.01,FALSE,FALSE
"EXOC2",0.06,0.06,0.001,-0.02,FALSE,FALSE
"PLOD3",0.06,0.05,0.001,0.03,FALSE,FALSE
"ZNF800",0.06,0.05,0.001,0.08,FALSE,FALSE
"SHB",0.06,0.05,0.001,0.06,FALSE,FALSE
"BCL7A",0.06,0.06,0.001,0,FALSE,FALSE
"CTSG",0.06,0.11,0.001,-0.38,FALSE,FALSE
"CIB2",0.06,0.08,0.001,-0.17,FALSE,FALSE
"PAGR1",0.06,0.05,0.001,0.08,FALSE,FALSE
"ACSF3",0.06,0.08,0.001,-0.16,FALSE,FALSE
"GAS7",0.06,0.06,0.001,-0.02,FALSE,FALSE
"RASD1",0.06,0.04,0.001,0.2,FALSE,FALSE
"HDAC5",0.06,0.05,0.001,0.03,FALSE,FALSE
"PES1",0.06,0.06,0.001,-0.02,FALSE,FALSE
"PIK3R3",0.05,0.07,0.001,-0.11,FALSE,FALSE
"GFI1",0.05,0.04,0.001,0.11,FALSE,FALSE
"ATP8B2",0.05,0.05,0.001,-0.01,FALSE,FALSE
"MPZL1",0.05,0.1,0,-0.43,FALSE,FALSE
"PTPRC",0.05,0.06,0.001,-0.07,FALSE,FALSE
"CENPF",0.05,0.04,0,0.04,FALSE,FALSE
"LGALS8",0.05,0.06,0,-0.15,FALSE,FALSE
"CYP27A1",0.05,0.04,0.001,0.1,FALSE,FALSE
"TCAIM",0.05,0.04,0.001,0.13,FALSE,FALSE
"TTC14",0.05,0.07,0.001,-0.17,FALSE,FALSE
"CXCL10",0.05,0.15,0.001,-0.76,FALSE,FALSE
"SCLT1",0.05,0.03,0,0.22,FALSE,FALSE
"UFSP2",0.05,0.04,0,0.07,FALSE,FALSE
"BRIX1",0.05,0.05,0.001,-0.04,FALSE,FALSE
"CWC27",0.05,0.05,0,0.01,FALSE,FALSE
"SRFBP1",0.05,0.06,0,-0.15,FALSE,FALSE
"FAM53C",0.05,0.05,0,0.01,FALSE,FALSE
"TRIM26",0.05,0.05,0.001,-0.04,FALSE,FALSE
"HSPA1A",0.05,0.05,0.001,0.08,FALSE,FALSE
"RXRB",0.05,0.03,0.001,0.16,FALSE,FALSE
"BAK1",0.05,0.03,0.001,0.16,FALSE,FALSE
"INTS1",0.05,0.07,0.001,-0.17,FALSE,FALSE
"COPS6",0.05,0.06,0,-0.1,FALSE,FALSE
"ZNF277",0.05,0.05,0,-0.05,FALSE,FALSE
"EZH2",0.05,0.07,0.001,-0.13,FALSE,FALSE
"PDIA4",0.05,0.06,0,-0.1,FALSE,FALSE
"SH3KBP1",0.05,0.06,0.001,-0.07,FALSE,FALSE
"MAOA",0.05,0.06,0.001,-0.06,FALSE,FALSE
"ARMCX1",0.05,0.04,0,0.1,FALSE,FALSE
"TNKS",0.05,0.06,0,-0.15,FALSE,FALSE
"SLC7A2",0.05,0.03,0.001,0.26,FALSE,FALSE
"NEFL",0.05,0.07,0,-0.2,FALSE,FALSE
"ARFGEF1",0.05,0.08,0.001,-0.2,FALSE,FALSE
"PKIA",0.05,0.04,0,0.04,FALSE,FALSE
"ZC2HC1A",0.05,0.07,0.001,-0.16,FALSE,FALSE
"HNRNPK",0.05,0.05,0.001,0.01,FALSE,FALSE
"ZNF189",0.05,0.06,0.001,-0.12,FALSE,FALSE
"TUBB4B",0.05,0.04,0.001,0.1,FALSE,FALSE
"TRIM5",0.05,0.05,0.001,-0.04,FALSE,FALSE
"AMBRA1",0.05,0.03,0,0.16,FALSE,FALSE
"EFEMP2",0.05,0.02,0,0.29,FALSE,FALSE
"VWA5A",0.05,0.06,0.001,-0.07,FALSE,FALSE
"MTPAP",0.05,0.03,0.001,0.2,FALSE,FALSE
"NCOA4",0.05,0.06,0.001,-0.06,FALSE,FALSE
"RAB11FIP2",0.05,0.04,0,0.07,FALSE,FALSE
"IKZF5",0.05,0.06,0.001,-0.07,FALSE,FALSE
"PPP2R2D",0.05,0.04,0,0.04,FALSE,FALSE
"SENP1",0.05,0.06,0,-0.1,FALSE,FALSE
"TMPO",0.05,0.05,0.001,0.02,FALSE,FALSE
"BCL2L2",0.05,0.03,0.001,0.19,FALSE,FALSE
"ARF6",0.05,0.04,0,0.1,FALSE,FALSE
"FERMT2",0.05,0.04,0.001,0.1,FALSE,FALSE
"LTBP2",0.05,0.05,0,-0.02,FALSE,FALSE
"RCOR1",0.05,0.03,0.001,0.23,FALSE,FALSE
"GABPB1",0.05,0.05,0,0.01,FALSE,FALSE
"ANP32A",0.05,0.03,0,0.13,FALSE,FALSE
"HMOX2",0.05,0.07,0,-0.18,FALSE,FALSE
"MT1X",0.05,0.03,0.001,0.23,FALSE,FALSE
"NAE1",0.05,0.04,0.001,0.07,FALSE,FALSE
"TAF1C",0.05,0.04,0.001,0.17,FALSE,FALSE
"INPP5K",0.05,0.05,0,-0.07,FALSE,FALSE
"SGSM2",0.05,0.06,0,-0.13,FALSE,FALSE
"MIEN1",0.05,0.04,0,0.07,FALSE,FALSE
"UTP18",0.05,0.03,0,0.22,FALSE,FALSE
"ERN1",0.05,0.05,0.001,0.08,FALSE,FALSE
"CENPX",0.05,0.06,0,-0.13,FALSE,FALSE
"ACAA2",0.05,0.03,0,0.13,FALSE,FALSE
"TPX2",0.05,0.06,0.001,-0.06,FALSE,FALSE
"SCAND1",0.05,0.04,0.001,0.17,FALSE,FALSE
"PTGIS",0.05,0.04,0.001,0.17,FALSE,FALSE
"STK11",0.05,0.04,0,0.07,FALSE,FALSE
"CD320",0.05,0.07,0,-0.2,FALSE,FALSE
"ARMC6",0.05,0.04,0.001,0.14,FALSE,FALSE
"ZNF254",0.05,0.04,0.001,0.07,FALSE,FALSE
"U2AF1L4",0.05,0.02,0,0.26,FALSE,FALSE
"ZNF83",0.05,0.07,0,-0.18,FALSE,FALSE
"ZNF460",0.05,0.04,0,0.07,FALSE,FALSE
"MTMR3",0.05,0.04,0,0.1,FALSE,FALSE
"SMTN",0.05,0.03,0.001,0.19,FALSE,FALSE
"MCM5",0.05,0.06,0,-0.13,FALSE,FALSE
"NCAPH2",0.05,0.07,0,-0.25,FALSE,FALSE
"PER3",0.04,0.07,0,-0.31,FALSE,FALSE
"MFN2",0.04,0.03,0,0.05,FALSE,FALSE
"MACO1",0.04,0.05,0,-0.18,FALSE,FALSE
"UBXN11",0.04,0.05,0,-0.1,FALSE,FALSE
"KIAA0319L",0.04,0.06,0,-0.22,FALSE,FALSE
"RRAGC",0.04,0.05,0,-0.11,FALSE,FALSE
"MED8",0.04,0.05,0,-0.18,FALSE,FALSE
"ST3GAL3",0.04,0.04,0,-0.07,FALSE,FALSE
"NDC1",0.04,0.03,0,0.02,FALSE,FALSE
"TACSTD2",0.04,0.07,0,-0.32,FALSE,FALSE
"CACHD1",0.04,0.03,0,0.12,FALSE,FALSE
"GADD45A",0.04,0.02,0,0.18,FALSE,FALSE
"LPAR3",0.04,0.04,0,-0.01,FALSE,FALSE
"AGL",0.04,0.05,0,-0.16,FALSE,FALSE
"SLC16A1",0.04,0.05,0,-0.03,FALSE,FALSE
"OLFML3",0.04,0.07,0,-0.29,FALSE,FALSE
"CTSK",0.04,0.07,0,-0.34,FALSE,FALSE
"NAXE",0.04,0.06,0,-0.24,FALSE,FALSE
"CD1D",0.04,0.06,0,-0.19,FALSE,FALSE
"USP21",0.04,0.02,0,0.22,FALSE,FALSE
"RGL1",0.04,0.05,0,-0.1,FALSE,FALSE
"ASPM",0.04,0.04,0,0,FALSE,FALSE
"TIMM17A",0.04,0.03,0,0.15,FALSE,FALSE
"FMOD",0.04,0.04,0,-0.01,FALSE,FALSE
"PIK3C2B",0.04,0.04,0,-0.07,FALSE,FALSE
"RBBP5",0.04,0.01,0,0.25,FALSE,FALSE
"DSTYK",0.04,0.06,0,-0.21,FALSE,FALSE
"RRP15",0.04,0.05,0,-0.08,FALSE,FALSE
"COQ8A",0.04,0.04,0,-0.07,FALSE,FALSE
"UBXN2A",0.04,0.04,0,0,FALSE,FALSE
"LCLAT1",0.04,0.03,0,0.05,FALSE,FALSE
"CAMKMT",0.04,0.06,0,-0.2,FALSE,FALSE
"PIGF",0.04,0.04,0,0.03,FALSE,FALSE
"SLC1A4",0.04,0.04,0,0.06,FALSE,FALSE
"CNRIP1",0.04,0.03,0,0.08,FALSE,FALSE
"ARHGAP25",0.04,0.07,0,-0.27,FALSE,FALSE
"TEX261",0.04,0.05,0,-0.16,FALSE,FALSE
"RNF181",0.04,0.03,0,0.05,FALSE,FALSE
"C2orf49",0.04,0.03,0,0.05,FALSE,FALSE
"CD8B2",0.04,0.05,0,-0.11,FALSE,FALSE
"CHCHD5",0.04,0.04,0,-0.03,FALSE,FALSE
"IMP4",0.04,0.04,0,-0.07,FALSE,FALSE
"STAM2",0.04,0.04,0,0,FALSE,FALSE
"GCA",0.04,0.05,0,-0.1,FALSE,FALSE
"BBS5",0.04,0.06,0,-0.17,FALSE,FALSE
"CALCRL",0.04,0.07,0,-0.32,FALSE,FALSE
"ATIC",0.04,0.04,0,-0.01,FALSE,FALSE
"RNF25",0.04,0.04,0,-0.07,FALSE,FALSE
"TUBA4A",0.04,0.02,0,0.15,FALSE,FALSE
"DIS3L2",0.04,0.02,0,0.22,FALSE,FALSE
"CRELD1",0.04,0.04,0,0.06,FALSE,FALSE
"MKRN2",0.04,0.07,0,-0.21,FALSE,FALSE
"CCDC174",0.04,0.02,0,0.18,FALSE,FALSE
"AZI2",0.04,0.04,0,0.06,FALSE,FALSE
"CTNNB1",0.04,0.04,0,0,FALSE,FALSE
"ULK4",0.04,0.03,0,0.05,FALSE,FALSE
"SEC22C",0.04,0.03,0,0.11,FALSE,FALSE
"EXOSC7",0.04,0.03,0,0.19,FALSE,FALSE
"CCR9",0.04,0.07,0,-0.26,FALSE,FALSE
"USP19",0.04,0.03,0,0.05,FALSE,FALSE
"MUSTN1",0.04,0.01,0,0.29,FALSE,FALSE
"ARHGEF3",0.04,0.05,0,-0.1,FALSE,FALSE
"ATXN7",0.04,0.04,0,-0.04,FALSE,FALSE
"ATG3",0.04,0.06,0,-0.24,FALSE,FALSE
"SLC35A5",0.04,0.03,0,0.05,FALSE,FALSE
"IQCB1",0.04,0.03,0,0.08,FALSE,FALSE
"PDIA5",0.04,0.03,0,0.02,FALSE,FALSE
"HACD2",0.04,0.06,0,-0.17,FALSE,FALSE
"HEG1",0.04,0.06,0,-0.17,FALSE,FALSE
"RBP1",0.04,0.03,0,0.02,FALSE,FALSE
"KCNAB1",0.04,0.05,0,-0.09,FALSE,FALSE
"NMD3",0.04,0.06,0,-0.21,FALSE,FALSE
"GRPEL1",0.04,0.06,0,-0.22,FALSE,FALSE
"SLIT2",0.04,0.04,0,-0.03,FALSE,FALSE
"RBPJ",0.04,0.07,0,-0.24,FALSE,FALSE
"PCDH7",0.04,0.05,0,-0.08,FALSE,FALSE
"ARAP2",0.04,0.03,0,0.05,FALSE,FALSE
"FRYL",0.04,0.04,0,-0.01,FALSE,FALSE
"TMEM165",0.04,0.02,0,0.18,FALSE,FALSE
"SRP72",0.04,0.06,0,-0.19,FALSE,FALSE
"NOA1",0.04,0.06,0,-0.24,FALSE,FALSE
"FAM13A",0.04,0.07,0,-0.25,FALSE,FALSE
"SNCA",0.04,0.05,0,-0.13,FALSE,FALSE
"HSPA4L",0.04,0.04,0,-0.01,FALSE,FALSE
"SAP30",0.04,0.05,0,-0.09,FALSE,FALSE
"HPGD",0.04,0.04,0,-0.04,FALSE,FALSE
"FAT1",0.04,0.06,0,-0.21,FALSE,FALSE
"WDR70",0.04,0.05,0,-0.13,FALSE,FALSE
"NNT",0.04,0.04,0,-0.01,FALSE,FALSE
"TRAPPC13",0.04,0.03,0,0.15,FALSE,FALSE
"CCNB1",0.04,0.05,0,-0.06,FALSE,FALSE
"TMEM167A",0.04,0.06,0,-0.16,FALSE,FALSE
"LYSMD3",0.04,0.02,0,0.18,FALSE,FALSE
"FAM174A",0.04,0.03,0,0.15,FALSE,FALSE
"EPB41L4A",0.04,0.03,0,0.08,FALSE,FALSE
"P4HA2",0.04,0.03,0,0.05,FALSE,FALSE
"PCDHGC3",0.04,0.05,0,-0.13,FALSE,FALSE
"ARHGAP26",0.04,0.07,0,-0.21,FALSE,FALSE
"CCDC69",0.04,0.06,0,-0.14,FALSE,FALSE
"SLC36A1",0.04,0.05,0,-0.05,FALSE,FALSE
"ARL10",0.04,0.03,0,0.09,FALSE,FALSE
"RMND5B",0.04,0.04,0,-0.07,FALSE,FALSE
"GMDS",0.04,0.05,0,-0.05,FALSE,FALSE
"NEDD9",0.04,0.04,0,-0.03,FALSE,FALSE
"MRS2",0.04,0.04,0,-0.07,FALSE,FALSE
"H1-4",0.04,0.05,0,-0.15,FALSE,FALSE
"CCHCR1",0.04,0.03,0,0.02,FALSE,FALSE
"ZNF76",0.04,0.04,0,-0.03,FALSE,FALSE
"CDKN1A",0.04,0.03,0,0.08,FALSE,FALSE
"C6orf89",0.04,0.03,0,0.05,FALSE,FALSE
"PI16",0.04,0.03,0,0.12,FALSE,FALSE
"MED20",0.04,0.03,0,0.12,FALSE,FALSE
"CRIP3",0.04,0.01,0,0.33,FALSE,FALSE
"SDHAF4",0.04,0.05,0,-0.18,FALSE,FALSE
"BCKDHB",0.04,0.04,0,-0.04,FALSE,FALSE
"RPF2",0.04,0.05,0,-0.15,FALSE,FALSE
"NT5DC1",0.04,0.03,0,0.12,FALSE,FALSE
"KPNA5",0.04,0.04,0,-0.04,FALSE,FALSE
"HIVEP2",0.04,0.05,0,-0.03,FALSE,FALSE
"PLAGL1",0.04,0.02,0,0.15,FALSE,FALSE
"STXBP5",0.04,0.05,0,-0.18,FALSE,FALSE
"KATNA1",0.04,0.04,0,-0.04,FALSE,FALSE
"LRP11",0.04,0.03,0,0.08,FALSE,FALSE
"FRMD1",0.04,0.06,0,-0.21,FALSE,FALSE
"C6orf120",0.04,0.04,0,-0.01,FALSE,FALSE
"AP5Z1",0.04,0.06,0,-0.2,FALSE,FALSE
"SP4",0.04,0.03,0,0.11,FALSE,FALSE
"BBS9",0.04,0.05,0,-0.1,FALSE,FALSE
"KIAA0895",0.04,0.05,0,-0.18,FALSE,FALSE
"SFRP4",0.04,0.07,0,-0.27,FALSE,FALSE
"BLVRA",0.04,0.04,0,-0.03,FALSE,FALSE
"PPIA",0.04,0.04,0,-0.07,FALSE,FALSE
"LANCL2",0.04,0.05,0,-0.13,FALSE,FALSE
"GUSB",0.04,0.05,0,-0.15,FALSE,FALSE
"CACNA2D1",0.04,0.03,0,0.08,FALSE,FALSE
"MEPCE",0.04,0.04,0,-0.03,FALSE,FALSE
"CPED1",0.04,0.05,0,-0.11,FALSE,FALSE
"AHCYL2",0.04,0.04,0,-0.04,FALSE,FALSE
"STMP1",0.04,0.04,0,-0.07,FALSE,FALSE
"DYNC2I1",0.04,0.06,0,-0.17,FALSE,FALSE
"PRPS2",0.04,0.04,0,-0.01,FALSE,FALSE
"SCML1",0.04,0.02,0,0.18,FALSE,FALSE
"BCLAF3",0.04,0.05,0,-0.13,FALSE,FALSE
"BCOR",0.04,0.03,0,0.08,FALSE,FALSE
"CDK16",0.04,0.04,0,-0.01,FALSE,FALSE
"MED12",0.04,0.02,0,0.18,FALSE,FALSE
"TAF1",0.04,0.02,0,0.22,FALSE,FALSE
"HNRNPH2",0.04,0.04,0,-0.01,FALSE,FALSE
"ARMCX2",0.04,0.08,0,-0.41,FALSE,FALSE
"PRPS1",0.04,0.04,0,-0.04,FALSE,FALSE
"RAP2C",0.04,0.04,0,0.02,FALSE,FALSE
"GPC4",0.04,0.04,0,-0.03,FALSE,FALSE
"PHF6",0.04,0.04,0,-0.04,FALSE,FALSE
"LDOC1",0.04,0.03,0,0.15,FALSE,FALSE
"TMLHE",0.04,0.04,0,-0.04,FALSE,FALSE
"MCPH1",0.04,0.07,0,-0.34,FALSE,FALSE
"EGR3",0.04,0.04,0,-0.01,FALSE,FALSE
"TNFRSF10B",0.04,0.03,0,0.05,FALSE,FALSE
"TRIM35",0.04,0.04,0,-0.01,FALSE,FALSE
"MAK16",0.04,0.06,0,-0.21,FALSE,FALSE
"SFRP1",0.04,0.06,0,-0.14,FALSE,FALSE
"TOX",0.04,0.07,0,-0.27,FALSE,FALSE
"TPD52",0.04,0.05,0,-0.12,FALSE,FALSE
"PTDSS1",0.04,0.06,0,-0.24,FALSE,FALSE
"GRHL2",0.04,0.04,0,0.03,FALSE,FALSE
"NUDCD1",0.04,0.03,0,0.02,FALSE,FALSE
"EXT1",0.04,0.07,0,-0.34,FALSE,FALSE
"TBC1D31",0.04,0.01,0,0.33,FALSE,FALSE
"CHRAC1",0.04,0.06,0,-0.2,FALSE,FALSE
"ZC3H3",0.04,0.05,0,-0.12,FALSE,FALSE
"SCRIB",0.04,0.04,0,-0.04,FALSE,FALSE
"ECM2",0.04,0.07,0,-0.21,FALSE,FALSE
"ELP1",0.04,0.04,0,-0.01,FALSE,FALSE
"PRPF4",0.04,0.04,0,-0.01,FALSE,FALSE
"RGS3",0.04,0.05,0,-0.06,FALSE,FALSE
"ST6GALNAC6",0.04,0.05,0,-0.13,FALSE,FALSE
"TOR1A",0.04,0.03,0,0.11,FALSE,FALSE
"NCS1",0.04,0.04,0,-0.01,FALSE,FALSE
"REXO4",0.04,0.04,0,0.06,FALSE,FALSE
"SIRT3",0.04,0.03,0,0.02,FALSE,FALSE
"DEAF1",0.04,0.06,0,-0.17,FALSE,FALSE
"TOLLIP",0.04,0.05,0,-0.18,FALSE,FALSE
"SMPD1",0.04,0.05,0,-0.15,FALSE,FALSE
"SERGEF",0.04,0.03,0,0.02,FALSE,FALSE
"UEVLD",0.04,0.06,0,-0.21,FALSE,FALSE
"CCDC34",0.04,0.03,0,0.11,FALSE,FALSE
"ALKBH3",0.04,0.03,0,0.09,FALSE,FALSE
"LRP4",0.04,0.05,0,-0.06,FALSE,FALSE
"C11orf49",0.04,0.03,0,0.05,FALSE,FALSE
"VWCE",0.04,0.03,0,0.11,FALSE,FALSE
"BAD",0.04,0.05,0,-0.05,FALSE,FALSE
"VPS51",0.04,0.03,0,0.09,FALSE,FALSE
"C11orf68",0.04,0.04,0,-0.07,FALSE,FALSE
"ANKRD13D",0.04,0.05,0,-0.06,FALSE,FALSE
"CABP2",0.04,0.02,0,0.18,FALSE,FALSE
"TAF1D",0.04,0.03,0,0.02,FALSE,FALSE
"CEP57",0.04,0.07,0,-0.31,FALSE,FALSE
"BUD13",0.04,0.03,0,0.11,FALSE,FALSE
"CENATAC",0.04,0.04,0,-0.01,FALSE,FALSE
"NFRKB",0.04,0.04,0,-0.03,FALSE,FALSE
"WDR37",0.04,0.04,0,-0.07,FALSE,FALSE
"PFKP",0.04,0.05,0,-0.12,FALSE,FALSE
"PITRM1",0.04,0.04,0,-0.03,FALSE,FALSE
"TASOR2",0.04,0.07,0,-0.27,FALSE,FALSE
"NUDT5",0.04,0.05,0,-0.16,FALSE,FALSE
"SEPHS1",0.04,0.04,0,0.06,FALSE,FALSE
"NMT2",0.04,0.05,0,-0.13,FALSE,FALSE
"VSTM4",0.04,0.04,0,-0.04,FALSE,FALSE
"ERCC6",0.04,0.03,0,0.02,FALSE,FALSE
"SGMS1",0.04,0.05,0,-0.1,FALSE,FALSE
"ANK3",0.04,0.03,0,0.11,FALSE,FALSE
"VPS26A",0.04,0.07,0,-0.29,FALSE,FALSE
"TYSND1",0.04,0.06,0,-0.24,FALSE,FALSE
"SGPL1",0.04,0.04,0,-0.07,FALSE,FALSE
"ECD",0.04,0.03,0,0.05,FALSE,FALSE
"CH25H",0.04,0.04,0,-0.04,FALSE,FALSE
"KIF20B",0.04,0.03,0,0.15,FALSE,FALSE
"RPP30",0.04,0.03,0,0.09,FALSE,FALSE
"KIF11",0.04,0.06,0,-0.17,FALSE,FALSE
"PDLIM1",0.04,0.05,0,-0.12,FALSE,FALSE
"SORBS1",0.04,0.05,0,-0.16,FALSE,FALSE
"ZNF518A",0.04,0.03,0,0.05,FALSE,FALSE
"ERLIN1",0.04,0.03,0,0.09,FALSE,FALSE
"GSTO2",0.04,0.04,0,-0.01,FALSE,FALSE
"CASP7",0.04,0.03,0,0.05,FALSE,FALSE
"CTBP2",0.04,0.03,0,0.05,FALSE,FALSE
"GLRX3",0.04,0.07,0,-0.27,FALSE,FALSE
"TUBGCP2",0.04,0.03,0,0.05,FALSE,FALSE
"ING4",0.04,0.03,0,0.05,FALSE,FALSE
"PLEKHA5",0.04,0.04,0,-0.03,FALSE,FALSE
"RECQL",0.04,0.05,0,-0.1,FALSE,FALSE
"ANO6",0.04,0.05,0,-0.11,FALSE,FALSE
"ATF1",0.04,0.07,0,-0.26,FALSE,FALSE
"ACVR1B",0.04,0.07,0,-0.29,FALSE,FALSE
"MYL6B",0.04,0.05,0,-0.03,FALSE,FALSE
"BAZ2A",0.04,0.05,0,-0.15,FALSE,FALSE
"ARHGAP9",0.04,0.06,0,-0.24,FALSE,FALSE
"CPSF6",0.04,0.05,0,-0.12,FALSE,FALSE
"METAP2",0.04,0.05,0,-0.16,FALSE,FALSE
"SCYL2",0.04,0.05,0,-0.15,FALSE,FALSE
"HCFC2",0.04,0.06,0,-0.21,FALSE,FALSE
"NFYB",0.04,0.02,0,0.22,FALSE,FALSE
"APPL2",0.04,0.05,0,-0.11,FALSE,FALSE
"OAS1",0.04,0.07,0,-0.34,FALSE,FALSE
"FBXW8",0.04,0.03,0,0.12,FALSE,FALSE
"FBXO21",0.04,0.04,0,-0.04,FALSE,FALSE
"TRIAP1",0.04,0.04,0,-0.04,FALSE,FALSE
"RNF10",0.04,0.05,0,-0.12,FALSE,FALSE
"MLEC",0.04,0.03,0,0.09,FALSE,FALSE
"KDM2B",0.04,0.07,0,-0.36,FALSE,FALSE
"MPHOSPH9",0.04,0.04,0,0.03,FALSE,FALSE
"SLC15A4",0.04,0.06,0,-0.17,FALSE,FALSE
"KATNAL1",0.04,0.04,0,-0.04,FALSE,FALSE
"ALOX5AP",0.04,0.04,0,-0.03,FALSE,FALSE
"N4BP2L1",0.04,0.05,0,-0.12,FALSE,FALSE
"EXOSC8",0.04,0.06,0,-0.2,FALSE,FALSE
"POSTN",0.04,0.07,0,-0.21,FALSE,FALSE
"WBP4",0.04,0.05,0,-0.06,FALSE,FALSE
"EPSTI1",0.04,0.05,0,-0.13,FALSE,FALSE
"COG3",0.04,0.06,0,-0.2,FALSE,FALSE
"FAM124A",0.04,0.05,0,-0.12,FALSE,FALSE
"INTS6",0.04,0.05,0,-0.09,FALSE,FALSE
"TDRD3",0.04,0.04,0,-0.01,FALSE,FALSE
"LMO7",0.04,0.07,0,-0.24,FALSE,FALSE
"RAP2A",0.04,0.06,0,-0.21,FALSE,FALSE
"PSMB11",0.04,0.04,0,0,FALSE,FALSE
"SLC22A17",0.04,0.05,0,-0.08,FALSE,FALSE
"RABGGTA",0.04,0.06,0,-0.26,FALSE,FALSE
"MBIP",0.04,0.05,0,-0.13,FALSE,FALSE
"MAP4K5",0.04,0.02,0,0.22,FALSE,FALSE
"SOCS4",0.04,0.08,0,-0.31,FALSE,FALSE
"AP5M1",0.04,0.05,0,-0.13,FALSE,FALSE
"SLC39A9",0.04,0.03,0,0.05,FALSE,FALSE
"TDP1",0.04,0.05,0,-0.1,FALSE,FALSE
"PPP4R3A",0.04,0.07,0,-0.25,FALSE,FALSE
"BRF1",0.04,0.05,0,-0.15,FALSE,FALSE
"UBE3A",0.04,0.07,0,-0.21,FALSE,FALSE
"NUSAP1",0.04,0.07,0,-0.29,FALSE,FALSE
"WDR76",0.04,0.04,0,-0.07,FALSE,FALSE
"RNF111",0.04,0.04,0,-0.01,FALSE,FALSE
"INTS14",0.04,0.02,0,0.29,FALSE,FALSE
"MAP2K5",0.04,0.05,0,-0.16,FALSE,FALSE
"FEM1B",0.04,0.05,0,-0.03,FALSE,FALSE
"NEIL1",0.04,0.01,0,0.25,FALSE,FALSE
"IREB2",0.04,0.05,0,-0.13,FALSE,FALSE
"ABHD17C",0.04,0.03,0,0.05,FALSE,FALSE
"MCTP2",0.04,0.04,0,-0.01,FALSE,FALSE
"SELENOS",0.04,0.04,0,0,FALSE,FALSE
"HBM",0.04,0.05,0,-0.13,FALSE,FALSE
"JMJD8",0.04,0.04,0,0.02,FALSE,FALSE
"TELO2",0.04,0.03,0,0.12,FALSE,FALSE
"PARN",0.04,0.04,0,0,FALSE,FALSE
"ITPRIPL2",0.04,0.06,0,-0.22,FALSE,FALSE
"CLN3",0.04,0.04,0,0.06,FALSE,FALSE
"ORAI3",0.04,0.04,0,0.02,FALSE,FALSE
"N4BP1",0.04,0.06,0,-0.21,FALSE,FALSE
"MT2A",0.04,0.03,0,0.05,FALSE,FALSE
"NUP93",0.04,0.03,0,0.11,FALSE,FALSE
"NDRG4",0.04,0.04,0,-0.04,FALSE,FALSE
"TMEM208",0.04,0.05,0,-0.13,FALSE,FALSE
"NIP7",0.04,0.07,0,-0.31,FALSE,FALSE
"ZNF821",0.04,0.03,0,0.05,FALSE,FALSE
"TXNL4B",0.04,0.04,0,0.06,FALSE,FALSE
"ADAT1",0.04,0.06,0,-0.26,FALSE,FALSE
"MON1B",0.04,0.02,0,0.18,FALSE,FALSE
"VPS53",0.04,0.04,0,-0.07,FALSE,FALSE
"MYBBP1A",0.04,0.05,0,-0.16,FALSE,FALSE
"ARRB2",0.04,0.03,0,0.02,FALSE,FALSE
"PHF23",0.04,0.02,0,0.15,FALSE,FALSE
"ELP5",0.04,0.05,0,-0.06,FALSE,FALSE
"TNFSF13",0.04,0.04,0,-0.01,FALSE,FALSE
"CNTROB",0.04,0.05,0,-0.15,FALSE,FALSE
"NTN1",0.04,0.02,0,0.15,FALSE,FALSE
"TTC19",0.04,0.07,0,-0.31,FALSE,FALSE
"LLGL1",0.04,0.02,0,0.15,FALSE,FALSE
"SHMT1",0.04,0.01,0,0.33,FALSE,FALSE
"TMEM11",0.04,0.03,0,0.05,FALSE,FALSE
"ALDOC",0.04,0.05,0,-0.16,FALSE,FALSE
"SSH2",0.04,0.03,0,0.05,FALSE,FALSE
"C17orf75",0.04,0.03,0,0.05,FALSE,FALSE
"CWC25",0.04,0.03,0,0.11,FALSE,FALSE
"CCR7",0.04,0.08,0,-0.31,FALSE,FALSE
"RETREG3",0.04,0.07,0,-0.27,FALSE,FALSE
"HEXIM1",0.04,0.05,0,-0.1,FALSE,FALSE
"TBKBP1",0.04,0.03,0,0.09,FALSE,FALSE
"ZNF652",0.04,0.06,0,-0.21,FALSE,FALSE
"PHB",0.04,0.06,0,-0.16,FALSE,FALSE
"DGKE",0.04,0.02,0,0.26,FALSE,FALSE
"GGA3",0.04,0.04,0,0,FALSE,FALSE
"METTL23",0.04,0.03,0,0.11,FALSE,FALSE
"DSC2",0.04,0.07,0,-0.34,FALSE,FALSE
"DTNA",0.04,0.01,0,0.33,FALSE,FALSE
"ZNF397",0.04,0.05,0,-0.06,FALSE,FALSE
"PIAS2",0.04,0.05,0,-0.03,FALSE,FALSE
"RELCH",0.04,0.03,0,0.09,FALSE,FALSE
"SOCS6",0.04,0.05,0,-0.16,FALSE,FALSE
"CHGB",0.04,0.06,0,-0.2,FALSE,FALSE
"ACSS1",0.04,0.03,0,0.12,FALSE,FALSE
"COMMD7",0.04,0.04,0,-0.04,FALSE,FALSE
"CBFA2T2",0.04,0.06,0,-0.22,FALSE,FALSE
"AHCY",0.04,0.03,0,0.15,FALSE,FALSE
"NCOA6",0.04,0.04,0,-0.03,FALSE,FALSE
"MAFB",0.04,0.03,0,0.05,FALSE,FALSE
"ZHX3",0.04,0.04,0,-0.04,FALSE,FALSE
"YWHAB",0.04,0.04,0,-0.07,FALSE,FALSE
"UBE2C",0.04,0.04,0,-0.01,FALSE,FALSE
"ZNFX1",0.04,0.05,0,-0.08,FALSE,FALSE
"ATP9A",0.04,0.04,0,-0.04,FALSE,FALSE
"RAE1",0.04,0.05,0,-0.06,FALSE,FALSE
"FAM217B",0.04,0.05,0,-0.06,FALSE,FALSE
"TCFL5",0.04,0.02,0,0.22,FALSE,FALSE
"SBNO2",0.04,0.03,0,0.02,FALSE,FALSE
"GADD45B",0.04,0.05,0,-0.1,FALSE,FALSE
"TLE2",0.04,0.03,0,0.11,FALSE,FALSE
"YJU2",0.04,0.04,0,0,FALSE,FALSE
"DPP9",0.04,0.06,0,-0.19,FALSE,FALSE
"PLIN3",0.04,0.07,0,-0.24,FALSE,FALSE
"TIMM44",0.04,0.03,0,0.09,FALSE,FALSE
"ZNF414",0.04,0.03,0,0.15,FALSE,FALSE
"ZNF121",0.04,0.05,0,-0.15,FALSE,FALSE
"TMED1",0.04,0.04,0,-0.01,FALSE,FALSE
"ZNF441",0.04,0.03,0,0.08,FALSE,FALSE
"MAN2B1",0.04,0.03,0,0.02,FALSE,FALSE
"ZNF333",0.04,0.05,0,-0.15,FALSE,FALSE
"ILVBL",0.04,0.03,0,0.08,FALSE,FALSE
"MAP1S",0.04,0.05,0,-0.15,FALSE,FALSE
"DDX49",0.04,0.03,0,0.02,FALSE,FALSE
"GARRE1",0.04,0.03,0,0.12,FALSE,FALSE
"GPI",0.04,0.02,0,0.18,FALSE,FALSE
"ZNF146",0.04,0.07,0,-0.36,FALSE,FALSE
"C19orf47",0.04,0.03,0,0.11,FALSE,FALSE
"EXOSC5",0.04,0.01,0,0.25,FALSE,FALSE
"BCKDHA",0.04,0.07,0,-0.27,FALSE,FALSE
"CADM4",0.04,0.03,0,0.11,FALSE,FALSE
"NECTIN2",0.04,0.03,0,0.02,FALSE,FALSE
"SNRPD2",0.04,0.08,0,-0.41,FALSE,FALSE
"NR1H2",0.04,0.05,0,-0.06,FALSE,FALSE
"ZNF331",0.04,0.04,0,-0.04,FALSE,FALSE
"PEG3",0.04,0.05,0,-0.18,FALSE,FALSE
"BCR",0.04,0.04,0,-0.04,FALSE,FALSE
"NF2",0.04,0.04,0,0.02,FALSE,FALSE
"NOL12",0.04,0.05,0,-0.13,FALSE,FALSE
"JOSD1",0.04,0.04,0,-0.07,FALSE,FALSE
"TOB2",0.04,0.05,0,-0.1,FALSE,FALSE
"ACO2",0.04,0.05,0,-0.13,FALSE,FALSE
"CENPM",0.04,0.03,0,0.05,FALSE,FALSE
"GART",0.04,0.04,0,0,FALSE,FALSE
"RIPK4",0.04,0.05,0,-0.06,FALSE,FALSE
"DVL1",0.03,0.04,0,-0.12,FALSE,FALSE
"ICMT",0.03,0.03,0,-0.01,FALSE,FALSE
"ZBTB48",0.03,0.01,0,0.13,FALSE,FALSE
"CAMTA1",0.03,0.04,0,-0.19,FALSE,FALSE
"SPSB1",0.03,0.05,0,-0.22,FALSE,FALSE
"DHRS3",0.03,0.03,0,-0.1,FALSE,FALSE
"CASP9",0.03,0.03,0,-0.02,FALSE,FALSE
"DDI2",0.03,0.03,0,-0.04,FALSE,FALSE
"PLEKHM2",0.03,0.04,0,-0.13,FALSE,FALSE
"ARHGEF19",0.03,0.02,0,0.14,FALSE,FALSE
"RCC2",0.03,0.02,0,0.14,FALSE,FALSE
"OTUD3",0.03,0.03,0,-0.06,FALSE,FALSE
"C1QC",0.03,0.06,0,-0.3,FALSE,FALSE
"HNRNPR",0.03,0.05,0,-0.22,FALSE,FALSE
"PAQR7",0.03,0.04,0,-0.19,FALSE,FALSE
"ZCCHC17",0.03,0.05,0,-0.14,FALSE,FALSE
"SMIM12",0.03,0.05,0,-0.26,FALSE,FALSE
"AGO1",0.03,0.06,0,-0.25,FALSE,FALSE
"SF3A3",0.03,0.02,0,0.11,FALSE,FALSE
"PABPC4",0.03,0.03,0,0.04,FALSE,FALSE
"ZMPSTE24",0.03,0.06,0,-0.3,FALSE,FALSE
"SLC2A1",0.03,0.03,0,-0.1,FALSE,FALSE
"CDC20",0.03,0.01,0,0.21,FALSE,FALSE
"IPO13",0.03,0.03,0,-0.01,FALSE,FALSE
"RNF220",0.03,0.05,0,-0.3,FALSE,FALSE
"HECTD3",0.03,0.05,0,-0.26,FALSE,FALSE
"MKNK1",0.03,0.01,0,0.25,FALSE,FALSE
"ATPAF1",0.03,0.03,0,0.07,FALSE,FALSE
"SPATA6",0.03,0.03,0,0.04,FALSE,FALSE
"CDKN2C",0.03,0.05,0,-0.17,FALSE,FALSE
"ACOT11",0.03,0.03,0,-0.01,FALSE,FALSE
"FYB2",0.03,0.04,0,-0.19,FALSE,FALSE
"ATG4C",0.03,0.03,0,-0.04,FALSE,FALSE
"FPGT",0.03,0.05,0,-0.18,FALSE,FALSE
"C1orf52",0.03,0.05,0,-0.28,FALSE,FALSE
"TMED5",0.03,0.05,0,-0.18,FALSE,FALSE
"DR1",0.03,0.06,0,-0.34,FALSE,FALSE
"GCLM",0.03,0.02,0,0.03,FALSE,FALSE
"RWDD3",0.03,0.04,0,-0.13,FALSE,FALSE
"MFSD14A",0.03,0.03,0,-0.1,FALSE,FALSE
"TRMT13",0.03,0.07,0,-0.41,FALSE,FALSE
"SLC25A24",0.03,0.07,0,-0.42,FALSE,FALSE
"STXBP3",0.03,0.05,0,-0.24,FALSE,FALSE
"SORT1",0.03,0.05,0,-0.18,FALSE,FALSE
"STRIP1",0.03,0.05,0,-0.17,FALSE,FALSE
"KCNA3",0.03,0.03,0,-0.1,FALSE,FALSE
"LRIF1",0.03,0.03,0,-0.03,FALSE,FALSE
"DDX20",0.03,0.02,0,0.06,FALSE,FALSE
"CTTNBP2NL",0.03,0.02,0,0.07,FALSE,FALSE
"RSBN1",0.03,0.07,0,-0.41,FALSE,FALSE
"TSPAN2",0.03,0.03,0,-0.03,FALSE,FALSE
"CASQ2",0.03,0.02,0,0.1,FALSE,FALSE
"IGSF3",0.03,0.01,0,0.13,FALSE,FALSE
"ACP6",0.03,0.02,0,0.14,FALSE,FALSE
"RPRD2",0.03,0.01,0,0.17,FALSE,FALSE
"GABPB2",0.03,0.05,0,-0.18,FALSE,FALSE
"RORC",0.03,0.03,0,-0.04,FALSE,FALSE
"NPR1",0.03,0.02,0,0.1,FALSE,FALSE
"SLC27A3",0.03,0.02,0,0.07,FALSE,FALSE
"IL6R",0.03,0.03,0,0,FALSE,FALSE
"PYGO2",0.03,0.03,0,-0.1,FALSE,FALSE
"SLC50A1",0.03,0.02,0,0.1,FALSE,FALSE
"KRTCAP2",0.03,0.05,0,-0.21,FALSE,FALSE
"THBS3",0.03,0.03,0,-0.07,FALSE,FALSE
"LAMTOR2",0.03,0.05,0,-0.17,FALSE,FALSE
"RAB25",0.03,0.03,0,0.03,FALSE,FALSE
"ETV3",0.03,0.05,0,-0.18,FALSE,FALSE
"KIRREL1",0.03,0.04,0,-0.05,FALSE,FALSE
"IGSF8",0.03,0.03,0,-0.04,FALSE,FALSE
"VANGL2",0.03,0.03,0,-0.01,FALSE,FALSE
"NIT1",0.03,0.03,0,-0.1,FALSE,FALSE
"DCAF6",0.03,0.06,0,-0.34,FALSE,FALSE
"ATP1B1",0.03,0.08,0,-0.49,FALSE,FALSE
"KIFAP3",0.03,0.04,0,-0.05,FALSE,FALSE
"VAMP4",0.03,0.06,0,-0.25,FALSE,FALSE
"SUCO",0.03,0.05,0,-0.18,FALSE,FALSE
"PRDX6",0.03,0.07,0,-0.41,FALSE,FALSE
"FAM20B",0.03,0.04,0,-0.16,FALSE,FALSE
"TOR1AIP1",0.03,0.05,0,-0.24,FALSE,FALSE
"ARPC5",0.03,0.06,0,-0.36,FALSE,FALSE
"DENND1B",0.03,0.05,0,-0.24,FALSE,FALSE
"TMEM9",0.03,0.04,0,-0.12,FALSE,FALSE
"IPO9",0.03,0.04,0,-0.13,FALSE,FALSE
"KLHL12",0.03,0.06,0,-0.3,FALSE,FALSE
"CD55",0.03,0.08,0,-0.51,FALSE,FALSE
"HHAT",0.03,0.03,0,-0.1,FALSE,FALSE
"RCOR3",0.03,0.05,0,-0.3,FALSE,FALSE
"FLVCR1",0.03,0.03,0,-0.06,FALSE,FALSE
"CDC42BPA",0.03,0.05,0,-0.22,FALSE,FALSE
"SNAP47",0.03,0.03,0,0.04,FALSE,FALSE
"C1orf35",0.03,0.04,0,-0.08,FALSE,FALSE
"ARV1",0.03,0.04,0,-0.11,FALSE,FALSE
"PCNX2",0.03,0.04,0,-0.08,FALSE,FALSE
"TARBP1",0.03,0.04,0,-0.09,FALSE,FALSE
"ERO1B",0.03,0.04,0,-0.15,FALSE,FALSE
"CNST",0.03,0.02,0,0.18,FALSE,FALSE
"SCCPDH",0.03,0.07,0,-0.33,FALSE,FALSE
"SH3BP5L",0.03,0.04,0,-0.19,FALSE,FALSE
"ASAP2",0.03,0.09,0,-0.49,FALSE,FALSE
"RRM2",0.03,0.02,0,0.14,FALSE,FALSE
"CYRIA",0.03,0.02,0,0.03,FALSE,FALSE
"SMC6",0.03,0.02,0,0.03,FALSE,FALSE
"WDR35",0.03,0.04,0,-0.12,FALSE,FALSE
"ADCY3",0.03,0.05,0,-0.3,FALSE,FALSE
"DNAJC27",0.03,0.03,0,-0.04,FALSE,FALSE
"DTNB",0.03,0.02,0,0.14,FALSE,FALSE
"HADHB",0.03,0.05,0,-0.21,FALSE,FALSE
"EMILIN1",0.03,0.05,0,-0.25,FALSE,FALSE
"EIF2B4",0.03,0.02,0,0.03,FALSE,FALSE
"BABAM2",0.03,0.02,0,0.03,FALSE,FALSE
"SPAST",0.03,0.03,0,0.01,FALSE,FALSE
"SLC30A6",0.03,0.02,0,0.07,FALSE,FALSE
"FEZ2",0.03,0.05,0,-0.24,FALSE,FALSE
"NDUFAF7",0.03,0.03,0,0.01,FALSE,FALSE
"RMDN2",0.03,0.03,0,-0.06,FALSE,FALSE
"SOCS5",0.03,0.03,0,-0.1,FALSE,FALSE
"PSME4",0.03,0.04,0,-0.19,FALSE,FALSE
"CFAP36",0.03,0.04,0,-0.19,FALSE,FALSE
"PAPOLG",0.03,0.02,0,0.1,FALSE,FALSE
"CCT4",0.03,0.04,0,-0.15,FALSE,FALSE
"VPS54",0.03,0.05,0,-0.14,FALSE,FALSE
"ETAA1",0.03,0.04,0,-0.12,FALSE,FALSE
"WDR92",0.03,0.02,0,0.1,FALSE,FALSE
"NFU1",0.03,0.05,0,-0.3,FALSE,FALSE
"SNRNP27",0.03,0.04,0,-0.09,FALSE,FALSE
"TPRKB",0.03,0.05,0,-0.3,FALSE,FALSE
"STAMBP",0.03,0.04,0,-0.12,FALSE,FALSE
"MOB1A",0.03,0.05,0,-0.21,FALSE,FALSE
"AUP1",0.03,0.05,0,-0.22,FALSE,FALSE
"POLE4",0.03,0.02,0,0.14,FALSE,FALSE
"EVA1A",0.03,0.03,0,-0.06,FALSE,FALSE
"RPIA",0.03,0.03,0,-0.07,FALSE,FALSE
"SEPTIN10",0.03,0.05,0,-0.28,FALSE,FALSE
"MERTK",0.03,0.03,0,0.03,FALSE,FALSE
"TMEM87B",0.03,0.04,0,-0.15,FALSE,FALSE
"CKAP2L",0.03,0.01,0,0.29,FALSE,FALSE
"DDX18",0.03,0.03,0,-0.04,FALSE,FALSE
"NR4A2",0.03,0.05,0,-0.2,FALSE,FALSE
"GPD2",0.03,0.05,0,-0.25,FALSE,FALSE
"TANC1",0.03,0.05,0,-0.22,FALSE,FALSE
"BAZ2B",0.03,0.04,0,-0.09,FALSE,FALSE
"IFIH1",0.03,0.05,0,-0.22,FALSE,FALSE
"TTC21B",0.03,0.03,0,0.07,FALSE,FALSE
"GORASP2",0.03,0.03,0,-0.04,FALSE,FALSE
"DCAF17",0.03,0.04,0,-0.11,FALSE,FALSE
"SCRN3",0.03,0.04,0,-0.13,FALSE,FALSE
"SESTD1",0.03,0.05,0,-0.14,FALSE,FALSE
"CWC22",0.03,0.04,0,-0.11,FALSE,FALSE
"PDE1A",0.03,0.05,0,-0.21,FALSE,FALSE
"NABP1",0.03,0.02,0,0.1,FALSE,FALSE
"SF3B1",0.03,0.05,0,-0.25,FALSE,FALSE
"COQ10B",0.03,0.05,0,-0.3,FALSE,FALSE
"PLCL1",0.03,0.03,0,-0.04,FALSE,FALSE
"PPIL3",0.03,0.04,0,-0.13,FALSE,FALSE
"CASP10",0.03,0.01,0,0.17,FALSE,FALSE
"ALS2",0.03,0.03,0,-0.04,FALSE,FALSE
"USP37",0.03,0.02,0,0.14,FALSE,FALSE
"CNPPD1",0.03,0.04,0,-0.13,FALSE,FALSE
"FARSB",0.03,0.07,0,-0.35,FALSE,FALSE
"SERPINE2",0.03,0.04,0,-0.12,FALSE,FALSE
"EFHD1",0.03,0.04,0,-0.16,FALSE,FALSE
"GIGYF2",0.03,0.07,0,-0.4,FALSE,FALSE
"INPP5D",0.03,0.05,0,-0.21,FALSE,FALSE
"HJURP",0.03,0.03,0,-0.07,FALSE,FALSE
"ACKR3",0.03,0.03,0,-0.06,FALSE,FALSE
"ASB1",0.03,0.03,0,0.04,FALSE,FALSE
"SEPTIN2",0.03,0.04,0,-0.13,FALSE,FALSE
"CNTN4",0.03,0.04,0,-0.16,FALSE,FALSE
"THUMPD3",0.03,0.02,0,0.03,FALSE,FALSE
"IL17RC",0.03,0.02,0,0.14,FALSE,FALSE
"ATG7",0.03,0.03,0,0,FALSE,FALSE
"PPARG",0.03,0.03,0,-0.04,FALSE,FALSE
"SLC6A6",0.03,0.03,0,-0.1,FALSE,FALSE
"NKIRAS1",0.03,0.05,0,-0.18,FALSE,FALSE
"NGLY1",0.03,0.05,0,-0.28,FALSE,FALSE
"CNOT10",0.03,0.03,0,-0.1,FALSE,FALSE
"WDR48",0.03,0.03,0,0.01,FALSE,FALSE
"GORASP1",0.03,0.03,0,-0.01,FALSE,FALSE
"CSRNP1",0.03,0.02,0,0.06,FALSE,FALSE
"ZNF502",0.03,0.01,0,0.13,FALSE,FALSE
"ZDHHC3",0.03,0.02,0,0.06,FALSE,FALSE
"SCAP",0.03,0.04,0,-0.08,FALSE,FALSE
"SHISA5",0.03,0.04,0,-0.13,FALSE,FALSE
"TCTA",0.03,0.03,0,-0.1,FALSE,FALSE
"GMPPB",0.03,0.02,0,0.18,FALSE,FALSE
"HYAL2",0.03,0.05,0,-0.25,FALSE,FALSE
"RASSF1",0.03,0.03,0,0.03,FALSE,FALSE
"NPRL2",0.03,0.01,0,0.21,FALSE,FALSE
"HEMK1",0.03,0.04,0,-0.12,FALSE,FALSE
"DCAF1",0.03,0.02,0,0.06,FALSE,FALSE
"TEX264",0.03,0.03,0,-0.03,FALSE,FALSE
"ABHD14A",0.03,0.05,0,-0.22,FALSE,FALSE
"BAP1",0.03,0.03,0,-0.1,FALSE,FALSE
"SEMA3G",0.03,0.02,0,0.03,FALSE,FALSE
"TKT",0.03,0.04,0,-0.16,FALSE,FALSE
"ACTR8",0.03,0.02,0,0.11,FALSE,FALSE
"ARF4",0.03,0.04,0,-0.13,FALSE,FALSE
"PTPRG",0.03,0.04,0,-0.19,FALSE,FALSE
"MAGI1",0.03,0.04,0,-0.12,FALSE,FALSE
"SLC25A26",0.03,0.04,0,-0.12,FALSE,FALSE
"PPP4R2",0.03,0.04,0,-0.09,FALSE,FALSE
"ZNF717",0.03,0.01,0,0.17,FALSE,FALSE
"CHMP2B",0.03,0.04,0,-0.09,FALSE,FALSE
"NSUN3",0.03,0.03,0,-0.01,FALSE,FALSE
"ZBTB11",0.03,0.05,0,-0.14,FALSE,FALSE
"CEP97",0.03,0.03,0,-0.04,FALSE,FALSE
"TIGIT",0.03,0.05,0,-0.14,FALSE,FALSE
"UPK1B",0.03,0.03,0,-0.01,FALSE,FALSE
"PARP9",0.03,0.02,0,0.07,FALSE,FALSE
"ZNF148",0.03,0.05,0,-0.2,FALSE,FALSE
"TPRA1",0.03,0.03,0,-0.07,FALSE,FALSE
"MCM2",0.03,0.04,0,-0.09,FALSE,FALSE
"MBD4",0.03,0.04,0,-0.11,FALSE,FALSE
"IFT122",0.03,0.02,0,0.06,FALSE,FALSE
"PIK3R4",0.03,0.03,0,-0.03,FALSE,FALSE
"DNAJC13",0.03,0.05,0,-0.24,FALSE,FALSE
"DBR1",0.03,0.04,0,-0.13,FALSE,FALSE
"CEP70",0.03,0.04,0,-0.13,FALSE,FALSE
"PIK3CB",0.03,0.06,0,-0.33,FALSE,FALSE
"ATP1B3",0.03,0.04,0,-0.12,FALSE,FALSE
"COMMD2",0.03,0.04,0,-0.11,FALSE,FALSE
"GMPS",0.03,0.03,0,-0.04,FALSE,FALSE
"TIPARP",0.03,0.05,0,-0.2,FALSE,FALSE
"B3GALNT1",0.03,0.01,0,0.21,FALSE,FALSE
"PRKCI",0.03,0.03,0,-0.03,FALSE,FALSE
"ZNF639",0.03,0.02,0,0.1,FALSE,FALSE
"FXR1",0.03,0.06,0,-0.33,FALSE,FALSE
"KLHL6",0.03,0.04,0,-0.16,FALSE,FALSE
"YEATS2",0.03,0.03,0,-0.01,FALSE,FALSE
"ABCC5",0.03,0.05,0,-0.3,FALSE,FALSE
"EIF2B5",0.03,0.03,0,0.01,FALSE,FALSE
"VPS8",0.03,0.03,0,0.03,FALSE,FALSE
"ETV5",0.03,0.04,0,-0.15,FALSE,FALSE
"BCL6",0.03,0.04,0,-0.05,FALSE,FALSE
"ATP13A3",0.03,0.03,0,-0.04,FALSE,FALSE
"RNF168",0.03,0.03,0,-0.1,FALSE,FALSE
"ZNF595",0.03,0.03,0,-0.06,FALSE,FALSE
"PIGG",0.03,0.03,0,-0.01,FALSE,FALSE
"TMEM175",0.03,0.07,0,-0.42,FALSE,FALSE
"UVSSA",0.03,0.03,0,-0.04,FALSE,FALSE
"TMEM129",0.03,0.05,0,-0.3,FALSE,FALSE
"EVC",0.03,0.04,0,-0.12,FALSE,FALSE
"WFS1",0.03,0.03,0,0.04,FALSE,FALSE
"MAN2B2",0.03,0.03,0,0.04,FALSE,FALSE
"TADA2B",0.03,0.05,0,-0.14,FALSE,FALSE
"AFAP1",0.03,0.06,0,-0.33,FALSE,FALSE
"FAM200B",0.03,0.04,0,-0.16,FALSE,FALSE
"NCAPG",0.03,0.03,0,0.03,FALSE,FALSE
"SEPSECS",0.03,0.02,0,0.06,FALSE,FALSE
"FAM114A1",0.03,0.02,0,0.07,FALSE,FALSE
"LIAS",0.03,0.05,0,-0.14,FALSE,FALSE
"N4BP2",0.03,0.04,0,-0.13,FALSE,FALSE
"GNPDA2",0.03,0.04,0,-0.09,FALSE,FALSE
"SPATA18",0.03,0.03,0,-0.07,FALSE,FALSE
"KIT",0.03,0.04,0,-0.16,FALSE,FALSE
"HOPX",0.03,0.02,0,0.03,FALSE,FALSE
"RUFY3",0.03,0.05,0,-0.26,FALSE,FALSE
"RCHY1",0.03,0.05,0,-0.25,FALSE,FALSE
"CCNG2",0.03,0.03,0,0,FALSE,FALSE
"ANXA3",0.03,0.04,0,-0.13,FALSE,FALSE
"LIN54",0.03,0.03,0,0.01,FALSE,FALSE
"ABRAXAS1",0.03,0.09,0,-0.55,FALSE,FALSE
"HERC5",0.03,0.03,0,0.04,FALSE,FALSE
"SMARCAD1",0.03,0.04,0,-0.19,FALSE,FALSE
"EIF4E",0.03,0.06,0,-0.33,FALSE,FALSE
"DNAJB14",0.03,0.03,0,0,FALSE,FALSE
"BANK1",0.03,0.07,0,-0.38,FALSE,FALSE
"MANBA",0.03,0.05,0,-0.25,FALSE,FALSE
"BDH2",0.03,0.05,0,-0.21,FALSE,FALSE
"INTS12",0.03,0.03,0,0,FALSE,FALSE
"SEC24B",0.03,0.05,0,-0.25,FALSE,FALSE
"ENPEP",0.03,0.06,0,-0.29,FALSE,FALSE
"ARSJ",0.03,0.03,0,-0.07,FALSE,FALSE
"KIAA1109",0.03,0.04,0,-0.16,FALSE,FALSE
"SPATA5",0.03,0.02,0,0.03,FALSE,FALSE
"ABHD18",0.03,0.05,0,-0.25,FALSE,FALSE
"NAA15",0.03,0.08,0,-0.49,FALSE,FALSE
"MGST2",0.03,0.04,0,-0.05,FALSE,FALSE
"RNF150",0.03,0.04,0,-0.13,FALSE,FALSE
"OTUD4",0.03,0.04,0,-0.16,FALSE,FALSE
"EDNRA",0.03,0.08,0,-0.53,FALSE,FALSE
"PRMT9",0.03,0.03,0,0,FALSE,FALSE
"GASK1B",0.03,0.07,0,-0.39,FALSE,FALSE
"RAPGEF2",0.03,0.05,0,-0.28,FALSE,FALSE
"CBR4",0.03,0.04,0,-0.16,FALSE,FALSE
"SPCS3",0.03,0.06,0,-0.32,FALSE,FALSE
"AGA",0.03,0.03,0,-0.01,FALSE,FALSE
"TRAPPC11",0.03,0.07,0,-0.37,FALSE,FALSE
"CYP4V2",0.03,0.06,0,-0.32,FALSE,FALSE
"SEMA5A",0.03,0.05,0,-0.28,FALSE,FALSE
"CMBL",0.03,0.03,0,0,FALSE,FALSE
"ANKRD33B",0.03,0.01,0,0.17,FALSE,FALSE
"TRIO",0.03,0.03,0,-0.03,FALSE,FALSE
"LMBRD2",0.03,0.05,0,-0.21,FALSE,FALSE
"CPLANE1",0.03,0.04,0,-0.11,FALSE,FALSE
"TTC33",0.03,0.05,0,-0.18,FALSE,FALSE
"FGF10",0.03,0.03,0,-0.04,FALSE,FALSE
"ISL1",0.03,0.04,0,-0.16,FALSE,FALSE
"KIF2A",0.03,0.04,0,-0.05,FALSE,FALSE
"TNPO1",0.03,0.03,0,-0.06,FALSE,FALSE
"ENC1",0.03,0.02,0,0.1,FALSE,FALSE
"JMY",0.03,0.03,0,-0.03,FALSE,FALSE
"ZFYVE16",0.03,0.04,0,-0.09,FALSE,FALSE
"ZCCHC9",0.03,0.05,0,-0.22,FALSE,FALSE
"ATG10",0.03,0.05,0,-0.17,FALSE,FALSE
"SLF1",0.03,0.03,0,-0.07,FALSE,FALSE
"ELL2",0.03,0.05,0,-0.25,FALSE,FALSE
"PPIP5K2",0.03,0.06,0,-0.32,FALSE,FALSE
"EFNA5",0.03,0.03,0,-0.01,FALSE,FALSE
"SLC25A46",0.03,0.04,0,-0.16,FALSE,FALSE
"ATG12",0.03,0.05,0,-0.25,FALSE,FALSE
"PPIC",0.03,0.01,0,0.17,FALSE,FALSE
"ISOC1",0.03,0.05,0,-0.18,FALSE,FALSE
"C5orf15",0.03,0.05,0,-0.21,FALSE,FALSE
"VDAC1",0.03,0.04,0,-0.15,FALSE,FALSE
"SAR1B",0.03,0.03,0,0.07,FALSE,FALSE
"C5orf24",0.03,0.04,0,-0.11,FALSE,FALSE
"MACROH2A1",0.03,0.03,0,0.01,FALSE,FALSE
"FAT2",0.03,0.03,0,-0.1,FALSE,FALSE
"FAM114A2",0.03,0.05,0,-0.26,FALSE,FALSE
"GALNT10",0.03,0.04,0,-0.12,FALSE,FALSE
"LARP1",0.03,0.05,0,-0.25,FALSE,FALSE
"THG1L",0.03,0.02,0,0.18,FALSE,FALSE
"PWWP2A",0.03,0.02,0,0.03,FALSE,FALSE
"UBTD2",0.03,0.04,0,-0.08,FALSE,FALSE
"SH3PXD2B",0.03,0.05,0,-0.21,FALSE,FALSE
"ERGIC1",0.03,0.04,0,-0.16,FALSE,FALSE
"BNIP1",0.03,0.02,0,0.03,FALSE,FALSE
"CPEB4",0.03,0.06,0,-0.28,FALSE,FALSE
"NOP16",0.03,0.07,0,-0.41,FALSE,FALSE
"FAF2",0.03,0.05,0,-0.3,FALSE,FALSE
"PHYKPL",0.03,0.04,0,-0.16,FALSE,FALSE
"CNOT6",0.03,0.04,0,-0.19,FALSE,FALSE
"FAM50B",0.03,0.04,0,-0.05,FALSE,FALSE
"BLOC1S5",0.03,0.04,0,-0.16,FALSE,FALSE
"PAK1IP1",0.03,0.03,0,-0.01,FALSE,FALSE
"DTNBP1",0.03,0.04,0,-0.08,FALSE,FALSE
"KDM1B",0.03,0.05,0,-0.18,FALSE,FALSE
"GPLD1",0.03,0.01,0,0.21,FALSE,FALSE
"ACOT13",0.03,0.02,0,0.06,FALSE,FALSE
"RIPOR2",0.03,0.06,0,-0.33,FALSE,FALSE
"UBD",0.03,0.03,0,-0.1,FALSE,FALSE
"PPP1R11",0.03,0.03,0,-0.06,FALSE,FALSE
"RPP21",0.03,0.05,0,-0.25,FALSE,FALSE
"DDX39B",0.03,0.03,0,-0.07,FALSE,FALSE
"PRRC2A",0.03,0.02,0,0.1,FALSE,FALSE
"CSNK2B",0.03,0.06,0,-0.32,FALSE,FALSE
"SLC39A7",0.03,0.04,0,-0.09,FALSE,FALSE
"WDR46",0.03,0.06,0,-0.29,FALSE,FALSE
"SYNGAP1",0.03,0.03,0,-0.02,FALSE,FALSE
"TBC1D22B",0.03,0.04,0,-0.13,FALSE,FALSE
"RNF8",0.03,0.04,0,-0.12,FALSE,FALSE
"CCDC167",0.03,0.04,0,-0.05,FALSE,FALSE
"BTBD9",0.03,0.07,0,-0.39,FALSE,FALSE
"NFYA",0.03,0.06,0,-0.29,FALSE,FALSE
"TOMM6",0.03,0.05,0,-0.14,FALSE,FALSE
"TAF8",0.03,0.06,0,-0.34,FALSE,FALSE
"BICRAL",0.03,0.05,0,-0.26,FALSE,FALSE
"SLC35B2",0.03,0.02,0,0.03,FALSE,FALSE
"RCAN2",0.03,0.06,0,-0.34,FALSE,FALSE
"MMUT",0.03,0.06,0,-0.29,FALSE,FALSE
"GCLC",0.03,0.07,0,-0.39,FALSE,FALSE
"LRRC1",0.03,0.05,0,-0.17,FALSE,FALSE
"ZNF451",0.03,0.03,0,-0.03,FALSE,FALSE
"COL12A1",0.03,0.06,0,-0.36,FALSE,FALSE
"TMEM30A",0.03,0.03,0,-0.07,FALSE,FALSE
"TTK",0.03,0.06,0,-0.25,FALSE,FALSE
"ANKRD6",0.03,0.05,0,-0.18,FALSE,FALSE
"CASP8AP2",0.03,0.01,0,0.17,FALSE,FALSE
"FHL5",0.03,0.04,0,-0.16,FALSE,FALSE
"HACE1",0.03,0.03,0,-0.06,FALSE,FALSE
"PREP",0.03,0.02,0,0.1,FALSE,FALSE
"REV3L",0.03,0.04,0,-0.08,FALSE,FALSE
"TSPYL4",0.03,0.05,0,-0.18,FALSE,FALSE
"DSE",0.03,0.04,0,-0.05,FALSE,FALSE
"PLN",0.03,0.07,0,-0.33,FALSE,FALSE
"ENPP3",0.03,0.05,0,-0.2,FALSE,FALSE
"STX7",0.03,0.03,0,0.07,FALSE,FALSE
"SHPRH",0.03,0.05,0,-0.18,FALSE,FALSE
"NUP43",0.03,0.04,0,-0.13,FALSE,FALSE
"PLEKHG1",0.03,0.05,0,-0.17,FALSE,FALSE
"ARID1B",0.03,0.03,0,-0.03,FALSE,FALSE
"DYNLT1",0.03,0.06,0,-0.36,FALSE,FALSE
"AFDN",0.03,0.04,0,-0.15,FALSE,FALSE
"THBS2",0.03,0.05,0,-0.24,FALSE,FALSE
"FAM120B",0.03,0.03,0,0.04,FALSE,FALSE
"ZFAND2A",0.03,0.02,0,0.03,FALSE,FALSE
"MAFK",0.03,0.06,0,-0.29,FALSE,FALSE
"MRM2",0.03,0.03,0,-0.02,FALSE,FALSE
"BRAT1",0.03,0.04,0,-0.13,FALSE,FALSE
"TTYH3",0.03,0.03,0,-0.07,FALSE,FALSE
"C7orf26",0.03,0.07,0,-0.41,FALSE,FALSE
"CBX3",0.03,0.03,0,-0.06,FALSE,FALSE
"HIBADH",0.03,0.04,0,-0.11,FALSE,FALSE
"JAZF1",0.03,0.02,0,0.1,FALSE,FALSE
"SCRN1",0.03,0.04,0,-0.15,FALSE,FALSE
"INMT",0.03,0.06,0,-0.33,FALSE,FALSE
"STARD3NL",0.03,0.05,0,-0.22,FALSE,FALSE
"TRGC2",0.03,0.03,0,-0.1,FALSE,FALSE
"RALA",0.03,0.04,0,-0.19,FALSE,FALSE
"MPLKIP",0.03,0.06,0,-0.36,FALSE,FALSE
"POLM",0.03,0.04,0,-0.13,FALSE,FALSE
"LIMK1",0.03,0.03,0,-0.1,FALSE,FALSE
"RCC1L",0.03,0.05,0,-0.22,FALSE,FALSE
"MDH2",0.03,0.06,0,-0.38,FALSE,FALSE
"SRI",0.03,0.03,0,-0.07,FALSE,FALSE
"SAMD9",0.03,0.04,0,-0.08,FALSE,FALSE
"SDHAF3",0.03,0.03,0,-0.01,FALSE,FALSE
"TECPR1",0.03,0.05,0,-0.18,FALSE,FALSE
"CPSF4",0.03,0.04,0,-0.16,FALSE,FALSE
"ZSCAN25",0.03,0.03,0,-0.02,FALSE,FALSE
"TAF6",0.03,0.02,0,0.06,FALSE,FALSE
"GPC2",0.03,0.06,0,-0.25,FALSE,FALSE
"POP7",0.03,0.03,0,0.03,FALSE,FALSE
"SLC12A9",0.03,0.06,0,-0.33,FALSE,FALSE
"ACHE",0.03,0.02,0,0.03,FALSE,FALSE
"AP1S1",0.03,0.03,0,-0.02,FALSE,FALSE
"ZNHIT1",0.03,0.03,0,-0.07,FALSE,FALSE
"IFT22",0.03,0.04,0,-0.05,FALSE,FALSE
"ALKBH4",0.03,0.03,0,-0.01,FALSE,FALSE
"LRRC17",0.03,0.04,0,-0.16,FALSE,FALSE
"DNAJC2",0.03,0.04,0,-0.13,FALSE,FALSE
"PIK3CG",0.03,0.03,0,0,FALSE,FALSE
"CBLL1",0.03,0.05,0,-0.18,FALSE,FALSE
"DLD",0.03,0.02,0,0.18,FALSE,FALSE
"PNPLA8",0.03,0.04,0,-0.13,FALSE,FALSE
"SMIM30",0.03,0.01,0,0.25,FALSE,FALSE
"ARF5",0.03,0.05,0,-0.17,FALSE,FALSE
"ATP6V1F",0.03,0.03,0,0.03,FALSE,FALSE
"TMEM209",0.03,0.08,0,-0.46,FALSE,FALSE
"UBN2",0.03,0.03,0,-0.06,FALSE,FALSE
"FMC1",0.03,0.04,0,-0.19,FALSE,FALSE
"KDM7A",0.03,0.03,0,-0.02,FALSE,FALSE
"ZNF282",0.03,0.03,0,0,FALSE,FALSE
"ABCF2",0.03,0.05,0,-0.21,FALSE,FALSE
"PRKAG2",0.03,0.03,0,-0.01,FALSE,FALSE
"INSIG1",0.03,0.03,0,-0.07,FALSE,FALSE
"NOM1",0.03,0.02,0,0.14,FALSE,FALSE
"NCAPG2",0.03,0.05,0,-0.14,FALSE,FALSE
"IL3RA",0.03,0.05,0,-0.22,FALSE,FALSE
"ANOS1",0.03,0.04,0,-0.13,FALSE,FALSE
"WWC3",0.03,0.05,0,-0.21,FALSE,FALSE
"SMS",0.03,0.04,0,-0.11,FALSE,FALSE
"PDK3",0.03,0.02,0,0.1,FALSE,FALSE
"DMD",0.03,0.03,0,-0.01,FALSE,FALSE
"MAOB",0.03,0.06,0,-0.28,FALSE,FALSE
"KDM6A",0.03,0.03,0,-0.07,FALSE,FALSE
"RBM10",0.03,0.04,0,-0.08,FALSE,FALSE
"PRAF2",0.03,0.05,0,-0.22,FALSE,FALSE
"PHF8",0.03,0.03,0,-0.03,FALSE,FALSE
"AR",0.03,0.01,0,0.17,FALSE,FALSE
"ZMYM3",0.03,0.03,0,0.03,FALSE,FALSE
"PHKA1",0.03,0.04,0,-0.16,FALSE,FALSE
"NAP1L2",0.03,0.04,0,-0.12,FALSE,FALSE
"BRWD3",0.03,0.02,0,0.03,FALSE,FALSE
"DIAPH2",0.03,0.03,0,-0.06,FALSE,FALSE
"GPRASP1",0.03,0.05,0,-0.25,FALSE,FALSE
"ACSL4",0.03,0.05,0,-0.25,FALSE,FALSE
"CHRDL1",0.03,0.04,0,-0.11,FALSE,FALSE
"SMARCA1",0.03,0.04,0,-0.19,FALSE,FALSE
"AIFM1",0.03,0.04,0,-0.12,FALSE,FALSE
"STK26",0.03,0.05,0,-0.28,FALSE,FALSE
"ZNF75D",0.03,0.02,0,0.07,FALSE,FALSE
"INTS6L",0.03,0.03,0,-0.04,FALSE,FALSE
"CETN2",0.03,0.04,0,-0.19,FALSE,FALSE
"SLC6A8",0.03,0.02,0,0.07,FALSE,FALSE
"CMC4",0.03,0.05,0,-0.3,FALSE,FALSE
"VAMP7",0.03,0.05,0,-0.22,FALSE,FALSE
"KBTBD11",0.03,0.02,0,0.1,FALSE,FALSE
"ERI1",0.03,0.02,0,0.14,FALSE,FALSE
"MSRA",0.03,0.06,0,-0.36,FALSE,FALSE
"BLK",0.03,0.07,0,-0.37,FALSE,FALSE
"DLC1",0.03,0.04,0,-0.16,FALSE,FALSE
"XPO7",0.03,0.04,0,-0.19,FALSE,FALSE
"SLC25A37",0.03,0.01,0,0.25,FALSE,FALSE
"DOCK5",0.03,0.04,0,-0.13,FALSE,FALSE
"WRN",0.03,0.04,0,-0.16,FALSE,FALSE
"TTI2",0.03,0.03,0,-0.07,FALSE,FALSE
"PLPP5",0.03,0.03,0,0.01,FALSE,FALSE
"PLEKHA2",0.03,0.06,0,-0.33,FALSE,FALSE
"TM2D2",0.03,0.05,0,-0.24,FALSE,FALSE
"GPAT4",0.03,0.03,0,-0.03,FALSE,FALSE
"SLC20A2",0.03,0.05,0,-0.3,FALSE,FALSE
"UBXN2B",0.03,0.03,0,-0.06,FALSE,FALSE
"RRS1",0.03,0.05,0,-0.26,FALSE,FALSE
"SGK3",0.03,0.07,0,-0.42,FALSE,FALSE
"NCOA2",0.03,0.04,0,-0.09,FALSE,FALSE
"ELOC",0.03,0.05,0,-0.22,FALSE,FALSE
"STK3",0.03,0.02,0,0.06,FALSE,FALSE
"OXR1",0.03,0.02,0,0.1,FALSE,FALSE
"MAL2",0.03,0.03,0,-0.01,FALSE,FALSE
"ST3GAL1",0.03,0.05,0,-0.17,FALSE,FALSE
"AGO2",0.03,0.05,0,-0.3,FALSE,FALSE
"JRK",0.03,0.05,0,-0.18,FALSE,FALSE
"TOP1MT",0.03,0.04,0,-0.05,FALSE,FALSE
"ZNF623",0.03,0.07,0,-0.37,FALSE,FALSE
"NRBP2",0.03,0.03,0,-0.03,FALSE,FALSE
"PARP10",0.03,0.05,0,-0.17,FALSE,FALSE
"EXOSC4",0.03,0.03,0,-0.06,FALSE,FALSE
"LRRC14",0.03,0.05,0,-0.3,FALSE,FALSE
"COMMD5",0.03,0.05,0,-0.24,FALSE,FALSE
"JAK2",0.03,0.05,0,-0.26,FALSE,FALSE
"RRAGA",0.03,0.05,0,-0.26,FALSE,FALSE
"FOCAD",0.03,0.05,0,-0.26,FALSE,FALSE
"C9orf72",0.03,0.03,0,-0.01,FALSE,FALSE
"ACO1",0.03,0.03,0,-0.1,FALSE,FALSE
"TOPORS",0.03,0.05,0,-0.25,FALSE,FALSE
"DNAJA1",0.03,0.03,0,0,FALSE,FALSE
"FAM219A",0.03,0.02,0,0.06,FALSE,FALSE
"RPP25L",0.03,0.06,0,-0.33,FALSE,FALSE
"PIGO",0.03,0.03,0,-0.04,FALSE,FALSE
"STOML2",0.03,0.05,0,-0.14,FALSE,FALSE
"SIT1",0.03,0.03,0,-0.01,FALSE,FALSE
"NPR2",0.03,0.03,0,-0.07,FALSE,FALSE
"HINT2",0.03,0.02,0,0.1,FALSE,FALSE
"ZBTB5",0.03,0.05,0,-0.3,FALSE,FALSE
"ANKRD18A",0.03,0.02,0,0.11,FALSE,FALSE
"CEP78",0.03,0.05,0,-0.24,FALSE,FALSE
"IDNK",0.03,0.02,0,0.03,FALSE,FALSE
"C9orf64",0.03,0.04,0,-0.13,FALSE,FALSE
"NINJ1",0.03,0.04,0,-0.15,FALSE,FALSE
"CORO2A",0.03,0.03,0,-0.01,FALSE,FALSE
"TEX10",0.03,0.03,0,0,FALSE,FALSE
"SVEP1",0.03,0.04,0,-0.11,FALSE,FALSE
"FKBP15",0.03,0.03,0,0.04,FALSE,FALSE
"WHRN",0.03,0.08,0,-0.5,FALSE,FALSE
"TMEM268",0.03,0.05,0,-0.22,FALSE,FALSE
"TRIM32",0.03,0.06,0,-0.36,FALSE,FALSE
"TRAF1",0.03,0.08,0,-0.53,FALSE,FALSE
"ZBTB6",0.03,0.03,0,-0.01,FALSE,FALSE
"GOLGA1",0.03,0.06,0,-0.38,FALSE,FALSE
"SCAI",0.03,0.05,0,-0.28,FALSE,FALSE
"ANGPTL2",0.03,0.04,0,-0.19,FALSE,FALSE
"FAM102A",0.03,0.06,0,-0.34,FALSE,FALSE
"PHYHD1",0.03,0.02,0,0.1,FALSE,FALSE
"NTMT1",0.03,0.03,0,-0.02,FALSE,FALSE
"NUP214",0.03,0.02,0,0.11,FALSE,FALSE
"BRD3",0.03,0.03,0,0.01,FALSE,FALSE
"COL5A1",0.03,0.05,0,-0.17,FALSE,FALSE
"EDF1",0.03,0.04,0,-0.05,FALSE,FALSE
"TRAF2",0.03,0.05,0,-0.14,FALSE,FALSE
"NSMF",0.03,0.04,0,-0.16,FALSE,FALSE
"SIGIRR",0.03,0.06,0,-0.34,FALSE,FALSE
"PHRF1",0.03,0.03,0,-0.07,FALSE,FALSE
"TNNT3",0.03,0.04,0,-0.12,FALSE,FALSE
"ZNF195",0.03,0.04,0,-0.11,FALSE,FALSE
"PGAP2",0.03,0.05,0,-0.25,FALSE,FALSE
"TUB",0.03,0.05,0,-0.24,FALSE,FALSE
"SBF2",0.03,0.05,0,-0.22,FALSE,FALSE
"TEAD1",0.03,0.06,0,-0.34,FALSE,FALSE
"ARNTL",0.03,0.01,0,0.13,FALSE,FALSE
"FAR1",0.03,0.06,0,-0.33,FALSE,FALSE
"GTF2H1",0.03,0.02,0,0.06,FALSE,FALSE
"HTATIP2",0.03,0.04,0,-0.11,FALSE,FALSE
"PRMT3",0.03,0.03,0,-0.07,FALSE,FALSE
"KIF18A",0.03,0.01,0,0.17,FALSE,FALSE
"ARL14EP",0.03,0.06,0,-0.33,FALSE,FALSE
"PRRG4",0.03,0.04,0,-0.19,FALSE,FALSE
"TCP11L1",0.03,0.04,0,-0.13,FALSE,FALSE
"COMMD9",0.03,0.06,0,-0.38,FALSE,FALSE
"EXT2",0.03,0.05,0,-0.17,FALSE,FALSE
"KBTBD4",0.03,0.05,0,-0.3,FALSE,FALSE
"MTCH2",0.03,0.04,0,-0.08,FALSE,FALSE
"PTPRJ",0.03,0.01,0,0.21,FALSE,FALSE
"PATL1",0.03,0.06,0,-0.3,FALSE,FALSE
"TKFC",0.03,0.02,0,0.03,FALSE,FALSE
"CYB561A3",0.03,0.01,0,0.21,FALSE,FALSE
"TMEM138",0.03,0.03,0,-0.04,FALSE,FALSE
"RAB3IL1",0.03,0.06,0,-0.32,FALSE,FALSE
"UQCC3",0.03,0.07,0,-0.42,FALSE,FALSE
"BSCL2",0.03,0.03,0,-0.1,FALSE,FALSE
"STX5",0.03,0.03,0,-0.02,FALSE,FALSE
"PLAAT3",0.03,0.03,0,-0.03,FALSE,FALSE
"MARK2",0.03,0.05,0,-0.22,FALSE,FALSE
"ZNRD2",0.03,0.04,0,-0.08,FALSE,FALSE
"FIBP",0.03,0.05,0,-0.26,FALSE,FALSE
"KLC2",0.03,0.03,0,-0.01,FALSE,FALSE
"B4GAT1",0.03,0.03,0,-0.01,FALSE,FALSE
"POLD4",0.03,0.05,0,-0.22,FALSE,FALSE
"NDUFS8",0.03,0.02,0,0.1,FALSE,FALSE
"C11orf24",0.03,0.03,0,-0.01,FALSE,FALSE
"IL18BP",0.03,0.03,0,0.03,FALSE,FALSE
"INPPL1",0.03,0.05,0,-0.22,FALSE,FALSE
"ARHGEF17",0.03,0.05,0,-0.2,FALSE,FALSE
"C2CD3",0.03,0.04,0,-0.13,FALSE,FALSE
"PPME1",0.03,0.02,0,0.03,FALSE,FALSE
"WNT11",0.03,0.02,0,0.1,FALSE,FALSE
"PAK1",0.03,0.01,0,0.13,FALSE,FALSE
"RAB30",0.03,0.06,0,-0.36,FALSE,FALSE
"SYTL2",0.03,0.06,0,-0.29,FALSE,FALSE
"TMEM135",0.03,0.01,0,0.13,FALSE,FALSE
"JRKL",0.03,0.02,0,0.07,FALSE,FALSE
"ARHGAP42",0.03,0.02,0,0.03,FALSE,FALSE
"MSANTD4",0.03,0.02,0,0.06,FALSE,FALSE
"SLC35F2",0.03,0.03,0,-0.1,FALSE,FALSE
"RDX",0.03,0.04,0,-0.09,FALSE,FALSE
"PTS",0.03,0.05,0,-0.22,FALSE,FALSE
"ZW10",0.03,0.04,0,-0.19,FALSE,FALSE
"NNMT",0.03,0.03,0,0.03,FALSE,FALSE
"CEP164",0.03,0.06,0,-0.33,FALSE,FALSE
"PHLDB1",0.03,0.06,0,-0.33,FALSE,FALSE
"DDX6",0.03,0.05,0,-0.17,FALSE,FALSE
"VPS11",0.03,0.05,0,-0.25,FALSE,FALSE
"RNF26",0.03,0.03,0,-0.03,FALSE,FALSE
"SC5D",0.03,0.04,0,-0.08,FALSE,FALSE
"PKNOX2",0.03,0.02,0,0.1,FALSE,FALSE
"SNX19",0.03,0.03,0,0.07,FALSE,FALSE
"GTPBP4",0.03,0.05,0,-0.14,FALSE,FALSE
"PRKCQ",0.03,0.05,0,-0.14,FALSE,FALSE
"GATA3",0.03,0.05,0,-0.24,FALSE,FALSE
"CAMK1D",0.03,0.07,0,-0.4,FALSE,FALSE
"HSPA14",0.03,0.02,0,0.14,FALSE,FALSE
"MINDY3",0.03,0.05,0,-0.2,FALSE,FALSE
"PTER",0.03,0.02,0,0.14,FALSE,FALSE
"STAM",0.03,0.04,0,-0.12,FALSE,FALSE
"NSUN6",0.03,0.05,0,-0.22,FALSE,FALSE
"ARL5B",0.03,0.04,0,-0.12,FALSE,FALSE
"NEBL",0.03,0.05,0,-0.14,FALSE,FALSE
"PDSS1",0.03,0.02,0,0.06,FALSE,FALSE
"ANKRD26",0.03,0.03,0,0.04,FALSE,FALSE
"SVIL",0.03,0.03,0,-0.1,FALSE,FALSE
"ARHGAP12",0.03,0.05,0,-0.3,FALSE,FALSE
"ZNF248",0.03,0.02,0,0.06,FALSE,FALSE
"RET",0.03,0.07,0,-0.44,FALSE,FALSE
"RASSF4",0.03,0.06,0,-0.3,FALSE,FALSE
"MARCHF8",0.03,0.03,0,-0.04,FALSE,FALSE
"MAPK8",0.03,0.04,0,-0.16,FALSE,FALSE
"ZWINT",0.03,0.04,0,-0.12,FALSE,FALSE
"REEP3",0.03,0.03,0,-0.06,FALSE,FALSE
"DNA2",0.03,0.02,0,0.14,FALSE,FALSE
"SUPV3L1",0.03,0.08,0,-0.45,FALSE,FALSE
"CDH23",0.03,0.01,0,0.17,FALSE,FALSE
"SEC24C",0.03,0.03,0,0.07,FALSE,FALSE
"CAMK2G",0.03,0.04,0,-0.19,FALSE,FALSE
"CCSER2",0.03,0.07,0,-0.37,FALSE,FALSE
"LDB3",0.03,0.01,0,0.21,FALSE,FALSE
"GLUD1",0.03,0.05,0,-0.22,FALSE,FALSE
"IDE",0.03,0.01,0,0.13,FALSE,FALSE
"ZDHHC16",0.03,0.05,0,-0.22,FALSE,FALSE
"DNMBP",0.03,0.01,0,0.25,FALSE,FALSE
"CHUK",0.03,0.05,0,-0.14,FALSE,FALSE
"HIF1AN",0.03,0.04,0,-0.12,FALSE,FALSE
"SLF2",0.03,0.03,0,-0.03,FALSE,FALSE
"FBXL15",0.03,0.06,0,-0.38,FALSE,FALSE
"SUFU",0.03,0.03,0,-0.06,FALSE,FALSE
"SFXN2",0.03,0.06,0,-0.25,FALSE,FALSE
"VTI1A",0.03,0.07,0,-0.41,FALSE,FALSE
"TRUB1",0.03,0.06,0,-0.29,FALSE,FALSE
"PDZD8",0.03,0.05,0,-0.25,FALSE,FALSE
"C10orf88",0.03,0.03,0,-0.04,FALSE,FALSE
"ACADSB",0.03,0.03,0,-0.01,FALSE,FALSE
"CPXM2",0.03,0.04,0,-0.09,FALSE,FALSE
"CHST15",0.03,0.03,0,-0.01,FALSE,FALSE
"ABRAXAS2",0.03,0.03,0,-0.1,FALSE,FALSE
"UROS",0.03,0.03,0,0.01,FALSE,FALSE
"INPP5A",0.03,0.04,0,-0.12,FALSE,FALSE
"ADIPOR2",0.03,0.04,0,-0.12,FALSE,FALSE
"TSPAN9",0.03,0.06,0,-0.29,FALSE,FALSE
"LTBR",0.03,0.05,0,-0.26,FALSE,FALSE
"CD27",0.03,0.07,0,-0.38,FALSE,FALSE
"SPSB2",0.03,0.03,0,-0.06,FALSE,FALSE
"NECAP1",0.03,0.03,0,-0.03,FALSE,FALSE
"CLEC2B",0.03,0.07,0,-0.46,FALSE,FALSE
"KLRK1",0.03,0.05,0,-0.25,FALSE,FALSE
"TAS2R14",0.03,0.05,0,-0.3,FALSE,FALSE
"DUSP16",0.03,0.04,0,-0.16,FALSE,FALSE
"MGST1",0.03,0.05,0,-0.21,FALSE,FALSE
"RASSF8",0.03,0.06,0,-0.28,FALSE,FALSE
"SSPN",0.03,0.04,0,-0.19,FALSE,FALSE
"AMIGO2",0.03,0.01,0,0.25,FALSE,FALSE
"ZNF641",0.03,0.05,0,-0.22,FALSE,FALSE
"FMNL3",0.03,0.04,0,-0.13,FALSE,FALSE
"SMARCD1",0.03,0.04,0,-0.08,FALSE,FALSE
"DIP2B",0.03,0.05,0,-0.28,FALSE,FALSE
"ZNF385A",0.03,0.03,0,-0.07,FALSE,FALSE
"ITGA5",0.03,0.04,0,-0.19,FALSE,FALSE
"NCKAP1L",0.03,0.04,0,-0.19,FALSE,FALSE
"ITGA7",0.03,0.04,0,-0.11,FALSE,FALSE
"ORMDL2",0.03,0.04,0,-0.08,FALSE,FALSE
"MMP19",0.03,0.04,0,-0.05,FALSE,FALSE
"NABP2",0.03,0.05,0,-0.18,FALSE,FALSE
"NAB2",0.03,0.05,0,-0.18,FALSE,FALSE
"ARHGEF25",0.03,0.05,0,-0.21,FALSE,FALSE
"MARCHF9",0.03,0.03,0,-0.01,FALSE,FALSE
"MON2",0.03,0.05,0,-0.2,FALSE,FALSE
"DYRK2",0.03,0.03,0,-0.07,FALSE,FALSE
"MDM1",0.03,0.04,0,-0.16,FALSE,FALSE
"SLC35E3",0.03,0.05,0,-0.26,FALSE,FALSE
"CCT2",0.03,0.02,0,0.14,FALSE,FALSE
"PTPRB",0.03,0.05,0,-0.24,FALSE,FALSE
"BBS10",0.03,0.02,0,0.06,FALSE,FALSE
"NEDD1",0.03,0.06,0,-0.34,FALSE,FALSE
"GNPTAB",0.03,0.05,0,-0.17,FALSE,FALSE
"NUP37",0.03,0.08,0,-0.5,FALSE,FALSE
"PARPBP",0.03,0,0,0.28,FALSE,FALSE
"TCP11L2",0.03,0.02,0,0.14,FALSE,FALSE
"RIC8B",0.03,0.05,0,-0.22,FALSE,FALSE
"BTBD11",0.03,0.01,0,0.25,FALSE,FALSE
"TMEM119",0.03,0.02,0,0.03,FALSE,FALSE
"MAPKAPK5",0.03,0.03,0,0.03,FALSE,FALSE
"HECTD4",0.03,0.04,0,-0.09,FALSE,FALSE
"RITA1",0.03,0.01,0,0.13,FALSE,FALSE
"TPCN1",0.03,0.03,0,-0.04,FALSE,FALSE
"PLBD2",0.03,0.05,0,-0.24,FALSE,FALSE
"ORAI1",0.03,0.04,0,-0.08,FALSE,FALSE
"DENR",0.03,0.05,0,-0.18,FALSE,FALSE
"KMT5A",0.03,0.05,0,-0.26,FALSE,FALSE
"RILPL2",0.03,0.04,0,-0.16,FALSE,FALSE
"TMED2",0.03,0.06,0,-0.29,FALSE,FALSE
"ZNF664",0.03,0.04,0,-0.19,FALSE,FALSE
"UBC",0.03,0.03,0,-0.01,FALSE,FALSE
"ANKLE2",0.03,0.07,0,-0.35,FALSE,FALSE
"ZNF268",0.03,0.04,0,-0.15,FALSE,FALSE
"GJB6",0.03,0.03,0,-0.07,FALSE,FALSE
"MTMR6",0.03,0.02,0,0.07,FALSE,FALSE
"RNF6",0.03,0.08,0,-0.42,FALSE,FALSE
"RASL11A",0.03,0.05,0,-0.22,FALSE,FALSE
"UBL3",0.03,0.05,0,-0.26,FALSE,FALSE
"PDS5B",0.03,0.05,0,-0.22,FALSE,FALSE
"SUPT20H",0.03,0.07,0,-0.35,FALSE,FALSE
"UFM1",0.03,0.04,0,-0.16,FALSE,FALSE
"NAA16",0.03,0.03,0,0.07,FALSE,FALSE
"FNDC3A",0.03,0.04,0,-0.15,FALSE,FALSE
"CAB39L",0.03,0.04,0,-0.16,FALSE,FALSE
"PHF11",0.03,0.06,0,-0.25,FALSE,FALSE
"MYCBP2",0.03,0.04,0,-0.05,FALSE,FALSE
"RBM26",0.03,0.05,0,-0.28,FALSE,FALSE
"UBAC2",0.03,0.04,0,-0.13,FALSE,FALSE
"ITGBL1",0.03,0.01,0,0.24,FALSE,FALSE
"ERCC5",0.03,0.03,0,-0.03,FALSE,FALSE
"LIG4",0.03,0.02,0,0.03,FALSE,FALSE
"IRS2",0.03,0.04,0,-0.19,FALSE,FALSE
"NAXD",0.03,0.02,0,0.03,FALSE,FALSE
"TFDP1",0.03,0.06,0,-0.36,FALSE,FALSE
"TMEM255B",0.03,0.06,0,-0.29,FALSE,FALSE
"TTC5",0.03,0.04,0,-0.19,FALSE,FALSE
"OSGEP",0.03,0.05,0,-0.17,FALSE,FALSE
"ZNF219",0.03,0.06,0,-0.32,FALSE,FALSE
"TRDC",0.03,0.05,0,-0.14,FALSE,FALSE
"AP1G2",0.03,0.05,0,-0.3,FALSE,FALSE
"DCAF11",0.03,0.05,0,-0.18,FALSE,FALSE
"REC8",0.03,0.03,0,-0.06,FALSE,FALSE
"GMPR2",0.03,0.05,0,-0.28,FALSE,FALSE
"DHRS1",0.03,0.03,0,-0.03,FALSE,FALSE
"G2E3",0.03,0.03,0,-0.03,FALSE,FALSE
"FAM177A1",0.03,0.02,0,0.07,FALSE,FALSE
"TRAPPC6B",0.03,0.06,0,-0.25,FALSE,FALSE
"SOS2",0.03,0.05,0,-0.25,FALSE,FALSE
"DDHD1",0.03,0.07,0,-0.35,FALSE,FALSE
"DAAM1",0.03,0.04,0,-0.08,FALSE,FALSE
"L3HYPDH",0.03,0.02,0,0.03,FALSE,FALSE
"PRKCH",0.03,0.04,0,-0.19,FALSE,FALSE
"HIF1A",0.03,0.04,0,-0.09,FALSE,FALSE
"HSPA2",0.03,0.05,0,-0.22,FALSE,FALSE
"PLEKHG3",0.03,0.04,0,-0.12,FALSE,FALSE
"GPHN",0.03,0.02,0,0.06,FALSE,FALSE
"ATP6V1D",0.03,0.04,0,-0.13,FALSE,FALSE
"ALDH6A1",0.03,0.06,0,-0.25,FALSE,FALSE
"EIF2B2",0.03,0.01,0,0.13,FALSE,FALSE
"TMED10",0.03,0.03,0,-0.06,FALSE,FALSE
"TGFB3",0.03,0.03,0,0.03,FALSE,FALSE
"GSTZ1",0.03,0.03,0,0.01,FALSE,FALSE
"TMED8",0.03,0.07,0,-0.43,FALSE,FALSE
"TSHR",0.03,0.04,0,-0.09,FALSE,FALSE
"GALC",0.03,0.05,0,-0.2,FALSE,FALSE
"TTC8",0.03,0.05,0,-0.25,FALSE,FALSE
"PSMC1",0.03,0.01,0,0.25,FALSE,FALSE
"CPSF2",0.03,0.07,0,-0.42,FALSE,FALSE
"ITPK1",0.03,0.03,0,-0.03,FALSE,FALSE
"GSKIP",0.03,0.02,0,0.14,FALSE,FALSE
"YY1",0.03,0.04,0,-0.12,FALSE,FALSE
"DYNC1H1",0.03,0.02,0,0.18,FALSE,FALSE
"WDR20",0.03,0.04,0,-0.19,FALSE,FALSE
"BTBD6",0.03,0.04,0,-0.08,FALSE,FALSE
"IGHE",0.03,0.07,0,-0.41,FALSE,FALSE
"NIPA1",0.03,0.03,0,-0.1,FALSE,FALSE
"KLF13",0.03,0.05,0,-0.18,FALSE,FALSE
"FMN1",0.03,0.03,0,-0.1,FALSE,FALSE
"AVEN",0.03,0.03,0,-0.04,FALSE,FALSE
"CDIN1",0.03,0.01,0,0.21,FALSE,FALSE
"BMF",0.03,0.04,0,-0.12,FALSE,FALSE
"BAHD1",0.03,0.03,0,-0.07,FALSE,FALSE
"SPINT1",0.03,0.05,0,-0.26,FALSE,FALSE
"STARD9",0.03,0.03,0,-0.01,FALSE,FALSE
"MAP1A",0.03,0.02,0,0.11,FALSE,FALSE
"STRC",0.03,0.02,0,0.1,FALSE,FALSE
"EIF3J",0.03,0.05,0,-0.24,FALSE,FALSE
"MYO1E",0.03,0.06,0,-0.36,FALSE,FALSE
"GTF2A2",0.03,0.03,0,0.07,FALSE,FALSE
"RORA",0.03,0.03,0,-0.04,FALSE,FALSE
"TRIP4",0.03,0.05,0,-0.22,FALSE,FALSE
"RASL12",0.03,0.01,0,0.25,FALSE,FALSE
"CLPX",0.03,0.05,0,-0.22,FALSE,FALSE
"HACD3",0.03,0.05,0,-0.24,FALSE,FALSE
"SNAPC5",0.03,0.03,0,-0.1,FALSE,FALSE
"CLN6",0.03,0.03,0,-0.06,FALSE,FALSE
"GLCE",0.03,0.06,0,-0.36,FALSE,FALSE
"THSD4",0.03,0.04,0,-0.08,FALSE,FALSE
"CD276",0.03,0.03,0,-0.02,FALSE,FALSE
"C15orf39",0.03,0.03,0,0.07,FALSE,FALSE
"WDR61",0.03,0.05,0,-0.2,FALSE,FALSE
"ZNF592",0.03,0.05,0,-0.14,FALSE,FALSE
"PDE8A",0.03,0.08,0,-0.42,FALSE,FALSE
"CRTC3",0.03,0.05,0,-0.2,FALSE,FALSE
"UNC45A",0.03,0.05,0,-0.17,FALSE,FALSE
"LINS1",0.03,0.03,0,-0.03,FALSE,FALSE
"CLCN7",0.03,0.05,0,-0.21,FALSE,FALSE
"CRAMP1",0.03,0.03,0,-0.1,FALSE,FALSE
"NDUFB10",0.03,0.03,0,-0.1,FALSE,FALSE
"ECI1",0.03,0.05,0,-0.24,FALSE,FALSE
"ZNF75A",0.03,0.05,0,-0.22,FALSE,FALSE
"DNAJA3",0.03,0.03,0,-0.03,FALSE,FALSE
"EMP2",0.03,0.04,0,-0.11,FALSE,FALSE
"SNN",0.03,0.03,0,0.04,FALSE,FALSE
"BMERB1",0.03,0.03,0,-0.07,FALSE,FALSE
"KNOP1",0.03,0.02,0,0.1,FALSE,FALSE
"TMEM159",0.03,0.04,0,-0.05,FALSE,FALSE
"EEF2K",0.03,0.04,0,-0.12,FALSE,FALSE
"CDR2",0.03,0.05,0,-0.22,FALSE,FALSE
"TNRC6A",0.03,0.04,0,-0.16,FALSE,FALSE
"RABEP2",0.03,0.05,0,-0.28,FALSE,FALSE
"NFATC2IP",0.03,0.07,0,-0.41,FALSE,FALSE
"DCTPP1",0.03,0.03,0,-0.01,FALSE,FALSE
"SEPHS2",0.03,0.06,0,-0.34,FALSE,FALSE
"SRCAP",0.03,0.04,0,-0.08,FALSE,FALSE
"FBXL19",0.03,0.06,0,-0.28,FALSE,FALSE
"AHSP",0.03,0.03,0,0,FALSE,FALSE
"TENT4B",0.03,0.06,0,-0.34,FALSE,FALSE
"CX3CL1",0.03,0.04,0,-0.09,FALSE,FALSE
"POLR2C",0.03,0.04,0,-0.11,FALSE,FALSE
"RRAD",0.03,0.05,0,-0.2,FALSE,FALSE
"CIAO2B",0.03,0.08,0,-0.42,FALSE,FALSE
"E2F4",0.03,0.05,0,-0.3,FALSE,FALSE
"CARMIL2",0.03,0.08,0,-0.5,FALSE,FALSE
"WWP2",0.03,0.04,0,-0.19,FALSE,FALSE
"ATXN1L",0.03,0.05,0,-0.26,FALSE,FALSE
"DHX38",0.03,0.04,0,-0.09,FALSE,FALSE
"PSMD7",0.03,0.05,0,-0.28,FALSE,FALSE
"BCAR1",0.03,0.03,0,-0.03,FALSE,FALSE
"TMEM170A",0.03,0.01,0,0.13,FALSE,FALSE
"PLCG2",0.03,0.05,0,-0.2,FALSE,FALSE
"HSDL1",0.03,0.03,0,-0.01,FALSE,FALSE
"KLHL36",0.03,0.03,0,0.07,FALSE,FALSE
"ZDHHC7",0.03,0.03,0,-0.1,FALSE,FALSE
"MTHFSD",0.03,0.01,0,0.25,FALSE,FALSE
"ZCCHC14",0.03,0.02,0,0.06,FALSE,FALSE
"ABR",0.03,0.06,0,-0.29,FALSE,FALSE
"TSR1",0.03,0.05,0,-0.22,FALSE,FALSE
"EMC6",0.03,0.03,0,-0.07,FALSE,FALSE
"ATP1B2",0.03,0.03,0,0.03,FALSE,FALSE
"KDM6B",0.03,0.04,0,-0.19,FALSE,FALSE
"AURKB",0.03,0.02,0,0.03,FALSE,FALSE
"RANGRF",0.03,0.03,0,0.04,FALSE,FALSE
"CENPV",0.03,0.02,0,0.11,FALSE,FALSE
"TNFRSF13B",0.03,0.05,0,-0.28,FALSE,FALSE
"COPS3",0.03,0.07,0,-0.41,FALSE,FALSE
"PEMT",0.03,0.03,0,-0.1,FALSE,FALSE
"RAI1",0.03,0.04,0,-0.08,FALSE,FALSE
"PRPSAP2",0.03,0.03,0,-0.01,FALSE,FALSE
"EPN2",0.03,0.05,0,-0.3,FALSE,FALSE
"KSR1",0.03,0.06,0,-0.25,FALSE,FALSE
"UNC119",0.03,0.03,0,-0.06,FALSE,FALSE
"TRAF4",0.03,0.05,0,-0.3,FALSE,FALSE
"UTP6",0.03,0.03,0,-0.04,FALSE,FALSE
"SUZ12",0.03,0.04,0,-0.05,FALSE,FALSE
"RAD51D",0.03,0.05,0,-0.22,FALSE,FALSE
"TAF15",0.03,0.03,0,0.04,FALSE,FALSE
"SOCS7",0.03,0.01,0,0.17,FALSE,FALSE
"ARHGAP23",0.03,0.05,0,-0.26,FALSE,FALSE
"CACNB1",0.03,0.02,0,0.06,FALSE,FALSE
"PGAP3",0.03,0.03,0,-0.07,FALSE,FALSE
"WIPF2",0.03,0.04,0,-0.11,FALSE,FALSE
"KRT222",0.03,0.02,0,0.03,FALSE,FALSE
"EIF1",0.03,0.04,0,-0.08,FALSE,FALSE
"TUBG2",0.03,0.03,0,-0.04,FALSE,FALSE
"DUSP3",0.03,0.03,0,-0.07,FALSE,FALSE
"G6PC3",0.03,0.04,0,-0.16,FALSE,FALSE
"SLC4A1",0.03,0.03,0,-0.02,FALSE,FALSE
"GPATCH8",0.03,0.04,0,-0.13,FALSE,FALSE
"CCDC43",0.03,0.03,0,-0.02,FALSE,FALSE
"SP2",0.03,0.06,0,-0.29,FALSE,FALSE
"ITGA3",0.03,0.04,0,-0.11,FALSE,FALSE
"PDK2",0.03,0.05,0,-0.22,FALSE,FALSE
"XYLT2",0.03,0.02,0,0.1,FALSE,FALSE
"COX11",0.03,0.04,0,-0.05,FALSE,FALSE
"HLF",0.03,0.04,0,-0.12,FALSE,FALSE
"COIL",0.03,0.03,0,-0.01,FALSE,FALSE
"MTMR4",0.03,0.06,0,-0.32,FALSE,FALSE
"FTSJ3",0.03,0.03,0,0.04,FALSE,FALSE
"SMARCD2",0.03,0.05,0,-0.26,FALSE,FALSE
"CEP95",0.03,0.04,0,-0.08,FALSE,FALSE
"PSMD12",0.03,0.04,0,-0.13,FALSE,FALSE
"NAT9",0.03,0.05,0,-0.21,FALSE,FALSE
"NT5C",0.03,0.03,0,-0.02,FALSE,FALSE
"NUP85",0.03,0.06,0,-0.32,FALSE,FALSE
"MIF4GD",0.03,0.02,0,0.14,FALSE,FALSE
"RECQL5",0.03,0.02,0,0.03,FALSE,FALSE
"TRIM47",0.03,0.03,0,-0.04,FALSE,FALSE
"FBF1",0.03,0.02,0,0.14,FALSE,FALSE
"JMJD6",0.03,0.06,0,-0.32,FALSE,FALSE
"MFSD11",0.03,0.02,0,0.03,FALSE,FALSE
"TNRC6C",0.03,0.04,0,-0.16,FALSE,FALSE
"ENDOV",0.03,0.03,0,0.03,FALSE,FALSE
"ALYREF",0.03,0.07,0,-0.33,FALSE,FALSE
"SIRT7",0.03,0.03,0,0,FALSE,FALSE
"OGFOD3",0.03,0.04,0,-0.05,FALSE,FALSE
"METRNL",0.03,0.03,0,-0.04,FALSE,FALSE
"COLEC12",0.03,0.05,0,-0.22,FALSE,FALSE
"CLUL1",0.03,0.01,0,0.29,FALSE,FALSE
"METTL4",0.03,0.03,0,-0.01,FALSE,FALSE
"L3MBTL4",0.03,0.07,0,-0.46,FALSE,FALSE
"MTCL1",0.03,0.01,0,0.24,FALSE,FALSE
"SPIRE1",0.03,0.02,0,0.03,FALSE,FALSE
"RBBP8",0.03,0.02,0,0.03,FALSE,FALSE
"NPC1",0.03,0.05,0,-0.22,FALSE,FALSE
"TTC39C",0.03,0.05,0,-0.17,FALSE,FALSE
"RNF125",0.03,0.04,0,-0.08,FALSE,FALSE
"SLC14A1",0.03,0.04,0,-0.12,FALSE,FALSE
"IER3IP1",0.03,0.01,0,0.25,FALSE,FALSE
"NEDD4L",0.03,0.01,0,0.17,FALSE,FALSE
"ZNF532",0.03,0.06,0,-0.36,FALSE,FALSE
"PIGN",0.03,0.03,0,-0.1,FALSE,FALSE
"ZNF516",0.03,0.06,0,-0.34,FALSE,FALSE
"NFATC1",0.03,0.06,0,-0.32,FALSE,FALSE
"RBCK1",0.03,0.05,0,-0.14,FALSE,FALSE
"NSFL1C",0.03,0.04,0,-0.16,FALSE,FALSE
"ZNF343",0.03,0.03,0,-0.07,FALSE,FALSE
"ATRN",0.03,0.05,0,-0.24,FALSE,FALSE
"BTBD3",0.03,0.05,0,-0.17,FALSE,FALSE
"ISM1",0.03,0.05,0,-0.26,FALSE,FALSE
"SNX5",0.03,0.05,0,-0.24,FALSE,FALSE
"MGME1",0.03,0.03,0,-0.03,FALSE,FALSE
"RBBP9",0.03,0.06,0,-0.3,FALSE,FALSE
"SEC23B",0.03,0.05,0,-0.18,FALSE,FALSE
"DTD1",0.03,0.04,0,-0.15,FALSE,FALSE
"ENTPD6",0.03,0.04,0,-0.19,FALSE,FALSE
"NINL",0.03,0.04,0,-0.16,FALSE,FALSE
"ACSS2",0.03,0.02,0,0.1,FALSE,FALSE
"PHF20",0.03,0.04,0,-0.13,FALSE,FALSE
"RPN2",0.03,0.03,0,0.04,FALSE,FALSE
"GHRH",0.03,0.01,0,0.29,FALSE,FALSE
"TOMM34",0.03,0.05,0,-0.2,FALSE,FALSE
"PI3",0.03,0.07,0,-0.37,FALSE,FALSE
"PIGT",0.03,0.03,0,-0.1,FALSE,FALSE
"DNTTIP1",0.03,0.03,0,0.04,FALSE,FALSE
"TP53RK",0.03,0.05,0,-0.25,FALSE,FALSE
"ARFGEF2",0.03,0.05,0,-0.22,FALSE,FALSE
"CSE1L",0.03,0.04,0,-0.12,FALSE,FALSE
"PEDS1",0.03,0.04,0,-0.11,FALSE,FALSE
"CEBPB",0.03,0.03,0,-0.04,FALSE,FALSE
"ZNF217",0.03,0.05,0,-0.25,FALSE,FALSE
"PRELID3B",0.03,0.02,0,0.14,FALSE,FALSE
"TAF4",0.03,0.03,0,-0.04,FALSE,FALSE
"SS18L1",0.03,0.03,0,-0.07,FALSE,FALSE
"MRGBP",0.03,0.03,0,-0.01,FALSE,FALSE
"LIME1",0.03,0.04,0,-0.16,FALSE,FALSE
"SOX18",0.03,0.05,0,-0.25,FALSE,FALSE
"GZMM",0.03,0.03,0,-0.01,FALSE,FALSE
"WDR18",0.03,0.02,0,0.11,FALSE,FALSE
"ABCA7",0.03,0.04,0,-0.12,FALSE,FALSE
"FAM174C",0.03,0.04,0,-0.05,FALSE,FALSE
"PWWP3A",0.03,0.06,0,-0.25,FALSE,FALSE
"C19orf25",0.03,0.02,0,0.1,FALSE,FALSE
"MBD3",0.03,0.05,0,-0.25,FALSE,FALSE
"CSNK1G2",0.03,0.04,0,-0.11,FALSE,FALSE
"DOT1L",0.03,0.07,0,-0.35,FALSE,FALSE
"SGTA",0.03,0.05,0,-0.2,FALSE,FALSE
"THOP1",0.03,0.04,0,-0.15,FALSE,FALSE
"GNA15",0.03,0.03,0,-0.1,FALSE,FALSE
"CACTIN",0.03,0.04,0,-0.13,FALSE,FALSE
"MICOS13",0.03,0.03,0,-0.04,FALSE,FALSE
"DUS3L",0.03,0.06,0,-0.38,FALSE,FALSE
"DENND1C",0.03,0.04,0,-0.19,FALSE,FALSE
"ARHGEF18",0.03,0.04,0,-0.16,FALSE,FALSE
"CERS4",0.03,0.03,0,0,FALSE,FALSE
"NDUFA7",0.03,0.05,0,-0.24,FALSE,FALSE
"HNRNPM",0.03,0.03,0,0.01,FALSE,FALSE
"ZNF317",0.03,0.03,0,-0.04,FALSE,FALSE
"ZNF426",0.03,0.05,0,-0.21,FALSE,FALSE
"ZNF562",0.03,0.05,0,-0.21,FALSE,FALSE
"PIN1",0.03,0.05,0,-0.21,FALSE,FALSE
"PPAN",0.03,0.04,0,-0.15,FALSE,FALSE
"EIF3G",0.03,0.03,0,-0.1,FALSE,FALSE
"CDKN2D",0.03,0.07,0,-0.37,FALSE,FALSE
"CCDC159",0.03,0.05,0,-0.24,FALSE,FALSE
"DNASE2",0.03,0.06,0,-0.28,FALSE,FALSE
"NACC1",0.03,0.05,0,-0.21,FALSE,FALSE
"STX10",0.03,0.06,0,-0.25,FALSE,FALSE
"SAMD1",0.03,0.07,0,-0.37,FALSE,FALSE
"AKAP8",0.03,0.03,0,-0.03,FALSE,FALSE
"SLC35E1",0.03,0.03,0,-0.01,FALSE,FALSE
"USE1",0.03,0.03,0,-0.01,FALSE,FALSE
"PGLS",0.03,0.04,0,-0.15,FALSE,FALSE
"NIBAN3",0.03,0.01,0,0.21,FALSE,FALSE
"ISYNA1",0.03,0.05,0,-0.3,FALSE,FALSE
"FKBP8",0.03,0.05,0,-0.14,FALSE,FALSE
"HOMER3",0.03,0.05,0,-0.18,FALSE,FALSE
"SLC25A42",0.03,0.03,0,-0.01,FALSE,FALSE
"TMEM161A",0.03,0.04,0,-0.13,FALSE,FALSE
"C19orf12",0.03,0.02,0,0.1,FALSE,FALSE
"ZNF507",0.03,0.05,0,-0.3,FALSE,FALSE
"CEBPG",0.03,0.03,0,-0.1,FALSE,FALSE
"LSM14A",0.03,0.02,0,0.03,FALSE,FALSE
"NFKBID",0.03,0.04,0,-0.11,FALSE,FALSE
"ZNF568",0.03,0.04,0,-0.19,FALSE,FALSE
"ITPKC",0.03,0.05,0,-0.3,FALSE,FALSE
"CCDC97",0.03,0.03,0,0.04,FALSE,FALSE
"POU2F2",0.03,0.02,0,0.03,FALSE,FALSE
"ETHE1",0.03,0.03,0,-0.06,FALSE,FALSE
"IRGQ",0.03,0.03,0,0.03,FALSE,FALSE
"ZNF235",0.03,0.01,0,0.13,FALSE,FALSE
"TOMM40",0.03,0.02,0,0.07,FALSE,FALSE
"TRAPPC6A",0.03,0.03,0,-0.07,FALSE,FALSE
"IRF2BP1",0.03,0.05,0,-0.18,FALSE,FALSE
"PPP5C",0.03,0.03,0,-0.01,FALSE,FALSE
"TMEM160",0.03,0.01,0,0.25,FALSE,FALSE
"INAFM1",0.03,0.04,0,-0.12,FALSE,FALSE
"BICRA",0.03,0.04,0,-0.09,FALSE,FALSE
"KDELR1",0.03,0.05,0,-0.25,FALSE,FALSE
"RASIP1",0.03,0.03,0,-0.02,FALSE,FALSE
"BCAT2",0.03,0.01,0,0.13,FALSE,FALSE
"HSD17B14",0.03,0.03,0,0.01,FALSE,FALSE
"NTF4",0.03,0.03,0,-0.07,FALSE,FALSE
"ALDH16A1",0.03,0.02,0,0.14,FALSE,FALSE
"NOSIP",0.03,0.07,0,-0.33,FALSE,FALSE
"AKT1S1",0.03,0.03,0,0.07,FALSE,FALSE
"TBC1D17",0.03,0.04,0,-0.15,FALSE,FALSE
"NUP62",0.03,0.02,0,0.03,FALSE,FALSE
"ATF5",0.03,0.05,0,-0.14,FALSE,FALSE
"ZNF766",0.03,0.03,0,-0.03,FALSE,FALSE
"TFPT",0.03,0.04,0,-0.16,FALSE,FALSE
"TMC4",0.03,0.02,0,0.06,FALSE,FALSE
"TSEN34",0.03,0.02,0,0.07,FALSE,FALSE
"PPP1R12C",0.03,0.04,0,-0.13,FALSE,FALSE
"U2AF2",0.03,0.04,0,-0.13,FALSE,FALSE
"ZNF548",0.03,0.05,0,-0.21,FALSE,FALSE
"ZNF586",0.03,0.02,0,0.14,FALSE,FALSE
"ZNF587B",0.03,0.02,0,0.06,FALSE,FALSE
"USP9Y",0.03,0.05,0,-0.26,FALSE,FALSE
"IL17RA",0.03,0.03,0,0.04,FALSE,FALSE
"ADA2",0.03,0.06,0,-0.36,FALSE,FALSE
"ATP6V1E1",0.03,0.04,0,-0.05,FALSE,FALSE
"SLC25A1",0.03,0.05,0,-0.3,FALSE,FALSE
"RTL10",0.03,0.04,0,-0.05,FALSE,FALSE
"TXNRD2",0.03,0.03,0,0.04,FALSE,FALSE
"KLHL22",0.03,0.05,0,-0.22,FALSE,FALSE
"DERL3",0.03,0.06,0,-0.33,FALSE,FALSE
"SPECC1L",0.03,0.02,0,0.18,FALSE,FALSE
"GRK3",0.03,0.05,0,-0.25,FALSE,FALSE
"NIPSNAP1",0.03,0.05,0,-0.17,FALSE,FALSE
"ASCC2",0.03,0.03,0,0.01,FALSE,FALSE
"TBC1D10A",0.03,0.05,0,-0.22,FALSE,FALSE
"MORC2",0.03,0.02,0,0.1,FALSE,FALSE
"SFI1",0.03,0.06,0,-0.29,FALSE,FALSE
"PISD",0.03,0.04,0,-0.13,FALSE,FALSE
"YWHAH",0.03,0.04,0,-0.16,FALSE,FALSE
"HMGXB4",0.03,0.03,0,-0.01,FALSE,FALSE
"TXN2",0.03,0.05,0,-0.14,FALSE,FALSE
"SH3BP1",0.03,0.04,0,-0.13,FALSE,FALSE
"ANKRD54",0.03,0.02,0,0.1,FALSE,FALSE
"TAB1",0.03,0.04,0,-0.19,FALSE,FALSE
"RTL6",0.03,0.05,0,-0.25,FALSE,FALSE
"TBC1D22A",0.03,0.05,0,-0.24,FALSE,FALSE
"ALG12",0.03,0.04,0,-0.11,FALSE,FALSE
"SBF1",0.03,0.03,0,-0.04,FALSE,FALSE
"SCAF4",0.03,0.06,0,-0.33,FALSE,FALSE
"IFNAR2",0.03,0.03,0,0.03,FALSE,FALSE
"CLIC6",0.03,0.02,0,0.14,FALSE,FALSE
"GET1",0.03,0.05,0,-0.25,FALSE,FALSE
"ZBTB21",0.03,0.02,0,0.14,FALSE,FALSE
"NDUFV3",0.03,0.06,0,-0.29,FALSE,FALSE
"RRP1",0.03,0.04,0,-0.08,FALSE,FALSE
"PCBP3",0.03,0.01,0,0.13,FALSE,FALSE
"MT-ND5",0.03,0.07,0,-0.41,FALSE,TRUE
"KCNAB2",0.02,0.03,0,-0.13,FALSE,FALSE
"NOL9",0.02,0.04,0,-0.18,FALSE,FALSE
"PHF13",0.02,0.03,0,-0.19,FALSE,FALSE
"RBP7",0.02,0.04,0,-0.23,FALSE,FALSE
"DFFA",0.02,0.04,0,-0.22,FALSE,FALSE
"MTOR",0.02,0.02,0,-0.02,FALSE,FALSE
"MTHFR",0.02,0.02,0,-0.03,FALSE,FALSE
"MIIP",0.02,0.03,0,-0.11,FALSE,FALSE
"VPS13D",0.02,0.03,0,-0.13,FALSE,FALSE
"ZBTB17",0.02,0.04,0,-0.23,FALSE,FALSE
"HSPB7",0.02,0.01,0,0.13,FALSE,FALSE
"CROCC",0.02,0.02,0,-0.03,FALSE,FALSE
"IFFO2",0.02,0.03,0,-0.14,FALSE,FALSE
"EMC1",0.02,0.04,0,-0.23,FALSE,FALSE
"CAMK2N1",0.02,0.03,0,-0.09,FALSE,FALSE
"MUL1",0.02,0.03,0,-0.13,FALSE,FALSE
"E2F2",0.02,0.02,0,-0.03,FALSE,FALSE
"ELOA",0.02,0.06,0,-0.47,FALSE,FALSE
"STMN1",0.02,0.05,0,-0.31,FALSE,FALSE
"PAFAH2",0.02,0.03,0,-0.19,FALSE,FALSE
"ZNF593",0.02,0.03,0,-0.08,FALSE,FALSE
"CD164L2",0.02,0.04,0,-0.28,FALSE,FALSE
"THEMIS2",0.02,0.03,0,-0.09,FALSE,FALSE
"PHACTR4",0.02,0.03,0,-0.08,FALSE,FALSE
"RCC1",0.02,0.01,0,0.08,FALSE,FALSE
"TRNAU1AP",0.02,0.04,0,-0.18,FALSE,FALSE
"SDC3",0.02,0.03,0,-0.05,FALSE,FALSE
"YARS1",0.02,0.03,0,-0.11,FALSE,FALSE
"S100PBP",0.02,0.06,0,-0.44,FALSE,FALSE
"RNF19B",0.02,0.07,0,-0.47,FALSE,FALSE
"SFPQ",0.02,0.03,0,-0.11,FALSE,FALSE
"SNIP1",0.02,0.04,0,-0.18,FALSE,FALSE
"CDCA8",0.02,0.02,0,0.01,FALSE,FALSE
"MANEAL",0.02,0.01,0,0.12,FALSE,FALSE
"C1orf122",0.02,0.08,0,-0.61,FALSE,FALSE
"TRIT1",0.02,0.03,0,-0.16,FALSE,FALSE
"FOXO6",0.02,0.03,0,-0.16,FALSE,FALSE
"KDM4A",0.02,0.04,0,-0.28,FALSE,FALSE
"DPH2",0.02,0.01,0,0.16,FALSE,FALSE
"CCDC24",0.02,0.01,0,0.08,FALSE,FALSE
"KIF2C",0.02,0.04,0,-0.23,FALSE,FALSE
"TOE1",0.02,0.01,0,0.13,FALSE,FALSE
"IPP",0.02,0.01,0,0.13,FALSE,FALSE
"LURAP1",0.02,0.01,0,0.12,FALSE,FALSE
"NSUN4",0.02,0.04,0,-0.21,FALSE,FALSE
"MOB3C",0.02,0.01,0,0.12,FALSE,FALSE
"ZFYVE9",0.02,0.04,0,-0.18,FALSE,FALSE
"ZYG11B",0.02,0.05,0,-0.39,FALSE,FALSE
"LRRC42",0.02,0.02,0,-0.03,FALSE,FALSE
"MYSM1",0.02,0.04,0,-0.22,FALSE,FALSE
"HOOK1",0.02,0.02,0,0.01,FALSE,FALSE
"AK4",0.02,0.03,0,-0.19,FALSE,FALSE
"LEPR",0.02,0.04,0,-0.23,FALSE,FALSE
"SLC35D1",0.02,0.05,0,-0.26,FALSE,FALSE
"SRSF11",0.02,0.05,0,-0.36,FALSE,FALSE
"ANKRD13C",0.02,0.06,0,-0.37,FALSE,FALSE
"HHLA3",0.02,0.02,0,0.01,FALSE,FALSE
"PTGER3",0.02,0.02,0,0.01,FALSE,FALSE
"CTBS",0.02,0.03,0,-0.09,FALSE,FALSE
"MCOLN3",0.02,0.03,0,-0.19,FALSE,FALSE
"BCL10",0.02,0.05,0,-0.39,FALSE,FALSE
"HS2ST1",0.02,0.03,0,-0.19,FALSE,FALSE
"RBMXL1",0.02,0.02,0,-0.03,FALSE,FALSE
"GBP4",0.02,0.05,0,-0.34,FALSE,FALSE
"GBP5",0.02,0.04,0,-0.22,FALSE,FALSE
"LRRC8C",0.02,0.03,0,-0.08,FALSE,FALSE
"PTBP2",0.02,0.03,0,-0.08,FALSE,FALSE
"CDC14A",0.02,0.04,0,-0.21,FALSE,FALSE
"RNPC3",0.02,0.02,0,-0.03,FALSE,FALSE
"GPSM2",0.02,0.03,0,-0.14,FALSE,FALSE
"KCNC4",0.02,0.03,0,-0.11,FALSE,FALSE
"INKA2",0.02,0.01,0,0.05,FALSE,FALSE
"PTPN22",0.02,0.03,0,-0.19,FALSE,FALSE
"CD58",0.02,0.01,0,0.16,FALSE,FALSE
"TTF2",0.02,0.04,0,-0.22,FALSE,FALSE
"GDAP2",0.02,0.07,0,-0.49,FALSE,FALSE
"PEX11B",0.02,0.05,0,-0.31,FALSE,FALSE
"SNX27",0.02,0.06,0,-0.37,FALSE,FALSE
"SHE",0.02,0.03,0,-0.13,FALSE,FALSE
"UBE2Q1",0.02,0.07,0,-0.45,FALSE,FALSE
"GBA",0.02,0.06,0,-0.42,FALSE,FALSE
"FDPS",0.02,0.02,0,-0.03,FALSE,FALSE
"CCT3",0.02,0.02,0,-0.06,FALSE,FALSE
"GPATCH4",0.02,0.03,0,-0.08,FALSE,FALSE
"DUSP23",0.02,0.05,0,-0.26,FALSE,FALSE
"ATP1A2",0.02,0.01,0,0.2,FALSE,FALSE
"SLAMF6",0.02,0.03,0,-0.16,FALSE,FALSE
"ITLN1",0.02,0.05,0,-0.26,FALSE,FALSE
"OLFML2B",0.02,0.05,0,-0.26,FALSE,FALSE
"MPC2",0.02,0.03,0,-0.05,FALSE,FALSE
"GPR161",0.02,0.01,0,0.09,FALSE,FALSE
"NME7",0.02,0.02,0,0.05,FALSE,FALSE
"BLZF1",0.02,0.03,0,-0.08,FALSE,FALSE
"DARS2",0.02,0.04,0,-0.22,FALSE,FALSE
"ZBTB37",0.02,0.03,0,-0.08,FALSE,FALSE
"ODR4",0.02,0.04,0,-0.18,FALSE,FALSE
"RGS13",0.02,0.01,0,0.2,FALSE,FALSE
"GLRX2",0.02,0.01,0,0.13,FALSE,FALSE
"ZBTB41",0.02,0.02,0,-0.06,FALSE,FALSE
"RNPEP",0.02,0.04,0,-0.28,FALSE,FALSE
"ELF3",0.02,0.02,0,0.01,FALSE,FALSE
"SLC41A1",0.02,0.01,0,0.13,FALSE,FALSE
"LAMB3",0.02,0.02,0,-0.02,FALSE,FALSE
"UTP25",0.02,0.03,0,-0.08,FALSE,FALSE
"TRAF5",0.02,0.04,0,-0.28,FALSE,FALSE
"INTS7",0.02,0.03,0,-0.08,FALSE,FALSE
"PPP2R5A",0.02,0.05,0,-0.35,FALSE,FALSE
"GNPAT",0.02,0.03,0,-0.14,FALSE,FALSE
"EXOC8",0.02,0.04,0,-0.28,FALSE,FALSE
"SPRTN",0.02,0.03,0,-0.09,FALSE,FALSE
"NTPCR",0.02,0.02,0,-0.06,FALSE,FALSE
"IRF2BP2",0.02,0.06,0,-0.37,FALSE,FALSE
"GGPS1",0.02,0.02,0,0.02,FALSE,FALSE
"TBCE",0.02,0.01,0,0.16,FALSE,FALSE
"DESI2",0.02,0.05,0,-0.29,FALSE,FALSE
"ZNF496",0.02,0.02,0,0.02,FALSE,FALSE
"SH3YL1",0.02,0.03,0,-0.16,FALSE,FALSE
"EIPR1",0.02,0.02,0,0.02,FALSE,FALSE
"COLEC11",0.02,0.02,0,-0.06,FALSE,FALSE
"ITGB1BP1",0.02,0.07,0,-0.5,FALSE,FALSE
"CPSF3",0.02,0.01,0,0.08,FALSE,FALSE
"HPCAL1",0.02,0.01,0,0.08,FALSE,FALSE
"LPIN1",0.02,0.03,0,-0.19,FALSE,FALSE
"MYCN",0.02,0.03,0,-0.11,FALSE,FALSE
"LDAH",0.02,0.04,0,-0.22,FALSE,FALSE
"ATAD2B",0.02,0.03,0,-0.08,FALSE,FALSE
"FAM228B",0.02,0.04,0,-0.25,FALSE,FALSE
"PTRHD1",0.02,0.02,0,-0.06,FALSE,FALSE
"ASXL2",0.02,0.03,0,-0.14,FALSE,FALSE
"SLC35F6",0.02,0.03,0,-0.16,FALSE,FALSE
"KHK",0.02,0.01,0,0.08,FALSE,FALSE
"PREB",0.02,0.02,0,-0.02,FALSE,FALSE
"ZNF513",0.02,0,0,0.2,FALSE,FALSE
"IFT172",0.02,0.04,0,-0.25,FALSE,FALSE
"SLC4A1AP",0.02,0.04,0,-0.21,FALSE,FALSE
"GEMIN6",0.02,0.05,0,-0.35,FALSE,FALSE
"DHX57",0.02,0.03,0,-0.05,FALSE,FALSE
"SOS1",0.02,0.01,0,0.13,FALSE,FALSE
"HAAO",0.02,0.02,0,0.01,FALSE,FALSE
"EPCAM",0.02,0.02,0,-0.02,FALSE,FALSE
"FBXO11",0.02,0.03,0,-0.16,FALSE,FALSE
"C2orf74",0.02,0.03,0,-0.11,FALSE,FALSE
"B3GNT2",0.02,0.04,0,-0.18,FALSE,FALSE
"PELI1",0.02,0.04,0,-0.23,FALSE,FALSE
"LGALSL",0.02,0.06,0,-0.4,FALSE,FALSE
"RAB1A",0.02,0.02,0,0.05,FALSE,FALSE
"MXD1",0.02,0.02,0,-0.06,FALSE,FALSE
"C2orf42",0.02,0.01,0,0.12,FALSE,FALSE
"CYP26B1",0.02,0.02,0,-0.02,FALSE,FALSE
"MOGS",0.02,0.05,0,-0.31,FALSE,FALSE
"TMEM127",0.02,0.02,0,0.01,FALSE,FALSE
"ARID5A",0.02,0.05,0,-0.31,FALSE,FALSE
"CNNM3",0.02,0.06,0,-0.42,FALSE,FALSE
"CHST10",0.02,0.01,0,0.05,FALSE,FALSE
"PDCL3",0.02,0.04,0,-0.28,FALSE,FALSE
"NCK2",0.02,0.03,0,-0.16,FALSE,FALSE
"GCC2",0.02,0.04,0,-0.25,FALSE,FALSE
"FBLN7",0.02,0.03,0,-0.19,FALSE,FALSE
"ZC3H8",0.02,0.03,0,-0.16,FALSE,FALSE
"POLR1B",0.02,0.02,0,0.02,FALSE,FALSE
"CCDC93",0.02,0.03,0,-0.05,FALSE,FALSE
"INSIG2",0.02,0.02,0,-0.02,FALSE,FALSE
"PTPN4",0.02,0.05,0,-0.31,FALSE,FALSE
"EPB41L5",0.02,0.03,0,-0.09,FALSE,FALSE
"RALB",0.02,0.03,0,-0.11,FALSE,FALSE
"NIFK",0.02,0.03,0,-0.13,FALSE,FALSE
"ERCC3",0.02,0.03,0,-0.16,FALSE,FALSE
"SAP130",0.02,0.03,0,-0.09,FALSE,FALSE
"SPOPL",0.02,0.01,0,0.13,FALSE,FALSE
"MBD5",0.02,0.03,0,-0.08,FALSE,FALSE
"RBM43",0.02,0.03,0,-0.19,FALSE,FALSE
"NMI",0.02,0.06,0,-0.37,FALSE,FALSE
"RIF1",0.02,0.03,0,-0.16,FALSE,FALSE
"CACNB4",0.02,0.06,0,-0.37,FALSE,FALSE
"RBMS1",0.02,0.01,0,0.08,FALSE,FALSE
"PLEKHA3",0.02,0.01,0,0.09,FALSE,FALSE
"DNAJC10",0.02,0.04,0,-0.23,FALSE,FALSE
"GULP1",0.02,0,0,0.24,FALSE,FALSE
"PMS1",0.02,0.02,0,0.05,FALSE,FALSE
"MFSD6",0.02,0.02,0,-0.03,FALSE,FALSE
"NEMP2",0.02,0.02,0,-0.02,FALSE,FALSE
"TMEM237",0.02,0.04,0,-0.18,FALSE,FALSE
"CARF",0.02,0.05,0,-0.31,FALSE,FALSE
"ICOS",0.02,0.02,0,-0.03,FALSE,FALSE
"PARD3B",0.02,0.03,0,-0.09,FALSE,FALSE
"METTL21A",0.02,0.02,0,-0.06,FALSE,FALSE
"CCNYL1",0.02,0.03,0,-0.05,FALSE,FALSE
"ACADL",0.02,0.03,0,-0.05,FALSE,FALSE
"PNKD",0.02,0.05,0,-0.26,FALSE,FALSE
"ABCB6",0.02,0.02,0,-0.06,FALSE,FALSE
"ATG9A",0.02,0.02,0,0.05,FALSE,FALSE
"DNPEP",0.02,0.06,0,-0.47,FALSE,FALSE
"GMPPA",0.02,0.02,0,-0.06,FALSE,FALSE
"PID1",0.02,0.03,0,-0.08,FALSE,FALSE
"PDE6D",0.02,0.02,0,-0.03,FALSE,FALSE
"NPPC",0.02,0.02,0,-0.02,FALSE,FALSE
"PER2",0.02,0.04,0,-0.25,FALSE,FALSE
"TRAF3IP1",0.02,0.02,0,-0.06,FALSE,FALSE
"HDAC4",0.02,0.04,0,-0.21,FALSE,FALSE
"DTYMK",0.02,0.03,0,-0.16,FALSE,FALSE
"LRRN1",0.02,0.02,0,-0.03,FALSE,FALSE
"ARL8B",0.02,0.05,0,-0.31,FALSE,FALSE
"EMC3",0.02,0.04,0,-0.25,FALSE,FALSE
"TATDN2",0.02,0.02,0,-0.03,FALSE,FALSE
"TAMM41",0.02,0.03,0,-0.08,FALSE,FALSE
"TSEN2",0.02,0.02,0,-0.06,FALSE,FALSE
"EAF1",0.02,0.05,0,-0.35,FALSE,FALSE
"GALNT15",0.02,0.01,0,0.05,FALSE,FALSE
"PLCL2",0.02,0.01,0,0.12,FALSE,FALSE
"OXSM",0.02,0,0,0.2,FALSE,FALSE
"OSBPL10",0.02,0.04,0,-0.18,FALSE,FALSE
"GPD1L",0.02,0.05,0,-0.39,FALSE,FALSE
"DYNC1LI1",0.02,0.01,0,0.08,FALSE,FALSE
"GLB1",0.02,0.03,0,-0.16,FALSE,FALSE
"TRANK1",0.02,0.02,0,0.01,FALSE,FALSE
"CTDSPL",0.02,0.04,0,-0.18,FALSE,FALSE
"ACVR2B",0.02,0.01,0,0.16,FALSE,FALSE
"SLC25A38",0.02,0.02,0,-0.02,FALSE,FALSE
"VIPR1",0.02,0.01,0,0.16,FALSE,FALSE
"HIGD1A",0.02,0.02,0,0.05,FALSE,FALSE
"ANO10",0.02,0.04,0,-0.21,FALSE,FALSE
"LIMD1",0.02,0.05,0,-0.31,FALSE,FALSE
"ALS2CL",0.02,0.03,0,-0.19,FALSE,FALSE
"NME6",0.02,0.01,0,0.09,FALSE,FALSE
"NCKIPSD",0.02,0.02,0,0.01,FALSE,FALSE
"PRKAR2A",0.02,0.03,0,-0.14,FALSE,FALSE
"DAG1",0.02,0.05,0,-0.34,FALSE,FALSE
"NAA80",0.02,0.01,0,0.12,FALSE,FALSE
"CYB561D2",0.02,0.01,0,0.05,FALSE,FALSE
"TMEM115",0.02,0.06,0,-0.37,FALSE,FALSE
"RAD54L2",0.02,0.03,0,-0.08,FALSE,FALSE
"GLYCTK",0.02,0.03,0,-0.13,FALSE,FALSE
"GLT8D1",0.02,0.02,0,0.05,FALSE,FALSE
"CACNA2D3",0.02,0.01,0,0.2,FALSE,FALSE
"ABHD6",0.02,0.02,0,-0.02,FALSE,FALSE
"PXK",0.02,0.03,0,-0.05,FALSE,FALSE
"TMF1",0.02,0.05,0,-0.39,FALSE,FALSE
"ROBO2",0.02,0.01,0,0.05,FALSE,FALSE
"VGLL3",0.02,0.01,0,0.16,FALSE,FALSE
"C3orf38",0.02,0.05,0,-0.29,FALSE,FALSE
"TBC1D23",0.02,0.03,0,-0.19,FALSE,FALSE
"CBLB",0.02,0.01,0,0.05,FALSE,FALSE
"DZIP3",0.02,0.04,0,-0.22,FALSE,FALSE
"NECTIN3",0.02,0.03,0,-0.13,FALSE,FALSE
"PHLDB2",0.02,0.03,0,-0.08,FALSE,FALSE
"ABHD10",0.02,0.04,0,-0.21,FALSE,FALSE
"USF3",0.02,0.03,0,-0.14,FALSE,FALSE
"LSAMP",0.02,0.01,0,0.12,FALSE,FALSE
"POGLUT1",0.02,0.05,0,-0.34,FALSE,FALSE
"EAF2",0.02,0.03,0,-0.16,FALSE,FALSE
"ADCY5",0.02,0.03,0,-0.19,FALSE,FALSE
"CCDC14",0.02,0.03,0,-0.13,FALSE,FALSE
"UMPS",0.02,0.03,0,-0.14,FALSE,FALSE
"OSBPL11",0.02,0.03,0,-0.19,FALSE,FALSE
"ALDH1L1",0.02,0.05,0,-0.26,FALSE,FALSE
"ZXDC",0.02,0.03,0,-0.09,FALSE,FALSE
"ACAD9",0.02,0.03,0,-0.05,FALSE,FALSE
"ACAD11",0.02,0.02,0,0.02,FALSE,FALSE
"CDV3",0.02,0.03,0,-0.08,FALSE,FALSE
"SLCO2A1",0.02,0.03,0,-0.13,FALSE,FALSE
"RYK",0.02,0.03,0,-0.14,FALSE,FALSE
"ANAPC13",0.02,0.03,0,-0.13,FALSE,FALSE
"PXYLP1",0.02,0.04,0,-0.25,FALSE,FALSE
"GK5",0.02,0.03,0,-0.05,FALSE,FALSE
"GYG1",0.02,0.02,0,-0.06,FALSE,FALSE
"HPS3",0.02,0.04,0,-0.25,FALSE,FALSE
"WWTR1",0.02,0.04,0,-0.23,FALSE,FALSE
"SLC33A1",0.02,0.02,0,0.02,FALSE,FALSE
"IFT80",0.02,0.05,0,-0.26,FALSE,FALSE
"DCUN1D1",0.02,0.05,0,-0.31,FALSE,FALSE
"LAMP3",0.02,0.03,0,-0.14,FALSE,FALSE
"ALG3",0.02,0.04,0,-0.22,FALSE,FALSE
"MAGEF1",0.02,0.04,0,-0.25,FALSE,FALSE
"CLDN1",0.02,0.02,0,0.01,FALSE,FALSE
"WDR53",0.02,0.02,0,0.05,FALSE,FALSE
"PIGX",0.02,0.03,0,-0.09,FALSE,FALSE
"PAK2",0.02,0.05,0,-0.26,FALSE,FALSE
"ZNF141",0.02,0.07,0,-0.5,FALSE,FALSE
"MYL5",0.02,0.02,0,0.02,FALSE,FALSE
"NSD2",0.02,0.03,0,-0.05,FALSE,FALSE
"ZFYVE28",0.02,0.03,0,-0.09,FALSE,FALSE
"FAM193A",0.02,0.03,0,-0.09,FALSE,FALSE
"TMEM128",0.02,0.04,0,-0.23,FALSE,FALSE
"LYAR",0.02,0.04,0,-0.22,FALSE,FALSE
"EVC2",0.02,0.03,0,-0.16,FALSE,FALSE
"HTRA3",0.02,0.06,0,-0.4,FALSE,FALSE
"CPEB2",0.02,0.05,0,-0.34,FALSE,FALSE
"CC2D2A",0.02,0.02,0,-0.06,FALSE,FALSE
"ADGRA3",0.02,0.03,0,-0.13,FALSE,FALSE
"PPARGC1A",0.02,0.03,0,-0.08,FALSE,FALSE
"PI4K2B",0.02,0.04,0,-0.23,FALSE,FALSE
"SMIM20",0.02,0.05,0,-0.34,FALSE,FALSE
"TBC1D1",0.02,0.03,0,-0.19,FALSE,FALSE
"WDR19",0.02,0.04,0,-0.23,FALSE,FALSE
"PDS5A",0.02,0.02,0,0.02,FALSE,FALSE
"UCHL1",0.02,0,0,0.24,FALSE,FALSE
"LIMCH1",0.02,0.05,0,-0.34,FALSE,FALSE
"ATP8A1",0.02,0.02,0,-0.02,FALSE,FALSE
"NFXL1",0.02,0.04,0,-0.22,FALSE,FALSE
"ADGRL3",0.02,0.01,0,0.05,FALSE,FALSE
"MOB1B",0.02,0.03,0,-0.14,FALSE,FALSE
"COX18",0.02,0.02,0,-0.06,FALSE,FALSE
"CXCL8",0.02,0.04,0,-0.18,FALSE,FALSE
"THAP6",0.02,0.03,0,-0.13,FALSE,FALSE
"PAQR3",0.02,0.03,0,-0.16,FALSE,FALSE
"HELQ",0.02,0.01,0,0.16,FALSE,FALSE
"PTPN13",0.02,0.05,0,-0.36,FALSE,FALSE
"PPM1K",0.02,0.05,0,-0.34,FALSE,FALSE
"HERC6",0.02,0.06,0,-0.42,FALSE,FALSE
"NAP1L5",0.02,0.01,0,0.05,FALSE,FALSE
"DAPP1",0.02,0.02,0,-0.06,FALSE,FALSE
"EMCN",0.02,0.05,0,-0.36,FALSE,FALSE
"TET2",0.02,0.02,0,0.02,FALSE,FALSE
"GSTCD",0.02,0.02,0,-0.02,FALSE,FALSE
"TBCK",0.02,0.05,0,-0.34,FALSE,FALSE
"MCUB",0.02,0.03,0,-0.13,FALSE,FALSE
"TIFA",0.02,0.02,0,0.02,FALSE,FALSE
"ALPK1",0.02,0.05,0,-0.31,FALSE,FALSE
"ANK2",0.02,0.03,0,-0.05,FALSE,FALSE
"METTL14",0.02,0.03,0,-0.14,FALSE,FALSE
"PRDM5",0.02,0.03,0,-0.14,FALSE,FALSE
"CCNA2",0.02,0.04,0,-0.23,FALSE,FALSE
"FGF2",0.02,0.02,0,-0.06,FALSE,FALSE
"JADE1",0.02,0.05,0,-0.29,FALSE,FALSE
"ELF2",0.02,0.04,0,-0.22,FALSE,FALSE
"SETD7",0.02,0.05,0,-0.35,FALSE,FALSE
"MAML3",0.02,0.02,0,0.01,FALSE,FALSE
"USP38",0.02,0.04,0,-0.23,FALSE,FALSE
"SMAD1",0.02,0.06,0,-0.37,FALSE,FALSE
"MMAA",0.02,0.01,0,0.05,FALSE,FALSE
"DCLK2",0.02,0.01,0,0.12,FALSE,FALSE
"TMEM131L",0.02,0.07,0,-0.45,FALSE,FALSE
"GUCY1B1",0.02,0.02,0,-0.06,FALSE,FALSE
"ETFDH",0.02,0.01,0,0.05,FALSE,FALSE
"TMA16",0.02,0.01,0,0.13,FALSE,FALSE
"DDX60L",0.02,0.02,0,0.01,FALSE,FALSE
"VEGFC",0.02,0.02,0,0.02,FALSE,FALSE
"TENM3",0.02,0.02,0,0.02,FALSE,FALSE
"CDKN2AIP",0.02,0.03,0,-0.13,FALSE,FALSE
"SLC25A4",0.02,0.05,0,-0.35,FALSE,FALSE
"CFAP97",0.02,0.01,0,0.13,FALSE,FALSE
"FRG1",0.02,0.04,0,-0.22,FALSE,FALSE
"MED10",0.02,0.04,0,-0.28,FALSE,FALSE
"MTRR",0.02,0.01,0,0.13,FALSE,FALSE
"ATPSCKMT",0.02,0.03,0,-0.16,FALSE,FALSE
"ZNF622",0.02,0.03,0,-0.19,FALSE,FALSE
"C5orf22",0.02,0.05,0,-0.36,FALSE,FALSE
"PDZD2",0.02,0.03,0,-0.09,FALSE,FALSE
"MTMR12",0.02,0.05,0,-0.31,FALSE,FALSE
"ZFR",0.02,0.05,0,-0.31,FALSE,FALSE
"RAI14",0.02,0.04,0,-0.22,FALSE,FALSE
"NADK2",0.02,0.02,0,-0.03,FALSE,FALSE
"PTGER4",0.02,0.05,0,-0.31,FALSE,FALSE
"FBXO4",0.02,0.04,0,-0.23,FALSE,FALSE
"GHR",0.02,0.03,0,-0.19,FALSE,FALSE
"PARP8",0.02,0.06,0,-0.4,FALSE,FALSE
"SNX18",0.02,0.02,0,0.05,FALSE,FALSE
"GZMA",0.02,0.05,0,-0.34,FALSE,FALSE
"DHX29",0.02,0.02,0,-0.06,FALSE,FALSE
"IL31RA",0.02,0.04,0,-0.25,FALSE,FALSE
"MIER3",0.02,0.01,0,0.12,FALSE,FALSE
"PLK2",0.02,0.03,0,-0.14,FALSE,FALSE
"ERCC8",0.02,0.03,0,-0.05,FALSE,FALSE
"RNF180",0.02,0.01,0,0.2,FALSE,FALSE
"SLC30A5",0.02,0.02,0,0.01,FALSE,FALSE
"FAM169A",0.02,0.03,0,-0.19,FALSE,FALSE
"MTX3",0.02,0.02,0,-0.06,FALSE,FALSE
"VCAN",0.02,0.06,0,-0.4,FALSE,FALSE
"TMEM161B",0.02,0.03,0,-0.11,FALSE,FALSE
"GLRX",0.02,0.05,0,-0.26,FALSE,FALSE
"RIOK2",0.02,0.02,0,-0.02,FALSE,FALSE
"ST8SIA4",0.02,0.07,0,-0.5,FALSE,FALSE
"WDR36",0.02,0.05,0,-0.29,FALSE,FALSE
"TNFAIP8",0.02,0.04,0,-0.23,FALSE,FALSE
"CEP120",0.02,0.04,0,-0.25,FALSE,FALSE
"ALDH7A1",0.02,0.05,0,-0.31,FALSE,FALSE
"SLC12A2",0.02,0.02,0,0.02,FALSE,FALSE
"HINT1",0.02,0.04,0,-0.25,FALSE,FALSE
"KIF3A",0.02,0.04,0,-0.21,FALSE,FALSE
"HSPA4",0.02,0.01,0,0.09,FALSE,FALSE
"SEC24A",0.02,0.05,0,-0.34,FALSE,FALSE
"CAMLG",0.02,0.05,0,-0.31,FALSE,FALSE
"ECSCR",0.02,0.11,0,-0.81,FALSE,FALSE
"WDR55",0.02,0.03,0,-0.09,FALSE,FALSE
"HARS2",0.02,0.01,0,0.05,FALSE,FALSE
"PCDHB16",0.02,0.02,0,-0.06,FALSE,FALSE
"PCDH1",0.02,0.06,0,-0.47,FALSE,FALSE
"RNF14",0.02,0.03,0,-0.08,FALSE,FALSE
"SPRY4",0.02,0.04,0,-0.23,FALSE,FALSE
"FBXO38",0.02,0.02,0,-0.02,FALSE,FALSE
"CSNK1A1",0.02,0.04,0,-0.22,FALSE,FALSE
"FAXDC2",0.02,0.02,0,-0.02,FALSE,FALSE
"SIMC1",0.02,0.03,0,-0.16,FALSE,FALSE
"KIAA1191",0.02,0.03,0,-0.13,FALSE,FALSE
"ZNF346",0.02,0.05,0,-0.29,FALSE,FALSE
"NSD1",0.02,0.05,0,-0.26,FALSE,FALSE
"B4GALT7",0.02,0.02,0,0.05,FALSE,FALSE
"TRIM52",0.02,0.05,0,-0.36,FALSE,FALSE
"BPHL",0.02,0.03,0,-0.19,FALSE,FALSE
"PSMG4",0.02,0.03,0,-0.16,FALSE,FALSE
"F13A1",0.02,0.02,0,-0.03,FALSE,FALSE
"SSR1",0.02,0.04,0,-0.22,FALSE,FALSE
"SNRNP48",0.02,0.01,0,0.05,FALSE,FALSE
"BMP6",0.02,0.02,0,-0.06,FALSE,FALSE
"TBC1D7",0.02,0.02,0,-0.03,FALSE,FALSE
"MBOAT1",0.02,0.02,0,-0.02,FALSE,FALSE
"H2BC8",0.02,0.05,0,-0.29,FALSE,FALSE
"BTN2A2",0.02,0.01,0,0.09,FALSE,FALSE
"BTN3A1",0.02,0.04,0,-0.25,FALSE,FALSE
"BTN3A3",0.02,0.06,0,-0.47,FALSE,FALSE
"GABBR1",0.02,0.05,0,-0.31,FALSE,FALSE
"ABCF1",0.02,0.05,0,-0.34,FALSE,FALSE
"DHX16",0.02,0.02,0,0.05,FALSE,FALSE
"MDC1",0.02,0.02,0,0.02,FALSE,FALSE
"GTF2H4",0.02,0.03,0,-0.16,FALSE,FALSE
"NFKBIL1",0.02,0.04,0,-0.22,FALSE,FALSE
"AIF1",0.02,0.07,0,-0.49,FALSE,FALSE
"GPANK1",0.02,0.04,0,-0.18,FALSE,FALSE
"LY6G5B",0.02,0.01,0,0.09,FALSE,FALSE
"ABHD16A",0.02,0.02,0,-0.02,FALSE,FALSE
"LSM2",0.02,0.04,0,-0.22,FALSE,FALSE
"ZBTB12",0.02,0.01,0,0.12,FALSE,FALSE
"DAXX",0.02,0.03,0,-0.19,FALSE,FALSE
"KIFC1",0.02,0.06,0,-0.42,FALSE,FALSE
"ZBTB9",0.02,0.01,0,0.16,FALSE,FALSE
"PPIL1",0.02,0.02,0,-0.06,FALSE,FALSE
"PIM1",0.02,0.04,0,-0.23,FALSE,FALSE
"GLO1",0.02,0.03,0,-0.13,FALSE,FALSE
"APOBEC2",0.02,0.03,0,-0.16,FALSE,FALSE
"TRERF1",0.02,0.02,0,0.01,FALSE,FALSE
"TBCC",0.02,0.04,0,-0.18,FALSE,FALSE
"PEX6",0.02,0.05,0,-0.35,FALSE,FALSE
"KLC4",0.02,0.02,0,-0.03,FALSE,FALSE
"ZNF318",0.02,0.02,0,-0.03,FALSE,FALSE
"XPO5",0.02,0.05,0,-0.32,FALSE,FALSE
"GTPBP2",0.02,0.04,0,-0.25,FALSE,FALSE
"TMEM63B",0.02,0.02,0,0.02,FALSE,FALSE
"AARS2",0.02,0.02,0,0.02,FALSE,FALSE
"SLC25A27",0.02,0.01,0,0.16,FALSE,FALSE
"TRAM2",0.02,0.02,0,0.02,FALSE,FALSE
"GSTA4",0.02,0.03,0,-0.08,FALSE,FALSE
"CILK1",0.02,0.02,0,-0.03,FALSE,FALSE
"FAM83B",0.02,0,0,0.2,FALSE,FALSE
"LCA5",0.02,0.02,0,0.01,FALSE,FALSE
"TBX18",0.02,0.01,0,0.16,FALSE,FALSE
"SMIM8",0.02,0.04,0,-0.18,FALSE,FALSE
"RARS2",0.02,0.02,0,-0.02,FALSE,FALSE
"NDUFAF4",0.02,0.04,0,-0.23,FALSE,FALSE
"USP45",0.02,0.02,0,0.05,FALSE,FALSE
"CCNC",0.02,0.04,0,-0.22,FALSE,FALSE
"ATG5",0.02,0.05,0,-0.26,FALSE,FALSE
"PDSS2",0.02,0.02,0,0.01,FALSE,FALSE
"SNX3",0.02,0.03,0,-0.11,FALSE,FALSE
"SLC16A10",0.02,0.01,0,0.2,FALSE,FALSE
"MCM9",0.02,0.02,0,-0.06,FALSE,FALSE
"TBC1D32",0.02,0.03,0,-0.09,FALSE,FALSE
"RNF217",0.02,0.01,0,0.08,FALSE,FALSE
"ECHDC1",0.02,0.02,0,-0.06,FALSE,FALSE
"SLC18B1",0.02,0.02,0,0.02,FALSE,FALSE
"MAP3K5",0.02,0.06,0,-0.47,FALSE,FALSE
"AIG1",0.02,0.04,0,-0.25,FALSE,FALSE
"PEX3",0.02,0.03,0,-0.14,FALSE,FALSE
"RAB32",0.02,0.02,0,0.02,FALSE,FALSE
"SASH1",0.02,0.03,0,-0.09,FALSE,FALSE
"UST",0.02,0.04,0,-0.23,FALSE,FALSE
"MTHFD1L",0.02,0.03,0,-0.19,FALSE,FALSE
"TMEM242",0.02,0.03,0,-0.14,FALSE,FALSE
"ZDHHC14",0.02,0.06,0,-0.44,FALSE,FALSE
"RNASET2",0.02,0.02,0,-0.06,FALSE,FALSE
"MAD1L1",0.02,0.02,0,0.02,FALSE,FALSE
"SNX8",0.02,0.01,0,0.05,FALSE,FALSE
"CHST12",0.02,0.02,0,-0.03,FALSE,FALSE
"LFNG",0.02,0.05,0,-0.35,FALSE,FALSE
"GNA12",0.02,0.01,0,0.08,FALSE,FALSE
"SDK1",0.02,0.05,0,-0.26,FALSE,FALSE
"TNRC18",0.02,0.03,0,-0.08,FALSE,FALSE
"PMS2",0.02,0.03,0,-0.08,FALSE,FALSE
"KDELR2",0.02,0.05,0,-0.29,FALSE,FALSE
"ICA1",0.02,0.05,0,-0.31,FALSE,FALSE
"BZW2",0.02,0.02,0,0.01,FALSE,FALSE
"ITGB8",0.02,0.01,0,0.05,FALSE,FALSE
"GSDME",0.02,0.02,0,0.01,FALSE,FALSE
"HOXA3",0.02,0.04,0,-0.25,FALSE,FALSE
"CPVL",0.02,0.03,0,-0.14,FALSE,FALSE
"FKBP14",0.02,0.01,0,0.16,FALSE,FALSE
"PLEKHA8",0.02,0.01,0,0.13,FALSE,FALSE
"GARS1",0.02,0.02,0,-0.03,FALSE,FALSE
"EPDR1",0.02,0.02,0,0.02,FALSE,FALSE
"YAE1",0.02,0.05,0,-0.39,FALSE,FALSE
"C7orf25",0.02,0.04,0,-0.22,FALSE,FALSE
"COA1",0.02,0.04,0,-0.23,FALSE,FALSE
"URGCP",0.02,0.04,0,-0.28,FALSE,FALSE
"POLD2",0.02,0.06,0,-0.44,FALSE,FALSE
"KCTD7",0.02,0.05,0,-0.29,FALSE,FALSE
"GALNT17",0.02,0.01,0,0.05,FALSE,FALSE
"BCL7B",0.02,0.05,0,-0.36,FALSE,FALSE
"TBL2",0.02,0.02,0,0.05,FALSE,FALSE
"MLXIPL",0.02,0.03,0,-0.05,FALSE,FALSE
"ABHD11",0.02,0.03,0,-0.09,FALSE,FALSE
"CLDN4",0.02,0.02,0,0.02,FALSE,FALSE
"RFC2",0.02,0.03,0,-0.11,FALSE,FALSE
"CLIP2",0.02,0.02,0,0.02,FALSE,FALSE
"DTX2",0.02,0.02,0,0.01,FALSE,FALSE
"STEAP2",0.02,0.02,0,-0.06,FALSE,FALSE
"GTPBP10",0.02,0.05,0,-0.39,FALSE,FALSE
"VPS50",0.02,0.02,0,0.02,FALSE,FALSE
"ATP5MF",0.02,0.03,0,-0.13,FALSE,FALSE
"FAM200A",0.02,0.02,0,0.02,FALSE,FALSE
"ZSCAN21",0.02,0.03,0,-0.16,FALSE,FALSE
"AP4M1",0.02,0.03,0,-0.11,FALSE,FALSE
"CNPY4",0.02,0.03,0,-0.05,FALSE,FALSE
"EPHB4",0.02,0.05,0,-0.31,FALSE,FALSE
"MET",0.02,0.02,0,-0.06,FALSE,FALSE
"ING3",0.02,0.03,0,-0.08,FALSE,FALSE
"AASS",0.02,0.03,0,-0.16,FALSE,FALSE
"CADPS2",0.02,0.06,0,-0.44,FALSE,FALSE
"POT1",0.02,0.07,0,-0.49,FALSE,FALSE
"GCC1",0.02,0.03,0,-0.05,FALSE,FALSE
"RBM28",0.02,0.03,0,-0.13,FALSE,FALSE
"COPG2",0.02,0.05,0,-0.32,FALSE,FALSE
"WDR91",0.02,0.03,0,-0.13,FALSE,FALSE
"TRIM24",0.02,0.05,0,-0.26,FALSE,FALSE
"PARP12",0.02,0.05,0,-0.29,FALSE,FALSE
"BRAF",0.02,0.03,0,-0.19,FALSE,FALSE
"SSBP1",0.02,0.01,0,0.12,FALSE,FALSE
"GIMAP6",0.02,0.07,0,-0.5,FALSE,FALSE
"GIMAP2",0.02,0.03,0,-0.16,FALSE,FALSE
"ABCB8",0.02,0.05,0,-0.32,FALSE,FALSE
"DPP6",0.02,0.02,0,0.02,FALSE,FALSE
"DNAJB6",0.02,0.03,0,-0.16,FALSE,FALSE
"PLCXD1",0.02,0.02,0,-0.03,FALSE,FALSE
"ARSD",0.02,0.01,0,0.08,FALSE,FALSE
"TBL1X",0.02,0.01,0,0.08,FALSE,FALSE
"MBTPS2",0.02,0.01,0,0.2,FALSE,FALSE
"PRDX4",0.02,0.03,0,-0.11,FALSE,FALSE
"KLHL15",0.02,0.02,0,0.01,FALSE,FALSE
"POLA1",0.02,0.04,0,-0.28,FALSE,FALSE
"TAB3",0.02,0.01,0,0.05,FALSE,FALSE
"DYNLT3",0.02,0.03,0,-0.16,FALSE,FALSE
"RPGR",0.02,0.01,0,0.08,FALSE,FALSE
"CXorf38",0.02,0.08,0,-0.57,FALSE,FALSE
"DDX3X",0.02,0.05,0,-0.34,FALSE,FALSE
"KRBOX4",0.02,0.04,0,-0.25,FALSE,FALSE
"RP2",0.02,0.04,0,-0.23,FALSE,FALSE
"EBP",0.02,0.03,0,-0.13,FALSE,FALSE
"WAS",0.02,0.04,0,-0.28,FALSE,FALSE
"CCDC120",0.02,0.02,0,0.01,FALSE,FALSE
"GPKOW",0.02,0.02,0,0.02,FALSE,FALSE
"PLP2",0.02,0.04,0,-0.28,FALSE,FALSE
"CCDC22",0.02,0.01,0,0.08,FALSE,FALSE
"GSPT2",0.02,0.03,0,-0.11,FALSE,FALSE
"HSD17B10",0.02,0.05,0,-0.35,FALSE,FALSE
"GNL3L",0.02,0.02,0,-0.03,FALSE,FALSE
"FAM104B",0.02,0.02,0,-0.06,FALSE,FALSE
"RRAGB",0.02,0.01,0,0.05,FALSE,FALSE
"KLF8",0.02,0.01,0,0.16,FALSE,FALSE
"SPIN3",0.02,0.02,0,-0.03,FALSE,FALSE
"SPIN4",0.02,0.01,0,0.05,FALSE,FALSE
"YIPF6",0.02,0.06,0,-0.4,FALSE,FALSE
"PDZD11",0.02,0.01,0,0.05,FALSE,FALSE
"PBDC1",0.02,0.02,0,-0.02,FALSE,FALSE
"GPR174",0.02,0.03,0,-0.08,FALSE,FALSE
"HMGN5",0.02,0.03,0,-0.08,FALSE,FALSE
"APOOL",0.02,0.04,0,-0.18,FALSE,FALSE
"TSPAN6",0.02,0.08,0,-0.59,FALSE,FALSE
"TRMT2B",0.02,0.02,0,0.01,FALSE,FALSE
"BTK",0.02,0.01,0,0.08,FALSE,FALSE
"ZMAT1",0.02,0.04,0,-0.22,FALSE,FALSE
"TCEAL2",0.02,0.03,0,-0.05,FALSE,FALSE
"GPRASP2",0.02,0.05,0,-0.35,FALSE,FALSE
"TCEAL9",0.02,0.04,0,-0.23,FALSE,FALSE
"ATG4A",0.02,0.02,0,0.05,FALSE,FALSE
"COL4A6",0.02,0.01,0,0.08,FALSE,FALSE
"TMEM164",0.02,0.03,0,-0.09,FALSE,FALSE
"UPF3B",0.02,0.04,0,-0.28,FALSE,FALSE
"MCTS1",0.02,0.06,0,-0.4,FALSE,FALSE
"C1GALT1C1",0.02,0.06,0,-0.37,FALSE,FALSE
"OCRL",0.02,0.04,0,-0.23,FALSE,FALSE
"ENOX2",0.02,0.01,0,0.12,FALSE,FALSE
"ARHGAP36",0.02,0.02,0,-0.02,FALSE,FALSE
"HPRT1",0.02,0.02,0,-0.02,FALSE,FALSE
"SMIM10",0.02,0.02,0,-0.02,FALSE,FALSE
"FHL1",0.02,0.04,0,-0.23,FALSE,FALSE
"MAP7D3",0.02,0.01,0,0.16,FALSE,FALSE
"CD40LG",0.02,0.04,0,-0.22,FALSE,FALSE
"CD99L2",0.02,0.03,0,-0.09,FALSE,FALSE
"GABRE",0.02,0.03,0,-0.05,FALSE,FALSE
"NSDHL",0.02,0.01,0,0.08,FALSE,FALSE
"ZNF275",0.02,0.03,0,-0.19,FALSE,FALSE
"FAM50A",0.02,0.04,0,-0.25,FALSE,FALSE
"SLC10A3",0.02,0.03,0,-0.11,FALSE,FALSE
"BRCC3",0.02,0.02,0,0.01,FALSE,FALSE
"RAB39B",0.02,0.01,0,0.05,FALSE,FALSE
"CLIC2",0.02,0.02,0,0.01,FALSE,FALSE
"ARHGEF10",0.02,0.03,0,-0.16,FALSE,FALSE
"FDFT1",0.02,0.04,0,-0.28,FALSE,FALSE
"TRMT9B",0.02,0.03,0,-0.19,FALSE,FALSE
"PDGFRL",0.02,0.03,0,-0.05,FALSE,FALSE
"CSGALNACT1",0.02,0.02,0,0.01,FALSE,FALSE
"POLR3D",0.02,0.03,0,-0.19,FALSE,FALSE
"BIN3",0.02,0.03,0,-0.14,FALSE,FALSE
"R3HCC1",0.02,0.04,0,-0.18,FALSE,FALSE
"PPP2CB",0.02,0.03,0,-0.05,FALSE,FALSE
"BRF2",0.02,0.06,0,-0.44,FALSE,FALSE
"RAB11FIP1",0.02,0.05,0,-0.32,FALSE,FALSE
"VDAC3",0.02,0.06,0,-0.37,FALSE,FALSE
"RNF170",0.02,0.05,0,-0.39,FALSE,FALSE
"PLAG1",0.02,0.01,0,0.12,FALSE,FALSE
"CHCHD7",0.02,0.04,0,-0.18,FALSE,FALSE
"SDCBP",0.02,0.04,0,-0.21,FALSE,FALSE
"YTHDF3",0.02,0.01,0,0.13,FALSE,FALSE
"CYP7B1",0.02,0.05,0,-0.32,FALSE,FALSE
"ARMC1",0.02,0.04,0,-0.23,FALSE,FALSE
"COPS5",0.02,0.06,0,-0.37,FALSE,FALSE
"PAG1",0.02,0.01,0,0.16,FALSE,FALSE
"IMPA1",0.02,0.01,0,0.2,FALSE,FALSE
"CHMP4C",0.02,0.01,0,0.08,FALSE,FALSE
"RBIS",0.02,0.02,0,0.05,FALSE,FALSE
"OTUD6B",0.02,0.02,0,0.01,FALSE,FALSE
"TMEM67",0.02,0.02,0,0.01,FALSE,FALSE
"PDP1",0.02,0.04,0,-0.22,FALSE,FALSE
"ESRP1",0.02,0.05,0,-0.26,FALSE,FALSE
"TP53INP1",0.02,0.04,0,-0.18,FALSE,FALSE
"SDC2",0.02,0.03,0,-0.05,FALSE,FALSE
"ANKRD46",0.02,0.02,0,-0.06,FALSE,FALSE
"DCAF13",0.02,0.06,0,-0.47,FALSE,FALSE
"RAD21",0.02,0.09,0,-0.66,FALSE,FALSE
"MED30",0.02,0.05,0,-0.39,FALSE,FALSE
"FAM91A1",0.02,0.07,0,-0.57,FALSE,FALSE
"RNF139",0.02,0.01,0,0.12,FALSE,FALSE
"CYRIB",0.02,0.01,0,0.16,FALSE,FALSE
"TMEM71",0.02,0.01,0,0.13,FALSE,FALSE
"PTP4A3",0.02,0.07,0,-0.45,FALSE,FALSE
"TSNARE1",0.02,0.01,0,0.05,FALSE,FALSE
"NAPRT",0.02,0.04,0,-0.18,FALSE,FALSE
"FAM83H",0.02,0.02,0,-0.02,FALSE,FALSE
"SCX",0.02,0.04,0,-0.25,FALSE,FALSE
"CYHR1",0.02,0.02,0,0.01,FALSE,FALSE
"ZNF251",0.02,0.04,0,-0.22,FALSE,FALSE
"C8orf33",0.02,0.04,0,-0.28,FALSE,FALSE
"VLDLR",0.02,0.03,0,-0.11,FALSE,FALSE
"PUM3",0.02,0.03,0,-0.16,FALSE,FALSE
"ERMP1",0.02,0.03,0,-0.13,FALSE,FALSE
"UHRF2",0.02,0.03,0,-0.19,FALSE,FALSE
"DMAC1",0.02,0.02,0,-0.06,FALSE,FALSE
"TTC39B",0.02,0.02,0,-0.02,FALSE,FALSE
"BNC2",0.02,0.04,0,-0.22,FALSE,FALSE
"MLLT3",0.02,0.06,0,-0.4,FALSE,FALSE
"TUSC1",0.02,0.04,0,-0.21,FALSE,FALSE
"CAAP1",0.02,0.03,0,-0.08,FALSE,FALSE
"MOB3B",0.02,0.03,0,-0.11,FALSE,FALSE
"CHMP5",0.02,0.04,0,-0.25,FALSE,FALSE
"UBAP2",0.02,0.03,0,-0.19,FALSE,FALSE
"DCAF12",0.02,0.05,0,-0.36,FALSE,FALSE
"NUDT2",0.02,0.05,0,-0.26,FALSE,FALSE
"VCP",0.02,0.06,0,-0.47,FALSE,FALSE
"TESK1",0.02,0.04,0,-0.21,FALSE,FALSE
"RECK",0.02,0.03,0,-0.05,FALSE,FALSE
"GNE",0.02,0.04,0,-0.21,FALSE,FALSE
"FXN",0.02,0.02,0,-0.03,FALSE,FALSE
"MAMDC2",0.02,0.03,0,-0.09,FALSE,FALSE
"CEMIP2",0.02,0.04,0,-0.22,FALSE,FALSE
"PRUNE2",0.02,0.01,0,0.08,FALSE,FALSE
"GKAP1",0.02,0.02,0,0.01,FALSE,FALSE
"OGN",0.02,0.02,0,-0.03,FALSE,FALSE
"ASPN",0.02,0.03,0,-0.19,FALSE,FALSE
"ZNF484",0.02,0.01,0,0.05,FALSE,FALSE
"ZNF510",0.02,0.01,0,0.12,FALSE,FALSE
"TMOD1",0.02,0.01,0,0.05,FALSE,FALSE
"TRMO",0.02,0.06,0,-0.37,FALSE,FALSE
"SEC61B",0.02,0.03,0,-0.13,FALSE,FALSE
"RAD23B",0.02,0.06,0,-0.37,FALSE,FALSE
"CTNNAL1",0.02,0.04,0,-0.21,FALSE,FALSE
"ECPAS",0.02,0.05,0,-0.26,FALSE,FALSE
"GNG10",0.02,0.05,0,-0.29,FALSE,FALSE
"CDK5RAP2",0.02,0.04,0,-0.21,FALSE,FALSE
"MAPKAP1",0.02,0.03,0,-0.05,FALSE,FALSE
"MVB12B",0.02,0.03,0,-0.11,FALSE,FALSE
"RALGPS1",0.02,0.01,0,0.16,FALSE,FALSE
"PTRH1",0.02,0.02,0,0.01,FALSE,FALSE
"AK1",0.02,0.01,0,0.08,FALSE,FALSE
"SWI5",0.02,0.04,0,-0.28,FALSE,FALSE
"CERCAM",0.02,0.05,0,-0.35,FALSE,FALSE
"GLE1",0.02,0.03,0,-0.09,FALSE,FALSE
"SPOUT1",0.02,0.03,0,-0.05,FALSE,FALSE
"KYAT1",0.02,0.02,0,-0.03,FALSE,FALSE
"GTF3C4",0.02,0.02,0,-0.06,FALSE,FALSE
"TSC1",0.02,0.01,0,0.09,FALSE,FALSE
"MED22",0.02,0.05,0,-0.31,FALSE,FALSE
"BRD3OS",0.02,0.05,0,-0.35,FALSE,FALSE
"OLFM1",0.02,0.07,0,-0.47,FALSE,FALSE
"ABCA2",0.02,0.03,0,-0.05,FALSE,FALSE
"NRARP",0.02,0.01,0,0.05,FALSE,FALSE
"NOXA1",0.02,0.03,0,-0.09,FALSE,FALSE
"PNPLA7",0.02,0.02,0,0.02,FALSE,FALSE
"DPH7",0.02,0.03,0,-0.14,FALSE,FALSE
"PKP3",0.02,0.05,0,-0.26,FALSE,FALSE
"AP2A2",0.02,0.04,0,-0.21,FALSE,FALSE
"TSSC4",0.02,0.04,0,-0.22,FALSE,FALSE
"CDKN1C",0.02,0.03,0,-0.09,FALSE,FALSE
"CAVIN3",0.02,0.01,0,0.05,FALSE,FALSE
"DCHS1",0.02,0.03,0,-0.09,FALSE,FALSE
"AMPD3",0.02,0.03,0,-0.08,FALSE,FALSE
"RASSF10",0.02,0.04,0,-0.21,FALSE,FALSE
"SPON1",0.02,0.03,0,-0.09,FALSE,FALSE
"FANCF",0.02,0.02,0,-0.03,FALSE,FALSE
"LGR4",0.02,0.05,0,-0.32,FALSE,FALSE
"MPPED2",0.02,0.01,0,0.13,FALSE,FALSE
"PDHX",0.02,0.02,0,0.02,FALSE,FALSE
"PAMR1",0.02,0.03,0,-0.05,FALSE,FALSE
"TSPAN18",0.02,0.02,0,0.05,FALSE,FALSE
"NR1H3",0.02,0.05,0,-0.32,FALSE,FALSE
"PSMC3",0.02,0.04,0,-0.22,FALSE,FALSE
"MPEG1",0.02,0.03,0,-0.16,FALSE,FALSE
"MS4A7",0.02,0.03,0,-0.13,FALSE,FALSE
"INCENP",0.02,0.05,0,-0.29,FALSE,FALSE
"ATL3",0.02,0.04,0,-0.23,FALSE,FALSE
"C11orf95",0.02,0.03,0,-0.05,FALSE,FALSE
"SPINDOC",0.02,0.03,0,-0.16,FALSE,FALSE
"MACROD1",0.02,0.03,0,-0.19,FALSE,FALSE
"NUDT22",0.02,0.03,0,-0.11,FALSE,FALSE
"CCDC88B",0.02,0.04,0,-0.18,FALSE,FALSE
"SF1",0.02,0.04,0,-0.28,FALSE,FALSE
"ATG2A",0.02,0.02,0,-0.03,FALSE,FALSE
"SNX15",0.02,0.04,0,-0.23,FALSE,FALSE
"ZFPL1",0.02,0.03,0,-0.09,FALSE,FALSE
"TM7SF2",0.02,0.01,0,0.16,FALSE,FALSE
"ZNHIT2",0.02,0.01,0,0.05,FALSE,FALSE
"FAM89B",0.02,0.01,0,0.16,FALSE,FALSE
"MAP3K11",0.02,0.06,0,-0.47,FALSE,FALSE
"SIPA1",0.02,0.03,0,-0.05,FALSE,FALSE
"RNASEH2C",0.02,0.03,0,-0.09,FALSE,FALSE
"EIF1AD",0.02,0.04,0,-0.25,FALSE,FALSE
"YIF1A",0.02,0.03,0,-0.08,FALSE,FALSE
"BBS1",0.02,0.05,0,-0.31,FALSE,FALSE
"CTSF",0.02,0.05,0,-0.34,FALSE,FALSE
"PITPNM1",0.02,0.03,0,-0.16,FALSE,FALSE
"LRP5",0.02,0.03,0,-0.08,FALSE,FALSE
"MRGPRF",0.02,0.03,0,-0.05,FALSE,FALSE
"AP002495.1",0.02,0.02,0,-0.06,FALSE,FALSE
"LRTOMT",0.02,0.02,0,0.01,FALSE,FALSE
"XRRA1",0.02,0.02,0,-0.03,FALSE,FALSE
"UVRAG",0.02,0.02,0,-0.03,FALSE,FALSE
"ALG8",0.02,0.03,0,-0.19,FALSE,FALSE
"MRE11",0.02,0.03,0,-0.13,FALSE,FALSE
"ENDOD1",0.02,0.02,0,-0.02,FALSE,FALSE
"FAM76B",0.02,0.05,0,-0.39,FALSE,FALSE
"ALG9",0.02,0.03,0,-0.11,FALSE,FALSE
"DLAT",0.02,0.05,0,-0.31,FALSE,FALSE
"USP28",0.02,0.02,0,-0.06,FALSE,FALSE
"RBM7",0.02,0.03,0,-0.13,FALSE,FALSE
"ZPR1",0.02,0.03,0,-0.08,FALSE,FALSE
"BACE1",0.02,0.01,0,0.05,FALSE,FALSE
"IL10RA",0.02,0.03,0,-0.19,FALSE,FALSE
"JAML",0.02,0.06,0,-0.4,FALSE,FALSE
"H2AX",0.02,0.03,0,-0.09,FALSE,FALSE
"DPAGT1",0.02,0.01,0,0.16,FALSE,FALSE
"C2CD2L",0.02,0.02,0,-0.03,FALSE,FALSE
"SORL1",0.02,0.06,0,-0.4,FALSE,FALSE
"UBASH3B",0.02,0.03,0,-0.08,FALSE,FALSE
"SIAE",0.02,0,0,0.2,FALSE,FALSE
"NRGN",0.02,0.02,0,-0.06,FALSE,FALSE
"ESAM",0.02,0.03,0,-0.19,FALSE,FALSE
"RPUSD4",0.02,0.07,0,-0.45,FALSE,FALSE
"ADAMTS15",0.02,0.02,0,-0.06,FALSE,FALSE
"DIP2C",0.02,0.01,0,0.13,FALSE,FALSE
"PFKFB3",0.02,0.03,0,-0.19,FALSE,FALSE
"PRPF18",0.02,0.01,0,0.13,FALSE,FALSE
"DCLRE1C",0.02,0.03,0,-0.14,FALSE,FALSE
"ITGA8",0.02,0.04,0,-0.21,FALSE,FALSE
"RSU1",0.02,0.08,0,-0.61,FALSE,FALSE
"TRDMT1",0.02,0.04,0,-0.22,FALSE,FALSE
"PLXDC2",0.02,0.06,0,-0.47,FALSE,FALSE
"OTUD1",0.02,0.04,0,-0.23,FALSE,FALSE
"MASTL",0.02,0.02,0,-0.03,FALSE,FALSE
"ACBD5",0.02,0.04,0,-0.25,FALSE,FALSE
"ZNF438",0.02,0.03,0,-0.09,FALSE,FALSE
"ZEB1",0.02,0.04,0,-0.21,FALSE,FALSE
"FZD8",0.02,0.01,0,0.05,FALSE,FALSE
"CSGALNACT2",0.02,0.03,0,-0.13,FALSE,FALSE
"WDFY4",0.02,0.01,0,0.09,FALSE,FALSE
"TMEM273",0.02,0.01,0,0.08,FALSE,FALSE
"ADO",0.02,0.03,0,-0.16,FALSE,FALSE
"NRBF2",0.02,0.03,0,-0.19,FALSE,FALSE
"TET1",0.02,0.02,0,0.01,FALSE,FALSE
"KIFBP",0.02,0.02,0,0.05,FALSE,FALSE
"ASCC1",0.02,0.05,0,-0.39,FALSE,FALSE
"USP54",0.02,0.01,0,0.05,FALSE,FALSE
"AP3M1",0.02,0.04,0,-0.18,FALSE,FALSE
"SAMD8",0.02,0.03,0,-0.11,FALSE,FALSE
"ZNF503",0.02,0.07,0,-0.45,FALSE,FALSE
"POLR3A",0.02,0.01,0,0.05,FALSE,FALSE
"PPIF",0.02,0.04,0,-0.22,FALSE,FALSE
"ATAD1",0.02,0.03,0,-0.05,FALSE,FALSE
"STAMBPL1",0.02,0.01,0,0.08,FALSE,FALSE
"NOC3L",0.02,0.04,0,-0.28,FALSE,FALSE
"ALDH18A1",0.02,0.01,0,0.2,FALSE,FALSE
"PGAM1",0.02,0.03,0,-0.11,FALSE,FALSE
"EXOSC1",0.02,0.01,0,0.2,FALSE,FALSE
"MMS19",0.02,0.02,0,-0.03,FALSE,FALSE
"MORN4",0.02,0.02,0,0.05,FALSE,FALSE
"MARVELD1",0.02,0.04,0,-0.23,FALSE,FALSE
"R3HCC1L",0.02,0.03,0,-0.08,FALSE,FALSE
"HPS1",0.02,0.02,0,-0.06,FALSE,FALSE
"CWF19L1",0.02,0.05,0,-0.26,FALSE,FALSE
"SEC31B",0.02,0.03,0,-0.05,FALSE,FALSE
"SFXN3",0.02,0.01,0,0.16,FALSE,FALSE
"POLL",0.02,0.02,0,-0.03,FALSE,FALSE
"PPRC1",0.02,0.03,0,-0.13,FALSE,FALSE
"WBP1L",0.02,0.05,0,-0.36,FALSE,FALSE
"DUSP5",0.02,0.05,0,-0.29,FALSE,FALSE
"TCF7L2",0.02,0.05,0,-0.26,FALSE,FALSE
"FAM160B1",0.02,0.04,0,-0.25,FALSE,FALSE
"HSPA12A",0.02,0.02,0,0.01,FALSE,FALSE
"CACUL1",0.02,0.06,0,-0.42,FALSE,FALSE
"DENND10",0.02,0.02,0,0.05,FALSE,FALSE
"PRDX3",0.02,0.02,0,-0.06,FALSE,FALSE
"SEC23IP",0.02,0.06,0,-0.44,FALSE,FALSE
"ATE1",0.02,0.06,0,-0.44,FALSE,FALSE
"ADAM12",0.02,0.02,0,0.02,FALSE,FALSE
"PTPRE",0.02,0.03,0,-0.11,FALSE,FALSE
"ADAM8",0.02,0.02,0,-0.06,FALSE,FALSE
"ERC1",0.02,0.04,0,-0.25,FALSE,FALSE
"WNT5B",0.02,0.03,0,-0.19,FALSE,FALSE
"DCP1B",0.02,0.03,0,-0.09,FALSE,FALSE
"TULP3",0.02,0.04,0,-0.18,FALSE,FALSE
"TIGAR",0.02,0.04,0,-0.18,FALSE,FALSE
"VAMP1",0.02,0.02,0,-0.03,FALSE,FALSE
"P3H3",0.02,0.01,0,0.12,FALSE,FALSE
"CDCA3",0.02,0.02,0,0.01,FALSE,FALSE
"USP5",0.02,0.02,0,0.05,FALSE,FALSE
"ENO2",0.02,0.04,0,-0.18,FALSE,FALSE
"CD163",0.02,0.03,0,-0.19,FALSE,FALSE
"FOXJ2",0.02,0.02,0,-0.06,FALSE,FALSE
"LRP6",0.02,0.04,0,-0.22,FALSE,FALSE
"BORCS5",0.02,0.01,0,0.05,FALSE,FALSE
"FAM234B",0.02,0.03,0,-0.08,FALSE,FALSE
"RERG",0.02,0.05,0,-0.32,FALSE,FALSE
"EPS8",0.02,0.05,0,-0.31,FALSE,FALSE
"PDE3A",0.02,0.02,0,-0.06,FALSE,FALSE
"GOLT1B",0.02,0.04,0,-0.25,FALSE,FALSE
"ABCC9",0.02,0.05,0,-0.39,FALSE,FALSE
"KRAS",0.02,0.02,0,0.01,FALSE,FALSE
"INTS13",0.02,0.03,0,-0.11,FALSE,FALSE
"BICD1",0.02,0.04,0,-0.25,FALSE,FALSE
"FGD4",0.02,0.02,0,0.01,FALSE,FALSE
"YARS2",0.02,0.03,0,-0.08,FALSE,FALSE
"CNTN1",0.02,0.03,0,-0.09,FALSE,FALSE
"NELL2",0.02,0.03,0,-0.16,FALSE,FALSE
"RPAP3",0.02,0.02,0,0.05,FALSE,FALSE
"KANSL2",0.02,0.05,0,-0.26,FALSE,FALSE
"ADCY6",0.02,0.02,0,0.02,FALSE,FALSE
"PRKAG1",0.02,0.03,0,-0.19,FALSE,FALSE
"LMBR1L",0.02,0.05,0,-0.26,FALSE,FALSE
"BIN2",0.02,0.04,0,-0.28,FALSE,FALSE
"ACVRL1",0.02,0.04,0,-0.22,FALSE,FALSE
"KRT1",0.02,0.03,0,-0.19,FALSE,FALSE
"ZNF740",0.02,0.02,0,-0.03,FALSE,FALSE
"ITGB7",0.02,0.03,0,-0.05,FALSE,FALSE
"ATF7",0.02,0.03,0,-0.13,FALSE,FALSE
"TESPA1",0.02,0.04,0,-0.21,FALSE,FALSE
"DNAJC14",0.02,0.01,0,0.05,FALSE,FALSE
"CDK2",0.02,0.03,0,-0.11,FALSE,FALSE
"SUOX",0.02,0.02,0,0.01,FALSE,FALSE
"RNF41",0.02,0.04,0,-0.28,FALSE,FALSE
"NEMP1",0.02,0.03,0,-0.11,FALSE,FALSE
"TSFM",0.02,0.03,0,-0.16,FALSE,FALSE
"ATP23",0.02,0.01,0,0.08,FALSE,FALSE
"PPM1H",0.02,0.02,0,0.01,FALSE,FALSE
"RXYLT1",0.02,0.01,0,0.05,FALSE,FALSE
"XPOT",0.02,0.03,0,-0.09,FALSE,FALSE
"RASSF3",0.02,0.03,0,-0.09,FALSE,FALSE
"MSRB3",0.02,0.06,0,-0.42,FALSE,FALSE
"NUP107",0.02,0.04,0,-0.21,FALSE,FALSE
"GLIPR1",0.02,0.04,0,-0.23,FALSE,FALSE
"ACSS3",0.02,0.04,0,-0.23,FALSE,FALSE
"CCDC59",0.02,0.03,0,-0.08,FALSE,FALSE
"RASSF9",0.02,0.05,0,-0.29,FALSE,FALSE
"TMTC3",0.02,0.04,0,-0.21,FALSE,FALSE
"EEA1",0.02,0.04,0,-0.18,FALSE,FALSE
"VEZT",0.02,0.03,0,-0.16,FALSE,FALSE
"SNRPF",0.02,0.04,0,-0.25,FALSE,FALSE
"CDK17",0.02,0.04,0,-0.23,FALSE,FALSE
"APAF1",0.02,0.03,0,-0.08,FALSE,FALSE
"UHRF1BP1L",0.02,0.02,0,-0.06,FALSE,FALSE
"ASCL1",0.02,0.02,0,-0.06,FALSE,FALSE
"CRY1",0.02,0.04,0,-0.18,FALSE,FALSE
"PRDM4",0.02,0.02,0,0.05,FALSE,FALSE
"SELPLG",0.02,0.03,0,-0.19,FALSE,FALSE
"USP30",0.02,0.02,0,-0.02,FALSE,FALSE
"ACACB",0.02,0.04,0,-0.22,FALSE,FALSE
"KCTD10",0.02,0.03,0,-0.14,FALSE,FALSE
"TCHP",0.02,0.02,0,0.02,FALSE,FALSE
"IFT81",0.02,0.05,0,-0.26,FALSE,FALSE
"PPTC7",0.02,0.04,0,-0.22,FALSE,FALSE
"ERP29",0.02,0.01,0,0.05,FALSE,FALSE
"OAS3",0.02,0.05,0,-0.34,FALSE,FALSE
"HRK",0.02,0.01,0,0.08,FALSE,FALSE
"RHOF",0.02,0.03,0,-0.14,FALSE,FALSE
"VPS33A",0.02,0.03,0,-0.16,FALSE,FALSE
"ZCCHC8",0.02,0.05,0,-0.29,FALSE,FALSE
"EIF2B1",0.02,0.05,0,-0.29,FALSE,FALSE
"GOLGA3",0.02,0.03,0,-0.16,FALSE,FALSE
"ZNF140",0.02,0.02,0,0.05,FALSE,FALSE
"USP12",0.02,0.04,0,-0.21,FALSE,FALSE
"MTIF3",0.02,0.02,0,0.05,FALSE,FALSE
"FLT1",0.02,0.07,0,-0.5,FALSE,FALSE
"SLC7A1",0.02,0.01,0,0.09,FALSE,FALSE
"USPL1",0.02,0.03,0,-0.09,FALSE,FALSE
"FRY",0.02,0.01,0,0.08,FALSE,FALSE
"NBEA",0.02,0.02,0,-0.03,FALSE,FALSE
"ALG5",0.02,0.03,0,-0.05,FALSE,FALSE
"COG6",0.02,0.01,0,0.09,FALSE,FALSE
"GPALPP1",0.02,0.05,0,-0.32,FALSE,FALSE
"SUCLA2",0.02,0.01,0,0.08,FALSE,FALSE
"SETDB2",0.02,0.07,0,-0.54,FALSE,FALSE
"RCBTB1",0.02,0.04,0,-0.23,FALSE,FALSE
"TRIM13",0.02,0.07,0,-0.45,FALSE,FALSE
"ALG11",0.02,0.03,0,-0.08,FALSE,FALSE
"CKAP2",0.02,0.03,0,-0.09,FALSE,FALSE
"PCDH9",0.02,0.05,0,-0.32,FALSE,FALSE
"EDNRB",0.02,0.02,0,-0.06,FALSE,FALSE
"NDFIP2",0.02,0.02,0,-0.06,FALSE,FALSE
"GPC6",0.02,0.02,0,0.02,FALSE,FALSE
"IPO5",0.02,0.05,0,-0.26,FALSE,FALSE
"TMTC4",0.02,0.02,0,-0.03,FALSE,FALSE
"BIVM",0.02,0.03,0,-0.14,FALSE,FALSE
"UPF3A",0.02,0.04,0,-0.25,FALSE,FALSE
"ARHGEF40",0.02,0.04,0,-0.23,FALSE,FALSE
"SALL2",0.02,0.01,0,0.2,FALSE,FALSE
"HAUS4",0.02,0.05,0,-0.31,FALSE,FALSE
"NEDD8",0.02,0.05,0,-0.34,FALSE,FALSE
"TINF2",0.02,0.03,0,-0.05,FALSE,FALSE
"FBXO33",0.02,0.03,0,-0.09,FALSE,FALSE
"TOGARAM1",0.02,0.01,0,0.08,FALSE,FALSE
"NIN",0.02,0.05,0,-0.34,FALSE,FALSE
"DLGAP5",0.02,0.05,0,-0.34,FALSE,FALSE
"FBXO34",0.02,0.03,0,-0.14,FALSE,FALSE
"PELI2",0.02,0.04,0,-0.21,FALSE,FALSE
"TMEM260",0.02,0.03,0,-0.11,FALSE,FALSE
"KIAA0586",0.02,0.04,0,-0.18,FALSE,FALSE
"PCNX4",0.02,0.04,0,-0.18,FALSE,FALSE
"TMEM30B",0.02,0.01,0,0.05,FALSE,FALSE
"RHOJ",0.02,0.05,0,-0.34,FALSE,FALSE
"SGPP1",0.02,0.04,0,-0.21,FALSE,FALSE
"PLEK2",0.02,0.02,0,-0.06,FALSE,FALSE
"EXD2",0.02,0.02,0,0.02,FALSE,FALSE
"GALNT16",0.02,0.05,0,-0.32,FALSE,FALSE
"ERH",0.02,0.03,0,-0.13,FALSE,FALSE
"SYNJ2BP",0.02,0.03,0,-0.16,FALSE,FALSE
"ZFYVE1",0.02,0.02,0,0.01,FALSE,FALSE
"ABCD4",0.02,0.02,0,0.02,FALSE,FALSE
"AREL1",0.02,0.01,0,0.09,FALSE,FALSE
"FCF1",0.02,0.02,0,0.02,FALSE,FALSE
"PGF",0.02,0.05,0,-0.26,FALSE,FALSE
"MLH3",0.02,0.02,0,-0.06,FALSE,FALSE
"JDP2",0.02,0.03,0,-0.14,FALSE,FALSE
"ERG28",0.02,0.01,0,0.08,FALSE,FALSE
"IFT43",0.02,0.04,0,-0.25,FALSE,FALSE
"ANGEL1",0.02,0.04,0,-0.18,FALSE,FALSE
"IRF2BPL",0.02,0.04,0,-0.18,FALSE,FALSE
"VIPAS39",0.02,0.02,0,0.05,FALSE,FALSE
"ALKBH1",0.02,0.02,0,0.05,FALSE,FALSE
"DIO2",0.02,0.03,0,-0.14,FALSE,FALSE
"FLRT2",0.02,0.03,0,-0.19,FALSE,FALSE
"DGLUCY",0.02,0.04,0,-0.21,FALSE,FALSE
"C14orf132",0.02,0.01,0,0.09,FALSE,FALSE
"PAPOLA",0.02,0.04,0,-0.23,FALSE,FALSE
"TECPR2",0.02,0.02,0,-0.06,FALSE,FALSE
"TRMT61A",0.02,0.02,0,0.05,FALSE,FALSE
"TEDC1",0.02,0.02,0,0.01,FALSE,FALSE
"MTMR10",0.02,0.03,0,-0.16,FALSE,FALSE
"ARHGAP11A",0.02,0.01,0,0.13,FALSE,FALSE
"SLC12A6",0.02,0.03,0,-0.11,FALSE,FALSE
"SPRED1",0.02,0.05,0,-0.35,FALSE,FALSE
"IVD",0.02,0.04,0,-0.23,FALSE,FALSE
"CCDC32",0.02,0.05,0,-0.29,FALSE,FALSE
"KNL1",0.02,0.03,0,-0.14,FALSE,FALSE
"GCHFR",0.02,0.04,0,-0.18,FALSE,FALSE
"INO80",0.02,0.05,0,-0.31,FALSE,FALSE
"NDUFAF1",0.02,0.01,0,0.05,FALSE,FALSE
"RPAP1",0.02,0.02,0,0.05,FALSE,FALSE
"MGA",0.02,0.03,0,-0.14,FALSE,FALSE
"PLA2G4B",0.02,0.03,0,-0.08,FALSE,FALSE
"EHD4",0.02,0.03,0,-0.19,FALSE,FALSE
"ZNF106",0.02,0.05,0,-0.29,FALSE,FALSE
"TP53BP1",0.02,0.04,0,-0.23,FALSE,FALSE
"PPIP5K1",0.02,0.02,0,-0.06,FALSE,FALSE
"CTDSPL2",0.02,0.04,0,-0.21,FALSE,FALSE
"AP4E1",0.02,0.05,0,-0.35,FALSE,FALSE
"TEX9",0.02,0.05,0,-0.36,FALSE,FALSE
"MNS1",0.02,0.02,0,0.01,FALSE,FALSE
"ZNF280D",0.02,0.05,0,-0.34,FALSE,FALSE
"CCNB2",0.02,0.01,0,0.13,FALSE,FALSE
"CIAO2A",0.02,0.03,0,-0.13,FALSE,FALSE
"ANKDD1A",0.02,0.03,0,-0.08,FALSE,FALSE
"PDCD7",0.02,0.03,0,-0.14,FALSE,FALSE
"KIF23",0.02,0.03,0,-0.08,FALSE,FALSE
"PARP6",0.02,0.05,0,-0.32,FALSE,FALSE
"LOXL1",0.02,0.04,0,-0.28,FALSE,FALSE
"SEMA7A",0.02,0.04,0,-0.25,FALSE,FALSE
"EFL1",0.02,0.05,0,-0.39,FALSE,FALSE
"WHAMM",0.02,0.03,0,-0.05,FALSE,FALSE
"WDR73",0.02,0.05,0,-0.31,FALSE,FALSE
"NTRK3",0.02,0.03,0,-0.11,FALSE,FALSE
"FANCI",0.02,0.02,0,-0.03,FALSE,FALSE
"PEX11A",0.02,0.02,0,0.05,FALSE,FALSE
"MAN2A2",0.02,0.06,0,-0.42,FALSE,FALSE
"RCCD1",0.02,0.03,0,-0.19,FALSE,FALSE
"RGMA",0.02,0.03,0,-0.16,FALSE,FALSE
"ARRDC4",0.02,0.01,0,0.13,FALSE,FALSE
"SYNM",0.02,0.05,0,-0.29,FALSE,FALSE
"TTC23",0.02,0.01,0,0.16,FALSE,FALSE
"TARS3",0.02,0.01,0,0.09,FALSE,FALSE
"SNRNP25",0.02,0.03,0,-0.19,FALSE,FALSE
"NPRL3",0.02,0.03,0,-0.13,FALSE,FALSE
"FAM234A",0.02,0.04,0,-0.22,FALSE,FALSE
"RAB11FIP3",0.02,0.03,0,-0.05,FALSE,FALSE
"PIGQ",0.02,0.03,0,-0.19,FALSE,FALSE
"ANTKMT",0.02,0.05,0,-0.35,FALSE,FALSE
"HAGHL",0.02,0.01,0,0.05,FALSE,FALSE
"CIAO3",0.02,0.03,0,-0.13,FALSE,FALSE
"RPUSD1",0.02,0.01,0,0.12,FALSE,FALSE
"NUBP2",0.02,0.04,0,-0.25,FALSE,FALSE
"ZNF598",0.02,0.01,0,0.09,FALSE,FALSE
"PKD1",0.02,0.02,0,-0.03,FALSE,FALSE
"PGP",0.02,0.02,0,-0.06,FALSE,FALSE
"AMDHD2",0.02,0.04,0,-0.18,FALSE,FALSE
"ZNF205",0.02,0.01,0,0.16,FALSE,FALSE
"ZNF174",0.02,0.03,0,-0.05,FALSE,FALSE
"CLUAP1",0.02,0.03,0,-0.11,FALSE,FALSE
"ADCY9",0.02,0.01,0,0.12,FALSE,FALSE
"PAM16",0.02,0.05,0,-0.34,FALSE,FALSE
"CORO7",0.02,0.03,0,-0.09,FALSE,FALSE
"UBN1",0.02,0.03,0,-0.13,FALSE,FALSE
"NAGPA",0.02,0.03,0,-0.08,FALSE,FALSE
"CARHSP1",0.02,0.05,0,-0.29,FALSE,FALSE
"DEXI",0.02,0.03,0,-0.11,FALSE,FALSE
"CCP110",0.02,0.04,0,-0.22,FALSE,FALSE
"LYRM1",0.02,0.03,0,-0.13,FALSE,FALSE
"EARS2",0.02,0.04,0,-0.23,FALSE,FALSE
"PLK1",0.02,0.05,0,-0.31,FALSE,FALSE
"LCMT1",0.02,0.03,0,-0.05,FALSE,FALSE
"XPO6",0.02,0.01,0,0.08,FALSE,FALSE
"SBK1",0.02,0.01,0,0.08,FALSE,FALSE
"SGF29",0.02,0.04,0,-0.25,FALSE,FALSE
"TAOK2",0.02,0.06,0,-0.37,FALSE,FALSE
"TBC1D10B",0.02,0.04,0,-0.25,FALSE,FALSE
"BCKDK",0.02,0.05,0,-0.29,FALSE,FALSE
"PYCARD",0.02,0.03,0,-0.09,FALSE,FALSE
"TGFB1I1",0.02,0.03,0,-0.16,FALSE,FALSE
"SHCBP1",0.02,0.03,0,-0.09,FALSE,FALSE
"LPCAT2",0.02,0.03,0,-0.11,FALSE,FALSE
"OGFOD1",0.02,0.06,0,-0.4,FALSE,FALSE
"BBS2",0.02,0.04,0,-0.25,FALSE,FALSE
"PSME3IP1",0.02,0.02,0,-0.06,FALSE,FALSE
"CCL22",0.02,0.03,0,-0.19,FALSE,FALSE
"CCDC102A",0.02,0.03,0,-0.19,FALSE,FALSE
"CSNK2A2",0.02,0.05,0,-0.34,FALSE,FALSE
"CNOT1",0.02,0.03,0,-0.09,FALSE,FALSE
"PDP2",0.02,0.01,0,0.12,FALSE,FALSE
"C16orf70",0.02,0.03,0,-0.19,FALSE,FALSE
"HSF4",0.02,0,0,0.24,FALSE,FALSE
"ACD",0.02,0.04,0,-0.18,FALSE,FALSE
"ENKD1",0.02,0.04,0,-0.25,FALSE,FALSE
"GFOD2",0.02,0.03,0,-0.05,FALSE,FALSE
"PSKH1",0.02,0.04,0,-0.25,FALSE,FALSE
"ESRP2",0.02,0.01,0,0.08,FALSE,FALSE
"ZFP90",0.02,0.03,0,-0.13,FALSE,FALSE
"DDX19A",0.02,0.02,0,-0.06,FALSE,FALSE
"ZFHX3",0.02,0.03,0,-0.09,FALSE,FALSE
"KARS1",0.02,0.03,0,-0.11,FALSE,FALSE
"MPHOSPH6",0.02,0.01,0,0.16,FALSE,FALSE
"CDH13",0.02,0.05,0,-0.39,FALSE,FALSE
"HSBP1",0.02,0.04,0,-0.25,FALSE,FALSE
"RNF166",0.02,0.03,0,-0.09,FALSE,FALSE
"CDT1",0.02,0.01,0,0.09,FALSE,FALSE
"GAS8",0.02,0.02,0,0.01,FALSE,FALSE
"PRPF8",0.02,0.05,0,-0.35,FALSE,FALSE
"WDR81",0.02,0.04,0,-0.18,FALSE,FALSE
"SMYD4",0.02,0.04,0,-0.22,FALSE,FALSE
"HIC1",0.02,0.03,0,-0.09,FALSE,FALSE
"SMG6",0.02,0.04,0,-0.25,FALSE,FALSE
"CLUH",0.02,0.02,0,0.05,FALSE,FALSE
"SHPK",0.02,0.01,0,0.08,FALSE,FALSE
"CTNS",0.02,0.02,0,0.05,FALSE,FALSE
"ZZEF1",0.02,0.03,0,-0.05,FALSE,FALSE
"NUP88",0.02,0.03,0,-0.05,FALSE,FALSE
"C1QBP",0.02,0.02,0,-0.06,FALSE,FALSE
"NLRP1",0.02,0.01,0,0.09,FALSE,FALSE
"TXNDC17",0.02,0.03,0,-0.19,FALSE,FALSE
"CLDN7",0.02,0.02,0,-0.03,FALSE,FALSE
"GPS2",0.02,0.03,0,-0.09,FALSE,FALSE
"FGF11",0.02,0.02,0,0.01,FALSE,FALSE
"BORCS6",0.02,0.02,0,-0.02,FALSE,FALSE
"NDEL1",0.02,0.05,0,-0.29,FALSE,FALSE
"STX8",0.02,0.01,0,0.09,FALSE,FALSE
"PLD6",0.02,0.01,0,0.05,FALSE,FALSE
"GID4",0.02,0.03,0,-0.11,FALSE,FALSE
"DRG2",0.02,0.01,0,0.09,FALSE,FALSE
"TOP3A",0.02,0.01,0,0.09,FALSE,FALSE
"SMCR8",0.02,0.02,0,0.02,FALSE,FALSE
"TMEM199",0.02,0.02,0,-0.02,FALSE,FALSE
"PIGS",0.02,0.05,0,-0.32,FALSE,FALSE
"SPAG5",0.02,0.01,0,0.16,FALSE,FALSE
"ERAL1",0.02,0.03,0,-0.09,FALSE,FALSE
"DHRS13",0.02,0.02,0,-0.03,FALSE,FALSE
"COPRS",0.02,0.03,0,-0.11,FALSE,FALSE
"CCL2",0.02,0.07,0,-0.52,FALSE,FALSE
"CCL18",0.02,0.02,0,-0.03,FALSE,FALSE
"TADA2A",0.02,0.03,0,-0.11,FALSE,FALSE
"CDK12",0.02,0.02,0,0.01,FALSE,FALSE
"ERBB2",0.02,0.02,0,-0.03,FALSE,FALSE
"MED24",0.02,0.05,0,-0.34,FALSE,FALSE
"KRT10",0.02,0.02,0,-0.06,FALSE,FALSE
"TMEM99",0.02,0.02,0,0.01,FALSE,FALSE
"KRT13",0.02,0.03,0,-0.14,FALSE,FALSE
"P3H4",0.02,0.02,0,0.05,FALSE,FALSE
"FKBP10",0.02,0.05,0,-0.26,FALSE,FALSE
"STAT5A",0.02,0.02,0,0.01,FALSE,FALSE
"ATP6V0A1",0.02,0.03,0,-0.09,FALSE,FALSE
"COASY",0.02,0.03,0,-0.09,FALSE,FALSE
"TUBG1",0.02,0.01,0,0.16,FALSE,FALSE
"COA3",0.02,0.05,0,-0.35,FALSE,FALSE
"BECN1",0.02,0.03,0,-0.14,FALSE,FALSE
"AOC3",0.02,0.05,0,-0.31,FALSE,FALSE
"AARSD1",0.02,0.01,0,0.16,FALSE,FALSE
"DHX8",0.02,0.05,0,-0.29,FALSE,FALSE
"GJC1",0.02,0.03,0,-0.13,FALSE,FALSE
"HIGD1B",0.02,0.01,0,0.2,FALSE,FALSE
"CDC27",0.02,0.03,0,-0.09,FALSE,FALSE
"SPOP",0.02,0.03,0,-0.14,FALSE,FALSE
"ACSF2",0.02,0.01,0,0.12,FALSE,FALSE
"SPATA20",0.02,0.04,0,-0.18,FALSE,FALSE
"ANKRD40",0.02,0.04,0,-0.25,FALSE,FALSE
"NME1",0.02,0.05,0,-0.26,FALSE,FALSE
"STXBP4",0.02,0.01,0,0.08,FALSE,FALSE
"SCPEP1",0.02,0.04,0,-0.28,FALSE,FALSE
"SEPTIN4",0.02,0.03,0,-0.14,FALSE,FALSE
"YPEL2",0.02,0.03,0,-0.11,FALSE,FALSE
"INTS2",0.02,0.03,0,-0.13,FALSE,FALSE
"CYB561",0.02,0.03,0,-0.05,FALSE,FALSE
"ACE",0.02,0.01,0,0.05,FALSE,FALSE
"TACO1",0.02,0.03,0,-0.13,FALSE,FALSE
"STRADA",0.02,0.04,0,-0.25,FALSE,FALSE
"PRKCA",0.02,0.01,0,0.09,FALSE,FALSE
"ABCA10",0.02,0.03,0,-0.08,FALSE,FALSE
"KCNJ2",0.02,0.05,0,-0.36,FALSE,FALSE
"GPRC5C",0.02,0.02,0,-0.02,FALSE,FALSE
"CD300A",0.02,0.03,0,-0.16,FALSE,FALSE
"RAB37",0.02,0.03,0,-0.11,FALSE,FALSE
"CASKIN2",0.02,0.02,0,0.01,FALSE,FALSE
"WBP2",0.02,0.04,0,-0.25,FALSE,FALSE
"RNF157",0.02,0.01,0,0.12,FALSE,FALSE
"CYGB",0.02,0.05,0,-0.29,FALSE,FALSE
"TMC6",0.02,0.05,0,-0.29,FALSE,FALSE
"PGS1",0.02,0.05,0,-0.29,FALSE,FALSE
"ENGASE",0.02,0.03,0,-0.11,FALSE,FALSE
"TEPSIN",0.02,0.02,0,-0.02,FALSE,FALSE
"FAAP100",0.02,0.02,0,0.01,FALSE,FALSE
"OXLD1",0.02,0.03,0,-0.05,FALSE,FALSE
"ARL16",0.02,0.04,0,-0.18,FALSE,FALSE
"DCXR",0.02,0.02,0,-0.02,FALSE,FALSE
"RFNG",0.02,0.02,0,0.02,FALSE,FALSE
"FN3KRP",0.02,0.02,0,-0.02,FALSE,FALSE
"NDC80",0.02,0.01,0,0.05,FALSE,FALSE
"LPIN2",0.02,0.03,0,-0.08,FALSE,FALSE
"ZBTB14",0.02,0.03,0,-0.08,FALSE,FALSE
"MPPE1",0.02,0.03,0,-0.09,FALSE,FALSE
"CEP192",0.02,0.03,0,-0.13,FALSE,FALSE
"RNMT",0.02,0.04,0,-0.23,FALSE,FALSE
"MIB1",0.02,0.03,0,-0.14,FALSE,FALSE
"ZSCAN30",0.02,0.04,0,-0.21,FALSE,FALSE
"GALNT1",0.02,0.05,0,-0.39,FALSE,FALSE
"EPG5",0.02,0.04,0,-0.22,FALSE,FALSE
"ATP5F1A",0.02,0.04,0,-0.28,FALSE,FALSE
"C18orf25",0.02,0.02,0,-0.02,FALSE,FALSE
"MAPK4",0.02,0.03,0,-0.14,FALSE,FALSE
"MEX3C",0.02,0.05,0,-0.36,FALSE,FALSE
"FECH",0.02,0.03,0,-0.08,FALSE,FALSE
"ATP8B1",0.02,0.01,0,0.05,FALSE,FALSE
"RNF152",0.02,0.02,0,-0.02,FALSE,FALSE
"PHLPP1",0.02,0.01,0,0.08,FALSE,FALSE
"ZADH2",0.02,0.04,0,-0.28,FALSE,FALSE
"ZNF236",0.02,0.02,0,0.05,FALSE,FALSE
"CTDP1",0.02,0.05,0,-0.26,FALSE,FALSE
"TBC1D20",0.02,0.08,0,-0.55,FALSE,FALSE
"SRXN1",0.02,0.02,0,0.01,FALSE,FALSE
"PCED1A",0.02,0.03,0,-0.14,FALSE,FALSE
"C20orf194",0.02,0.02,0,-0.02,FALSE,FALSE
"RNF24",0.02,0.01,0,0.08,FALSE,FALSE
"SHLD1",0.02,0.03,0,-0.13,FALSE,FALSE
"PLCB1",0.02,0.04,0,-0.22,FALSE,FALSE
"ANKEF1",0.02,0.02,0,0.01,FALSE,FALSE
"MKKS",0.02,0.04,0,-0.25,FALSE,FALSE
"TASP1",0.02,0.02,0,-0.06,FALSE,FALSE
"ZNF133",0.02,0.01,0,0.05,FALSE,FALSE
"POLR3F",0.02,0.02,0,-0.06,FALSE,FALSE
"CRNKL1",0.02,0.06,0,-0.37,FALSE,FALSE
"KIZ",0.02,0.03,0,-0.14,FALSE,FALSE
"NXT1",0.02,0.04,0,-0.25,FALSE,FALSE
"CCM2L",0.02,0.01,0,0.05,FALSE,FALSE
"NOL4L",0.02,0.04,0,-0.21,FALSE,FALSE
"CDK5RAP1",0.02,0.05,0,-0.26,FALSE,FALSE
"SNTA1",0.02,0.01,0,0.09,FALSE,FALSE
"NECAB3",0.02,0.01,0,0.16,FALSE,FALSE
"GGT7",0.02,0.07,0,-0.49,FALSE,FALSE
"GSS",0.02,0.06,0,-0.42,FALSE,FALSE
"EDEM2",0.02,0.02,0,0.01,FALSE,FALSE
"NFS1",0.02,0.05,0,-0.29,FALSE,FALSE
"SRC",0.02,0.04,0,-0.21,FALSE,FALSE
"ACTR5",0.02,0.02,0,-0.03,FALSE,FALSE
"NEURL2",0.02,0.03,0,-0.08,FALSE,FALSE
"ELMO2",0.02,0.04,0,-0.28,FALSE,FALSE
"NFATC2",0.02,0.07,0,-0.47,FALSE,FALSE
"FAM210B",0.02,0.03,0,-0.09,FALSE,FALSE
"RBM38",0.02,0.05,0,-0.29,FALSE,FALSE
"RTEL1",0.02,0.04,0,-0.18,FALSE,FALSE
"ZBTB46",0.02,0.02,0,-0.03,FALSE,FALSE
"ZNF512B",0.02,0.03,0,-0.08,FALSE,FALSE
"PALM",0.02,0.03,0,-0.16,FALSE,FALSE
"PTBP1",0.02,0.03,0,-0.16,FALSE,FALSE
"MED16",0.02,0.01,0,0.09,FALSE,FALSE
"MEX3D",0.02,0.01,0,0.09,FALSE,FALSE
"REXO1",0.02,0.03,0,-0.11,FALSE,FALSE
"PLEKHJ1",0.02,0.05,0,-0.26,FALSE,FALSE
"ZNF554",0.02,0.02,0,-0.02,FALSE,FALSE
"DAPK3",0.02,0.07,0,-0.45,FALSE,FALSE
"SIRT6",0.02,0.03,0,-0.19,FALSE,FALSE
"STAP2",0.02,0.04,0,-0.28,FALSE,FALSE
"SH3GL1",0.02,0.05,0,-0.26,FALSE,FALSE
"LONP1",0.02,0.05,0,-0.36,FALSE,FALSE
"PNPLA6",0.02,0.02,0,-0.06,FALSE,FALSE
"MARCHF2",0.02,0.02,0,0.01,FALSE,FALSE
"UBL5",0.02,0.01,0,0.05,FALSE,FALSE
"ICAM1",0.02,0.02,0,-0.03,FALSE,FALSE
"ATG4D",0.02,0.04,0,-0.18,FALSE,FALSE
"CARM1",0.02,0.02,0,0.05,FALSE,FALSE
"PLPPR2",0.02,0.01,0,0.05,FALSE,FALSE
"ZNF136",0.02,0.02,0,0.01,FALSE,FALSE
"WDR83",0.02,0.02,0,0.01,FALSE,FALSE
"DHPS",0.02,0.03,0,-0.09,FALSE,FALSE
"HOOK2",0.02,0.03,0,-0.13,FALSE,FALSE
"TRMT1",0.02,0.02,0,-0.06,FALSE,FALSE
"CC2D1A",0.02,0.03,0,-0.09,FALSE,FALSE
"DCAF15",0.02,0.05,0,-0.34,FALSE,FALSE
"RFX1",0.02,0.04,0,-0.23,FALSE,FALSE
"TECR",0.02,0.02,0,-0.06,FALSE,FALSE
"WIZ",0.02,0.03,0,-0.19,FALSE,FALSE
"MYO9B",0.02,0.06,0,-0.44,FALSE,FALSE
"OCEL1",0.02,0.02,0,0.01,FALSE,FALSE
"NR2F6",0.02,0.02,0,0.01,FALSE,FALSE
"JAK3",0.02,0.03,0,-0.19,FALSE,FALSE
"ARRDC2",0.02,0.03,0,-0.08,FALSE,FALSE
"SUGP2",0.02,0.06,0,-0.42,FALSE,FALSE
"BORCS8",0.02,0.04,0,-0.22,FALSE,FALSE
"ZNF626",0.02,0.03,0,-0.08,FALSE,FALSE
"DPY19L3",0.02,0.02,0,-0.02,FALSE,FALSE
"PDCD5",0.02,0.05,0,-0.29,FALSE,FALSE
"PEPD",0.02,0.04,0,-0.22,FALSE,FALSE
"UBA2",0.02,0.03,0,-0.09,FALSE,FALSE
"ZNF599",0.02,0.03,0,-0.05,FALSE,FALSE
"GRAMD1A",0.02,0.02,0,-0.03,FALSE,FALSE
"FXYD3",0.02,0.03,0,-0.16,FALSE,FALSE
"HAUS5",0.02,0.03,0,-0.05,FALSE,FALSE
"KMT2B",0.02,0.06,0,-0.44,FALSE,FALSE
"ZNF585B",0.02,0.02,0,-0.06,FALSE,FALSE
"ZNF573",0.02,0.02,0,0.01,FALSE,FALSE
"PPP1R14A",0.02,0.05,0,-0.29,FALSE,FALSE
"PLEKHG2",0.02,0.03,0,-0.16,FALSE,FALSE
"DYRK1B",0.02,0.05,0,-0.31,FALSE,FALSE
"ZNF780A",0.02,0.01,0,0.09,FALSE,FALSE
"SHKBP1",0.02,0.04,0,-0.18,FALSE,FALSE
"NUMBL",0.02,0.03,0,-0.09,FALSE,FALSE
"DMAC2",0.02,0.02,0,0.01,FALSE,FALSE
"DEDD2",0.02,0.03,0,-0.16,FALSE,FALSE
"GSK3A",0.02,0.05,0,-0.32,FALSE,FALSE
"MEGF8",0.02,0.03,0,-0.09,FALSE,FALSE
"ZNF180",0.02,0.05,0,-0.31,FALSE,FALSE
"PPP1R37",0.02,0.02,0,-0.06,FALSE,FALSE
"ERCC2",0.02,0.01,0,0.05,FALSE,FALSE
"DMWD",0.02,0.01,0,0.16,FALSE,FALSE
"CCDC61",0.02,0.01,0,0.16,FALSE,FALSE
"HIF3A",0.02,0.03,0,-0.08,FALSE,FALSE
"PNMA8B",0.02,0.02,0,-0.03,FALSE,FALSE
"DACT3",0.02,0.01,0,0.16,FALSE,FALSE
"FKRP",0.02,0.03,0,-0.05,FALSE,FALSE
"BBC3",0.02,0.04,0,-0.18,FALSE,FALSE
"PLA2G4C",0.02,0.02,0,-0.06,FALSE,FALSE
"ZSWIM9",0.02,0.02,0,-0.03,FALSE,FALSE
"GRWD1",0.02,0.02,0,-0.06,FALSE,FALSE
"TRPM4",0.02,0.03,0,-0.09,FALSE,FALSE
"RCN3",0.02,0.04,0,-0.21,FALSE,FALSE
"ZNF473",0.02,0.01,0,0.12,FALSE,FALSE
"C19orf48",0.02,0.02,0,-0.03,FALSE,FALSE
"ZNF524",0.02,0.02,0,0.02,FALSE,FALSE
"ZNF549",0.02,0.01,0,0.08,FALSE,FALSE
"ZIK1",0.02,0,0,0.24,FALSE,FALSE
"ZNF134",0.02,0.03,0,-0.08,FALSE,FALSE
"ZNF329",0.02,0.03,0,-0.13,FALSE,FALSE
"HDHD5",0.02,0.03,0,-0.13,FALSE,FALSE
"BID",0.02,0.02,0,0.01,FALSE,FALSE
"MICAL3",0.02,0.04,0,-0.22,FALSE,FALSE
"PEX26",0.02,0.01,0,0.12,FALSE,FALSE
"DGCR2",0.02,0.04,0,-0.21,FALSE,FALSE
"CLTCL1",0.02,0.01,0,0.09,FALSE,FALSE
"HIRA",0.02,0.03,0,-0.16,FALSE,FALSE
"UFD1",0.02,0.04,0,-0.22,FALSE,FALSE
"TANGO2",0.02,0.01,0,0.16,FALSE,FALSE
"TRMT2A",0.02,0.02,0,0.01,FALSE,FALSE
"SCARF2",0.02,0.01,0,0.12,FALSE,FALSE
"TOP3B",0.02,0.02,0,-0.02,FALSE,FALSE
"ZNF70",0.02,0.02,0,0.01,FALSE,FALSE
"GGT5",0.02,0.05,0,-0.29,FALSE,FALSE
"ADORA2A",0.02,0.04,0,-0.23,FALSE,FALSE
"LRRC75B",0.02,0.03,0,-0.09,FALSE,FALSE
"TTC28",0.02,0.03,0,-0.14,FALSE,FALSE
"THOC5",0.02,0.03,0,-0.11,FALSE,FALSE
"EIF4ENIF1",0.02,0.05,0,-0.34,FALSE,FALSE
"CDC42EP1",0.02,0.02,0,-0.06,FALSE,FALSE
"APOBEC3G",0.02,0.05,0,-0.36,FALSE,FALSE
"CBX7",0.02,0.01,0,0.08,FALSE,FALSE
"SLC25A17",0.02,0.04,0,-0.23,FALSE,FALSE
"L3MBTL2",0.02,0.03,0,-0.09,FALSE,FALSE
"PHF5A",0.02,0.02,0,0.01,FALSE,FALSE
"POLR3H",0.02,0.05,0,-0.29,FALSE,FALSE
"XRCC6",0.02,0.02,0,-0.02,FALSE,FALSE
"CCDC134",0.02,0.03,0,-0.13,FALSE,FALSE
"TCF20",0.02,0.07,0,-0.5,FALSE,FALSE
"RRP7A",0.02,0.02,0,0.01,FALSE,FALSE
"TTLL1",0.02,0.04,0,-0.22,FALSE,FALSE
"SAMM50",0.02,0.02,0,0.01,FALSE,FALSE
"PARVB",0.02,0.03,0,-0.16,FALSE,FALSE
"PARVG",0.02,0.04,0,-0.23,FALSE,FALSE
"KIAA0930",0.02,0.03,0,-0.19,FALSE,FALSE
"TRMU",0.02,0.01,0,0.13,FALSE,FALSE
"GRAMD4",0.02,0.03,0,-0.19,FALSE,FALSE
"ZBED4",0.02,0.01,0,0.2,FALSE,FALSE
"PIM3",0.02,0.05,0,-0.35,FALSE,FALSE
"SELENOO",0.02,0.04,0,-0.23,FALSE,FALSE
"PPP6R2",0.02,0.07,0,-0.49,FALSE,FALSE
"SCO2",0.02,0.01,0,0.05,FALSE,FALSE
"KLHDC7B",0.02,0.02,0,-0.06,FALSE,FALSE
"ARSA",0.02,0.04,0,-0.28,FALSE,FALSE
"LTN1",0.02,0.03,0,-0.11,FALSE,FALSE
"HLCS",0.02,0,0,0.24,FALSE,FALSE
"VPS26C",0.02,0.03,0,-0.16,FALSE,FALSE
"FAM207A",0.02,0.03,0,-0.13,FALSE,FALSE
"MCM3AP",0.02,0.04,0,-0.25,FALSE,FALSE
"PCNT",0.02,0.03,0,-0.14,FALSE,FALSE
"DIP2A",0.02,0.04,0,-0.22,FALSE,FALSE
"CPTP",0.01,0.04,0,-0.36,FALSE,FALSE
"ATAD3B",0.01,0.02,0,-0.13,FALSE,FALSE
"MIB2",0.01,0.02,0,-0.04,FALSE,FALSE
"NADK",0.01,0.03,0,-0.17,FALSE,FALSE
"PRKCZ",0.01,0.01,0,0.08,FALSE,FALSE
"FAAP20",0.01,0.03,0,-0.22,FALSE,FALSE
"PEX10",0.01,0.01,0,0.08,FALSE,FALSE
"PANK4",0.01,0.05,0,-0.35,FALSE,FALSE
"WRAP73",0.01,0.03,0,-0.22,FALSE,FALSE
"DFFB",0.01,0.01,0,-0.01,FALSE,FALSE
"C1orf174",0.01,0.03,0,-0.28,FALSE,FALSE
"TNFRSF25",0.01,0.02,0,-0.04,FALSE,FALSE
"THAP3",0.01,0.01,0,-0.01,FALSE,FALSE
"DNAJC11",0.01,0.03,0,-0.17,FALSE,FALSE
"TNFRSF9",0.01,0.02,0,-0.08,FALSE,FALSE
"GPR157",0.01,0.01,0,-0.02,FALSE,FALSE
"TMEM201",0.01,0.02,0,-0.07,FALSE,FALSE
"NMNAT1",0.01,0.01,0,-0.06,FALSE,FALSE
"PGD",0.01,0.03,0,-0.22,FALSE,FALSE
"CENPS",0.01,0.01,0,-0.01,FALSE,FALSE
"PEX14",0.01,0.01,0,-0.02,FALSE,FALSE
"UBIAD1",0.01,0.01,0,-0.09,FALSE,FALSE
"FBXO6",0.01,0,0,0.06,FALSE,FALSE
"MAD2L2",0.01,0.04,0,-0.32,FALSE,FALSE
"AGTRAP",0.01,0.04,0,-0.34,FALSE,FALSE
"CLCN6",0.01,0.02,0,-0.07,FALSE,FALSE
"KAZN",0.01,0.02,0,-0.2,FALSE,FALSE
"DNAJC16",0.01,0.03,0,-0.22,FALSE,FALSE
"FBLIM1",0.01,0.02,0,-0.15,FALSE,FALSE
"EPHA2",0.01,0.04,0,-0.29,FALSE,FALSE
"ATP13A2",0.01,0.01,0,-0.02,FALSE,FALSE
"ARHGEF10L",0.01,0.02,0,-0.08,FALSE,FALSE
"MRTO4",0.01,0.01,0,0.03,FALSE,FALSE
"SLC66A1",0.01,0.02,0,-0.16,FALSE,FALSE
"TMCO4",0.01,0.01,0,-0.06,FALSE,FALSE
"C1QA",0.01,0.04,0,-0.29,FALSE,FALSE
"C1QB",0.01,0.02,0,-0.04,FALSE,FALSE
"MYOM3",0.01,0,0,0.15,FALSE,FALSE
"NIPAL3",0.01,0.01,0,0,FALSE,FALSE
"RUNX3",0.01,0.01,0,0.04,FALSE,FALSE
"MAN1C1",0.01,0.03,0,-0.14,FALSE,FALSE
"CEP85",0.01,0.02,0,-0.1,FALSE,FALSE
"DHDDS",0.01,0.03,0,-0.22,FALSE,FALSE
"PIGV",0.01,0.02,0,-0.04,FALSE,FALSE
"ZDHHC18",0.01,0.02,0,-0.2,FALSE,FALSE
"GPATCH3",0.01,0.03,0,-0.26,FALSE,FALSE
"KDF1",0.01,0.02,0,-0.08,FALSE,FALSE
"TRNP1",0.01,0.01,0,-0.01,FALSE,FALSE
"SLC9A1",0.01,0.04,0,-0.34,FALSE,FALSE
"FAM76A",0.01,0.03,0,-0.17,FALSE,FALSE
"XKR8",0.01,0.01,0,-0.06,FALSE,FALSE
"SESN2",0.01,0.02,0,-0.12,FALSE,FALSE
"MED18",0.01,0.02,0,-0.04,FALSE,FALSE
"TAF12",0.01,0.06,0,-0.46,FALSE,FALSE
"TMEM200B",0.01,0.01,0,-0.02,FALSE,FALSE
"FABP3",0.01,0.02,0,-0.08,FALSE,FALSE
"SERINC2",0.01,0.01,0,-0.01,FALSE,FALSE
"TMEM39B",0.01,0.03,0,-0.17,FALSE,FALSE
"TMEM234",0.01,0.01,0,-0.05,FALSE,FALSE
"ZBTB8A",0.01,0.01,0,-0.01,FALSE,FALSE
"SYNC",0.01,0.01,0,0.08,FALSE,FALSE
"AZIN2",0.01,0,0,0.06,FALSE,FALSE
"GJA4",0.01,0.03,0,-0.23,FALSE,FALSE
"ZMYM6",0.01,0.02,0,-0.04,FALSE,FALSE
"NCDN",0.01,0.03,0,-0.33,FALSE,FALSE
"C1orf216",0.01,0.02,0,-0.07,FALSE,FALSE
"CLSPN",0.01,0.01,0,0,FALSE,FALSE
"AGO4",0.01,0.01,0,0,FALSE,FALSE
"AGO3",0.01,0.01,0,0.03,FALSE,FALSE
"COL8A2",0.01,0.02,0,-0.08,FALSE,FALSE
"EVA1B",0.01,0.01,0,-0.01,FALSE,FALSE
"STK40",0.01,0.03,0,-0.22,FALSE,FALSE
"LSM10",0.01,0.03,0,-0.22,FALSE,FALSE
"ZC3H12A",0.01,0.03,0,-0.2,FALSE,FALSE
"GNL2",0.01,0.03,0,-0.17,FALSE,FALSE
"C1orf109",0.01,0.03,0,-0.25,FALSE,FALSE
"YRDC",0.01,0.02,0,-0.16,FALSE,FALSE
"UTP11",0.01,0.01,0,-0.01,FALSE,FALSE
"AKIRIN1",0.01,0.02,0,-0.08,FALSE,FALSE
"BMP8A",0.01,0.01,0,0.02,FALSE,FALSE
"HEYL",0.01,0,0,0.11,FALSE,FALSE
"EXO5",0.01,0.03,0,-0.18,FALSE,FALSE
"NFYC",0.01,0.04,0,-0.36,FALSE,FALSE
"CITED4",0.01,0.02,0,-0.13,FALSE,FALSE
"CTPS1",0.01,0.01,0,0.04,FALSE,FALSE
"SCMH1",0.01,0.03,0,-0.23,FALSE,FALSE
"HIVEP3",0.01,0.02,0,-0.16,FALSE,FALSE
"PPCS",0.01,0.01,0,-0.09,FALSE,FALSE
"CCDC30",0.01,0.01,0,0.02,FALSE,FALSE
"P3H1",0.01,0.01,0,-0.06,FALSE,FALSE
"ZNF691",0.01,0.01,0,-0.06,FALSE,FALSE
"SLC6A9",0.01,0.01,0,0.02,FALSE,FALSE
"PLK3",0.01,0.03,0,-0.14,FALSE,FALSE
"EIF2B3",0.01,0.04,0,-0.26,FALSE,FALSE
"PRDX1",0.01,0.01,0,-0.02,FALSE,FALSE
"RAD54L",0.01,0.01,0,0.02,FALSE,FALSE
"UQCRH",0.01,0.01,0,0.11,FALSE,FALSE
"FAAH",0.01,0.01,0,0.02,FALSE,FALSE
"CYP4X1",0.01,0.02,0,-0.16,FALSE,FALSE
"AGBL4",0.01,0,0,0.06,FALSE,FALSE
"CC2D1B",0.01,0.02,0,-0.12,FALSE,FALSE
"GPX7",0.01,0.01,0,-0.02,FALSE,FALSE
"LRP8",0.01,0.01,0,0,FALSE,FALSE
"HSPB11",0.01,0.02,0,-0.16,FALSE,FALSE
"SSBP3",0.01,0.01,0,-0.02,FALSE,FALSE
"TTC4",0.01,0.01,0,0.08,FALSE,FALSE
"TTC22",0.01,0.02,0,-0.2,FALSE,FALSE
"DHCR24",0.01,0.02,0,-0.15,FALSE,FALSE
"OMA1",0.01,0.01,0,-0.01,FALSE,FALSE
"FGGY",0.01,0.01,0,0.02,FALSE,FALSE
"DOCK7",0.01,0.03,0,-0.14,FALSE,FALSE
"ITGB3BP",0.01,0.02,0,-0.04,FALSE,FALSE
"EFCAB7",0.01,0,0,0.06,FALSE,FALSE
"CTH",0.01,0.01,0,-0.02,FALSE,FALSE
"NEGR1",0.01,0.01,0,-0.02,FALSE,FALSE
"ERICH3",0.01,0.01,0,0.04,FALSE,FALSE
"NEXN",0.01,0.01,0,0.07,FALSE,FALSE
"TTLL7",0.01,0.01,0,0.03,FALSE,FALSE
"RPF1",0.01,0.04,0,-0.26,FALSE,FALSE
"MCOLN2",0.01,0.03,0,-0.33,FALSE,FALSE
"DDAH1",0.01,0,0,0.06,FALSE,FALSE
"KYAT3",0.01,0.02,0,-0.12,FALSE,FALSE
"GBP3",0.01,0.02,0,-0.12,FALSE,FALSE
"LRRC8B",0.01,0.02,0,-0.13,FALSE,FALSE
"LRRC8D",0.01,0.03,0,-0.26,FALSE,FALSE
"BTBD8",0.01,0.01,0,0,FALSE,FALSE
"GLMN",0.01,0.03,0,-0.22,FALSE,FALSE
"RPAP2",0.01,0.03,0,-0.33,FALSE,FALSE
"EVI5",0.01,0.03,0,-0.2,FALSE,FALSE
"DIPK1A",0.01,0.03,0,-0.23,FALSE,FALSE
"SLC44A3",0.01,0.01,0,0.02,FALSE,FALSE
"ALG14",0.01,0.02,0,-0.16,FALSE,FALSE
"PALMD",0.01,0.01,0,-0.06,FALSE,FALSE
"SASS6",0.01,0.01,0,0.04,FALSE,FALSE
"DBT",0.01,0.02,0,-0.12,FALSE,FALSE
"EXTL2",0.01,0.01,0,-0.06,FALSE,FALSE
"DPH5",0.01,0.01,0,0,FALSE,FALSE
"VAV3",0.01,0.01,0,-0.01,FALSE,FALSE
"FAM102B",0.01,0.03,0,-0.17,FALSE,FALSE
"SARS1",0.01,0.04,0,-0.29,FALSE,FALSE
"PSMA5",0.01,0.03,0,-0.28,FALSE,FALSE
"AMIGO1",0.01,0.02,0,-0.08,FALSE,FALSE
"AMPD2",0.01,0.03,0,-0.14,FALSE,FALSE
"LAMTOR5",0.01,0.03,0,-0.18,FALSE,FALSE
"PIFO",0.01,0,0,0.15,FALSE,FALSE
"MAGI3",0.01,0,0,0.06,FALSE,FALSE
"PHTF1",0.01,0.01,0,-0.05,FALSE,FALSE
"DENND2C",0.01,0.01,0,0.02,FALSE,FALSE
"AMPD1",0.01,0.02,0,-0.2,FALSE,FALSE
"VANGL1",0.01,0.01,0,0.04,FALSE,FALSE
"MAN1A2",0.01,0.02,0,-0.2,FALSE,FALSE
"WDR3",0.01,0.03,0,-0.23,FALSE,FALSE
"WARS2",0.01,0.01,0,-0.06,FALSE,FALSE
"POLR3C",0.01,0.04,0,-0.31,FALSE,FALSE
"PIAS3",0.01,0.04,0,-0.34,FALSE,FALSE
"GJA5",0.01,0.01,0,-0.02,FALSE,FALSE
"BOLA1",0.01,0.01,0,-0.09,FALSE,FALSE
"OTUD7B",0.01,0.04,0,-0.26,FALSE,FALSE
"CIART",0.01,0.01,0,0.02,FALSE,FALSE
"TARS2",0.01,0.01,0,0.02,FALSE,FALSE
"ECM1",0.01,0.01,0,0.07,FALSE,FALSE
"ARNT",0.01,0.04,0,-0.26,FALSE,FALSE
"MINDY1",0.01,0.02,0,-0.08,FALSE,FALSE
"C1orf56",0.01,0.01,0,-0.09,FALSE,FALSE
"MLLT11",0.01,0.03,0,-0.18,FALSE,FALSE
"SEMA6C",0.01,0.01,0,0.02,FALSE,FALSE
"SCNM1",0.01,0.06,0,-0.53,FALSE,FALSE
"PIP5K1A",0.01,0.01,0,0,FALSE,FALSE
"SELENBP1",0.01,0.03,0,-0.22,FALSE,FALSE
"TDRKH",0.01,0.01,0,-0.01,FALSE,FALSE
"SNAPIN",0.01,0.04,0,-0.32,FALSE,FALSE
"INTS3",0.01,0.03,0,-0.25,FALSE,FALSE
"DENND4B",0.01,0.03,0,-0.22,FALSE,FALSE
"SLC39A1",0.01,0.01,0,-0.06,FALSE,FALSE
"CKS1B",0.01,0.02,0,-0.16,FALSE,FALSE
"FLAD1",0.01,0.02,0,-0.15,FALSE,FALSE
"ZBTB7B",0.01,0.02,0,-0.04,FALSE,FALSE
"DPM3",0.01,0.03,0,-0.22,FALSE,FALSE
"TRIM46",0.01,0,0,0.06,FALSE,FALSE
"SCAMP3",0.01,0.06,0,-0.49,FALSE,FALSE
"CLK2",0.01,0,0,0.11,FALSE,FALSE
"MSTO1",0.01,0.03,0,-0.22,FALSE,FALSE
"RIT1",0.01,0.03,0,-0.33,FALSE,FALSE
"SLC25A44",0.01,0.01,0,0.04,FALSE,FALSE
"BGLAP",0.01,0.01,0,-0.09,FALSE,FALSE
"GLMP",0.01,0.02,0,-0.15,FALSE,FALSE
"RRNAD1",0.01,0.02,0,-0.2,FALSE,FALSE
"PRCC",0.01,0.04,0,-0.32,FALSE,FALSE
"PEAR1",0.01,0.03,0,-0.3,FALSE,FALSE
"FCRL5",0.01,0.04,0,-0.42,FALSE,FALSE
"FCRL1",0.01,0.01,0,-0.09,FALSE,FALSE
"PYHIN1",0.01,0.01,0,0,FALSE,FALSE
"AIM2",0.01,0.01,0,0,FALSE,FALSE
"CD84",0.01,0.02,0,-0.15,FALSE,FALSE
"SLAMF7",0.01,0.01,0,0.03,FALSE,FALSE
"KLHDC9",0.01,0.01,0,0,FALSE,FALSE
"PPOX",0.01,0.01,0,-0.09,FALSE,FALSE
"FCER1G",0.01,0.03,0,-0.17,FALSE,FALSE
"MPZ",0.01,0.01,0,0.08,FALSE,FALSE
"FCGR2A",0.01,0.01,0,0.07,FALSE,FALSE
"FCRLA",0.01,0.02,0,-0.16,FALSE,FALSE
"DUSP12",0.01,0.03,0,-0.26,FALSE,FALSE
"NUF2",0.01,0.02,0,-0.08,FALSE,FALSE
"UCK2",0.01,0.03,0,-0.26,FALSE,FALSE
"TADA1",0.01,0.01,0,0.03,FALSE,FALSE
"SFT2D2",0.01,0.04,0,-0.26,FALSE,FALSE
"SLC19A2",0.01,0.01,0,0.07,FALSE,FALSE
"SELP",0.01,0.02,0,-0.2,FALSE,FALSE
"C1orf112",0.01,0.05,0,-0.45,FALSE,FALSE
"GORAB",0.01,0.03,0,-0.17,FALSE,FALSE
"FMO1",0.01,0.03,0,-0.23,FALSE,FALSE
"EEF1AKNMT",0.01,0.04,0,-0.29,FALSE,FALSE
"PIGC",0.01,0.01,0,0,FALSE,FALSE
"CENPL",0.01,0.01,0,-0.09,FALSE,FALSE
"KIAA0040",0.01,0.02,0,-0.04,FALSE,FALSE
"RASAL2",0.01,0.04,0,-0.36,FALSE,FALSE
"TOR3A",0.01,0.02,0,-0.2,FALSE,FALSE
"SOAT1",0.01,0.03,0,-0.17,FALSE,FALSE
"FAM163A",0.01,0.01,0,-0.06,FALSE,FALSE
"TOR1AIP2",0.01,0.03,0,-0.25,FALSE,FALSE
"QSOX1",0.01,0.03,0,-0.23,FALSE,FALSE
"XPR1",0.01,0.03,0,-0.23,FALSE,FALSE
"RNASEL",0.01,0.01,0,0.07,FALSE,FALSE
"LAMC2",0.01,0.02,0,-0.1,FALSE,FALSE
"SMG7",0.01,0.02,0,-0.04,FALSE,FALSE
"NCF2",0.01,0.01,0,0.11,FALSE,FALSE
"SWT1",0.01,0.01,0,0.11,FALSE,FALSE
"HMCN1",0.01,0.02,0,-0.13,FALSE,FALSE
"ZNF281",0.01,0.01,0,-0.09,FALSE,FALSE
"KIF14",0.01,0.02,0,-0.13,FALSE,FALSE
"DDX59",0.01,0.04,0,-0.31,FALSE,FALSE
"INAVA",0.01,0.01,0,-0.02,FALSE,FALSE
"KIF21B",0.01,0.03,0,-0.23,FALSE,FALSE
"LAD1",0.01,0.01,0,-0.01,FALSE,FALSE
"NAV1",0.01,0.03,0,-0.23,FALSE,FALSE
"UBE2T",0.01,0.04,0,-0.34,FALSE,FALSE
"CHI3L1",0.01,0.02,0,-0.12,FALSE,FALSE
"SNRPE",0.01,0.01,0,-0.09,FALSE,FALSE
"PLEKHA6",0.01,0.01,0,0.04,FALSE,FALSE
"NFASC",0.01,0,0,0.1,FALSE,FALSE
"RAB29",0.01,0.04,0,-0.42,FALSE,FALSE
"RAB7B",0.01,0.01,0,0,FALSE,FALSE
"IKBKE",0.01,0.02,0,-0.08,FALSE,FALSE
"PFKFB2",0.01,0.01,0,0.02,FALSE,FALSE
"YOD1",0.01,0.01,0,-0.06,FALSE,FALSE
"G0S2",0.01,0.04,0,-0.36,FALSE,FALSE
"DTL",0.01,0.01,0,-0.01,FALSE,FALSE
"TATDN3",0.01,0.02,0,-0.04,FALSE,FALSE
"VASH2",0.01,0.01,0,0.11,FALSE,FALSE
"USH2A",0.01,0.01,0,0.02,FALSE,FALSE
"GPATCH2",0.01,0.01,0,0,FALSE,FALSE
"TGFB2",0.01,0.01,0,0.02,FALSE,FALSE
"BPNT1",0.01,0.06,0,-0.49,FALSE,FALSE
"C1orf115",0.01,0.06,0,-0.53,FALSE,FALSE
"MTARC2",0.01,0.03,0,-0.2,FALSE,FALSE
"MTARC1",0.01,0.02,0,-0.07,FALSE,FALSE
"DUSP10",0.01,0.02,0,-0.04,FALSE,FALSE
"TAF1A",0.01,0.01,0,-0.06,FALSE,FALSE
"AIDA",0.01,0.01,0,-0.05,FALSE,FALSE
"LIN9",0.01,0.02,0,-0.13,FALSE,FALSE
"PARP1",0.01,0.04,0,-0.31,FALSE,FALSE
"STUM",0.01,0.01,0,0.02,FALSE,FALSE
"ZNF678",0.01,0,0,0.06,FALSE,FALSE
"JMJD4",0.01,0.02,0,-0.12,FALSE,FALSE
"GJC2",0.01,0.01,0,0.03,FALSE,FALSE
"IBA57",0.01,0.02,0,-0.13,FALSE,FALSE
"TRIM11",0.01,0.05,0,-0.43,FALSE,FALSE
"H2BU1",0.01,0,0,0.06,FALSE,FALSE
"CCSAP",0.01,0.02,0,-0.04,FALSE,FALSE
"ABCB10",0.01,0.02,0,-0.08,FALSE,FALSE
"TAF5L",0.01,0,0,0.15,FALSE,FALSE
"COG2",0.01,0.03,0,-0.26,FALSE,FALSE
"TTC13",0.01,0.03,0,-0.22,FALSE,FALSE
"FAM89A",0.01,0.01,0,-0.02,FALSE,FALSE
"SIPA1L2",0.01,0.02,0,-0.08,FALSE,FALSE
"COA6",0.01,0.01,0,0.02,FALSE,FALSE
"GPR137B",0.01,0.01,0,0.11,FALSE,FALSE
"EDARADD",0.01,0.01,0,-0.06,FALSE,FALSE
"HEATR1",0.01,0.05,0,-0.48,FALSE,FALSE
"CEP170",0.01,0.02,0,-0.13,FALSE,FALSE
"COX20",0.01,0.01,0,0.11,FALSE,FALSE
"EFCAB2",0.01,0.02,0,-0.08,FALSE,FALSE
"SMYD3",0.01,0.01,0,-0.09,FALSE,FALSE
"ZNF692",0.01,0.03,0,-0.23,FALSE,FALSE
"PGBD2",0.01,0.02,0,-0.12,FALSE,FALSE
"PXDN",0.01,0.02,0,-0.2,FALSE,FALSE
"CMPK2",0.01,0.01,0,-0.05,FALSE,FALSE
"RNF144A",0.01,0.01,0,0,FALSE,FALSE
"MBOAT2",0.01,0.02,0,-0.1,FALSE,FALSE
"TAF1B",0.01,0.01,0,-0.09,FALSE,FALSE
"KLF11",0.01,0.03,0,-0.17,FALSE,FALSE
"ODC1",0.01,0.02,0,-0.08,FALSE,FALSE
"NOL10",0.01,0.03,0,-0.28,FALSE,FALSE
"SLC66A3",0.01,0.03,0,-0.28,FALSE,FALSE
"E2F6",0.01,0.01,0,-0.06,FALSE,FALSE
"TRIB2",0.01,0.04,0,-0.37,FALSE,FALSE
"LRATD1",0.01,0.01,0,0.02,FALSE,FALSE
"GEN1",0.01,0.02,0,-0.04,FALSE,FALSE
"SDC1",0.01,0.04,0,-0.31,FALSE,FALSE
"KLHL29",0.01,0.01,0,-0.02,FALSE,FALSE
"WDCP",0.01,0,0,0.15,FALSE,FALSE
"TP53I3",0.01,0.04,0,-0.32,FALSE,FALSE
"CENPO",0.01,0.01,0,0.03,FALSE,FALSE
"SELENOI",0.01,0.02,0,-0.15,FALSE,FALSE
"OTOF",0.01,0.05,0,-0.35,FALSE,FALSE
"MAPRE3",0.01,0.03,0,-0.18,FALSE,FALSE
"TMEM214",0.01,0.03,0,-0.25,FALSE,FALSE
"AGBL5",0.01,0.01,0,-0.09,FALSE,FALSE
"OST4",0.01,0.01,0,0.02,FALSE,FALSE
"KRTCAP3",0.01,0.02,0,-0.08,FALSE,FALSE
"GPN1",0.01,0.04,0,-0.39,FALSE,FALSE
"TRMT61B",0.01,0.02,0,-0.07,FALSE,FALSE
"TTC27",0.01,0.03,0,-0.25,FALSE,FALSE
"RASGRP3",0.01,0.02,0,-0.13,FALSE,FALSE
"FAM98A",0.01,0.01,0,0,FALSE,FALSE
"GPATCH11",0.01,0.02,0,-0.08,FALSE,FALSE
"QPCT",0.01,0.01,0,0.07,FALSE,FALSE
"GALM",0.01,0.03,0,-0.23,FALSE,FALSE
"SRSF7",0.01,0.03,0,-0.33,FALSE,FALSE
"MORN2",0.01,0.04,0,-0.34,FALSE,FALSE
"MAP4K3",0.01,0.01,0,-0.05,FALSE,FALSE
"SLC8A1",0.01,0.03,0,-0.25,FALSE,FALSE
"DYNC2LI1",0.01,0.04,0,-0.26,FALSE,FALSE
"SRBD1",0.01,0.01,0,-0.02,FALSE,FALSE
"PRKCE",0.01,0.01,0,-0.06,FALSE,FALSE
"RHOQ",0.01,0.02,0,-0.13,FALSE,FALSE
"STON1",0.01,0.02,0,-0.07,FALSE,FALSE
"CLHC1",0.01,0.01,0,-0.02,FALSE,FALSE
"VRK2",0.01,0.03,0,-0.18,FALSE,FALSE
"FANCL",0.01,0.02,0,-0.2,FALSE,FALSE
"KIAA1841",0.01,0.01,0,-0.09,FALSE,FALSE
"XPO1",0.01,0.02,0,-0.16,FALSE,FALSE
"FAM161A",0.01,0.01,0,0.07,FALSE,FALSE
"TMEM17",0.01,0.01,0,0.03,FALSE,FALSE
"WDPCP",0.01,0.02,0,-0.13,FALSE,FALSE
"MDH1",0.01,0.02,0,-0.08,FALSE,FALSE
"UGP2",0.01,0.02,0,-0.15,FALSE,FALSE
"ACTR2",0.01,0.01,0,0.07,FALSE,FALSE
"SPRED2",0.01,0.02,0,-0.04,FALSE,FALSE
"PNO1",0.01,0.03,0,-0.33,FALSE,FALSE
"PLEK",0.01,0.03,0,-0.18,FALSE,FALSE
"FBXO48",0.01,0.01,0,0.07,FALSE,FALSE
"GMCL1",0.01,0.01,0,-0.09,FALSE,FALSE
"PCBP1",0.01,0.01,0,-0.09,FALSE,FALSE
"SNRPG",0.01,0.01,0,0.08,FALSE,FALSE
"MCEE",0.01,0.03,0,-0.23,FALSE,FALSE
"MPHOSPH10",0.01,0.03,0,-0.25,FALSE,FALSE
"PAIP2B",0.01,0.02,0,-0.07,FALSE,FALSE
"SPR",0.01,0.03,0,-0.26,FALSE,FALSE
"SMYD5",0.01,0.02,0,-0.08,FALSE,FALSE
"PRADC1",0.01,0.01,0,-0.02,FALSE,FALSE
"ALMS1",0.01,0.02,0,-0.16,FALSE,FALSE
"WDR54",0.01,0.01,0,-0.02,FALSE,FALSE
"RTKN",0.01,0.03,0,-0.2,FALSE,FALSE
"PCGF1",0.01,0.03,0,-0.18,FALSE,FALSE
"DOK1",0.01,0.01,0,-0.02,FALSE,FALSE
"SEMA4F",0.01,0.01,0,0.04,FALSE,FALSE
"RETSAT",0.01,0.03,0,-0.14,FALSE,FALSE
"ELMOD3",0.01,0.01,0,-0.05,FALSE,FALSE
"USP39",0.01,0.02,0,-0.08,FALSE,FALSE
"GNLY",0.01,0.01,0,-0.01,FALSE,FALSE
"ATOH8",0.01,0.01,0,-0.01,FALSE,FALSE
"ST3GAL5",0.01,0.02,0,-0.04,FALSE,FALSE
"POLR1A",0.01,0.02,0,-0.04,FALSE,FALSE
"PLGLB2",0.01,0.01,0,-0.06,FALSE,FALSE
"THNSL2",0.01,0.03,0,-0.23,FALSE,FALSE
"EIF2AK3",0.01,0.04,0,-0.36,FALSE,FALSE
"ZNF514",0.01,0.01,0,0.08,FALSE,FALSE
"ZNF2",0.01,0.01,0,0.11,FALSE,FALSE
"KCNIP3",0.01,0.01,0,-0.06,FALSE,FALSE
"FAHD2A",0.01,0.03,0,-0.23,FALSE,FALSE
"STARD7",0.01,0.03,0,-0.2,FALSE,FALSE
"NCAPH",0.01,0.01,0,-0.06,FALSE,FALSE
"CNNM4",0.01,0.01,0,-0.02,FALSE,FALSE
"ANKRD36",0.01,0.01,0,0.02,FALSE,FALSE
"C2orf92",0.01,0.01,0,0.07,FALSE,FALSE
"INPP4A",0.01,0.05,0,-0.35,FALSE,FALSE
"COA5",0.01,0.04,0,-0.34,FALSE,FALSE
"TSGA10",0.01,0.01,0,-0.05,FALSE,FALSE
"LIPT1",0.01,0.04,0,-0.36,FALSE,FALSE
"TBC1D8",0.01,0.02,0,-0.16,FALSE,FALSE
"IL1R2",0.01,0.02,0,-0.15,FALSE,FALSE
"IL1RL1",0.01,0.01,0,0.08,FALSE,FALSE
"TGFBRAP1",0.01,0.03,0,-0.22,FALSE,FALSE
"SULT1C4",0.01,0.02,0,-0.04,FALSE,FALSE
"CCDC138",0.01,0.01,0,0,FALSE,FALSE
"SOWAHC",0.01,0.01,0,0,FALSE,FALSE
"BCL2L11",0.01,0.01,0,-0.09,FALSE,FALSE
"ZC3H6",0.01,0.03,0,-0.14,FALSE,FALSE
"TTL",0.01,0.02,0,-0.15,FALSE,FALSE
"STEAP3",0.01,0.03,0,-0.17,FALSE,FALSE
"C2orf76",0.01,0.01,0,0,FALSE,FALSE
"TMEM37",0.01,0.01,0,0.02,FALSE,FALSE
"TMEM177",0.01,0.02,0,-0.1,FALSE,FALSE
"GLI2",0.01,0,0,0.06,FALSE,FALSE
"SFT2D3",0.01,0.01,0,0.08,FALSE,FALSE
"AMMECR1L",0.01,0.01,0,-0.09,FALSE,FALSE
"PTPN18",0.01,0.02,0,-0.15,FALSE,FALSE
"ARHGEF4",0.01,0.01,0,0.02,FALSE,FALSE
"NCKAP5",0.01,0,0,0.11,FALSE,FALSE
"ZRANB3",0.01,0.02,0,-0.16,FALSE,FALSE
"HNMT",0.01,0.01,0,-0.06,FALSE,FALSE
"KYNU",0.01,0.01,0,0.04,FALSE,FALSE
"GTDC1",0.01,0.03,0,-0.3,FALSE,FALSE
"RND3",0.01,0.03,0,-0.22,FALSE,FALSE
"ARL6IP6",0.01,0.03,0,-0.23,FALSE,FALSE
"ACVR1",0.01,0.03,0,-0.18,FALSE,FALSE
"CCDC148",0.01,0.02,0,-0.12,FALSE,FALSE
"WDSUB1",0.01,0.02,0,-0.16,FALSE,FALSE
"CD302",0.01,0.02,0,-0.08,FALSE,FALSE
"PLA2R1",0.01,0,0,0.11,FALSE,FALSE
"TANK",0.01,0.03,0,-0.22,FALSE,FALSE
"PSMD14",0.01,0.03,0,-0.23,FALSE,FALSE
"COBLL1",0.01,0.03,0,-0.26,FALSE,FALSE
"GALNT3",0.01,0.01,0,-0.09,FALSE,FALSE
"SCN7A",0.01,0.04,0,-0.29,FALSE,FALSE
"NOSTRIN",0.01,0.02,0,-0.07,FALSE,FALSE
"SPC25",0.01,0.02,0,-0.2,FALSE,FALSE
"PHOSPHO2",0.01,0.01,0,-0.09,FALSE,FALSE
"METTL8",0.01,0.01,0,0.03,FALSE,FALSE
"CDCA7",0.01,0.04,0,-0.31,FALSE,FALSE
"GPR155",0.01,0.01,0,0.02,FALSE,FALSE
"ATP5MC3",0.01,0.03,0,-0.2,FALSE,FALSE
"RBM45",0.01,0.03,0,-0.33,FALSE,FALSE
"OSBPL6",0.01,0.01,0,-0.02,FALSE,FALSE
"FKBP7",0.01,0.02,0,-0.2,FALSE,FALSE
"TTN",0.01,0.01,0,-0.01,FALSE,FALSE
"CCDC141",0.01,0.02,0,-0.15,FALSE,FALSE
"FAM171B",0.01,0.01,0,0.02,FALSE,FALSE
"TFPI",0.01,0.05,0,-0.38,FALSE,FALSE
"COL5A2",0.01,0.01,0,0.07,FALSE,FALSE
"HIBCH",0.01,0.02,0,-0.08,FALSE,FALSE
"STAT4",0.01,0.02,0,-0.15,FALSE,FALSE
"HECW2",0.01,0.01,0,0.07,FALSE,FALSE
"TYW5",0.01,0.01,0,-0.06,FALSE,FALSE
"MAIP1",0.01,0.02,0,-0.16,FALSE,FALSE
"BZW1",0.01,0.01,0,-0.05,FALSE,FALSE
"NIF3L1",0.01,0.03,0,-0.18,FALSE,FALSE
"NDUFB3",0.01,0.04,0,-0.26,FALSE,FALSE
"CASP8",0.01,0.07,0,-0.68,FALSE,FALSE
"TRAK2",0.01,0.02,0,-0.13,FALSE,FALSE
"FZD7",0.01,0.01,0,0,FALSE,FALSE
"FAM117B",0.01,0.02,0,-0.1,FALSE,FALSE
"ICA1L",0.01,0.03,0,-0.23,FALSE,FALSE
"NBEAL1",0.01,0.01,0,0.11,FALSE,FALSE
"RAPH1",0.01,0.06,0,-0.46,FALSE,FALSE
"INO80D",0.01,0.02,0,-0.1,FALSE,FALSE
"ZDBF2",0.01,0.01,0,0.03,FALSE,FALSE
"ADAM23",0.01,0,0,0.11,FALSE,FALSE
"KLF7",0.01,0.06,0,-0.49,FALSE,FALSE
"FZD5",0.01,0.01,0,0.07,FALSE,FALSE
"PLEKHM3",0.01,0.01,0,-0.06,FALSE,FALSE
"MAP2",0.01,0.03,0,-0.23,FALSE,FALSE
"RPE",0.01,0.04,0,-0.36,FALSE,FALSE
"MREG",0.01,0.01,0,0.03,FALSE,FALSE
"PECR",0.01,0.02,0,-0.1,FALSE,FALSE
"ZNF142",0.01,0.03,0,-0.14,FALSE,FALSE
"BCS1L",0.01,0.01,0,-0.06,FALSE,FALSE
"TTLL4",0.01,0.01,0,0.03,FALSE,FALSE
"SPEG",0.01,0,0,0.15,FALSE,FALSE
"IRS1",0.01,0.01,0,0.02,FALSE,FALSE
"COL4A4",0.01,0.01,0,0.02,FALSE,FALSE
"DNER",0.01,0.01,0,-0.02,FALSE,FALSE
"SLC16A14",0.01,0.01,0,-0.02,FALSE,FALSE
"SP140",0.01,0.04,0,-0.39,FALSE,FALSE
"COPS7B",0.01,0.07,0,-0.66,FALSE,FALSE
"SH3BP4",0.01,0.03,0,-0.2,FALSE,FALSE
"AGAP1",0.01,0.03,0,-0.18,FALSE,FALSE
"IQCA1",0.01,0.01,0,0.07,FALSE,FALSE
"COPS8",0.01,0.03,0,-0.18,FALSE,FALSE
"MLPH",0.01,0.02,0,-0.16,FALSE,FALSE
"RAMP1",0.01,0.02,0,-0.07,FALSE,FALSE
"SCLY",0.01,0.01,0,-0.05,FALSE,FALSE
"ILKAP",0.01,0.05,0,-0.43,FALSE,FALSE
"COPS9",0.01,0.01,0,-0.02,FALSE,FALSE
"ANKMY1",0.01,0.01,0,-0.02,FALSE,FALSE
"RNPEPL1",0.01,0.04,0,-0.37,FALSE,FALSE
"SNED1",0.01,0.03,0,-0.22,FALSE,FALSE
"PASK",0.01,0.02,0,-0.07,FALSE,FALSE
"FARP2",0.01,0.05,0,-0.38,FALSE,FALSE
"THAP4",0.01,0.03,0,-0.22,FALSE,FALSE
"D2HGDH",0.01,0.01,0,0.11,FALSE,FALSE
"FAM240C",0.01,0.01,0,-0.02,FALSE,FALSE
"TRNT1",0.01,0.03,0,-0.33,FALSE,FALSE
"SUMF1",0.01,0.05,0,-0.35,FALSE,FALSE
"SETMAR",0.01,0.02,0,-0.16,FALSE,FALSE
"LMCD1",0.01,0.02,0,-0.15,FALSE,FALSE
"SRGAP3",0.01,0,0,0.06,FALSE,FALSE
"MTMR14",0.01,0.02,0,-0.04,FALSE,FALSE
"BRPF1",0.01,0.01,0,0,FALSE,FALSE
"CAMK1",0.01,0.01,0,0.02,FALSE,FALSE
"IRAK2",0.01,0,0,0.06,FALSE,FALSE
"TIMP4",0.01,0.01,0,0.07,FALSE,FALSE
"NUP210",0.01,0.02,0,-0.12,FALSE,FALSE
"FGD5",0.01,0.06,0,-0.56,FALSE,FALSE
"METTL6",0.01,0.02,0,-0.16,FALSE,FALSE
"BTD",0.01,0.01,0,0,FALSE,FALSE
"DPH3",0.01,0.02,0,-0.16,FALSE,FALSE
"RAB5A",0.01,0.02,0,-0.1,FALSE,FALSE
"UBE2E1",0.01,0.02,0,-0.2,FALSE,FALSE
"THRB",0.01,0.04,0,-0.37,FALSE,FALSE
"LRRC3B",0.01,0.01,0,0.07,FALSE,FALSE
"SLC4A7",0.01,0.02,0,-0.1,FALSE,FALSE
"EOMES",0.01,0.01,0,0.02,FALSE,FALSE
"CMC1",0.01,0.01,0,0.11,FALSE,FALSE
"CMTM8",0.01,0.03,0,-0.26,FALSE,FALSE
"CMTM7",0.01,0.01,0,-0.05,FALSE,FALSE
"CCR4",0.01,0.02,0,-0.07,FALSE,FALSE
"SUSD5",0.01,0.01,0,-0.06,FALSE,FALSE
"ITGA9",0.01,0.03,0,-0.25,FALSE,FALSE
"PLCD1",0.01,0.03,0,-0.28,FALSE,FALSE
"XYLB",0.01,0,0,0.06,FALSE,FALSE
"TTC21A",0.01,0,0,0.11,FALSE,FALSE
"ZNF619",0.01,0.02,0,-0.13,FALSE,FALSE
"ZNF621",0.01,0.03,0,-0.2,FALSE,FALSE
"SS18L2",0.01,0.03,0,-0.23,FALSE,FALSE
"ZBTB47",0.01,0.01,0,-0.09,FALSE,FALSE
"ZNF662",0.01,0.01,0,-0.05,FALSE,FALSE
"ABHD5",0.01,0.02,0,-0.13,FALSE,FALSE
"ZNF445",0.01,0.03,0,-0.14,FALSE,FALSE
"ZKSCAN7",0.01,0.01,0,-0.09,FALSE,FALSE
"ZNF501",0.01,0.01,0,0.02,FALSE,FALSE
"KIF15",0.01,0.01,0,-0.05,FALSE,FALSE
"LARS2",0.01,0.02,0,-0.2,FALSE,FALSE
"FYCO1",0.01,0.01,0,-0.06,FALSE,FALSE
"CXCR6",0.01,0.02,0,-0.13,FALSE,FALSE
"CCR5",0.01,0.01,0,-0.05,FALSE,FALSE
"LTF",0.01,0.21,0,-1.47,FALSE,FALSE
"KIF9",0.01,0.01,0,-0.02,FALSE,FALSE
"KLHL18",0.01,0.04,0,-0.31,FALSE,FALSE
"CAMP",0.01,0.04,0,-0.39,FALSE,FALSE
"ZNF589",0.01,0.01,0,-0.01,FALSE,FALSE
"PLXNB1",0.01,0.02,0,-0.08,FALSE,FALSE
"TMA7",0.01,0.01,0,-0.05,FALSE,FALSE
"ATRIP",0.01,0.01,0,0.02,FALSE,FALSE
"SLC25A20",0.01,0.03,0,-0.28,FALSE,FALSE
"P4HTM",0.01,0.05,0,-0.48,FALSE,FALSE
"DALRD3",0.01,0.02,0,-0.16,FALSE,FALSE
"CCDC71",0.01,0.02,0,-0.04,FALSE,FALSE
"KLHDC8B",0.01,0.04,0,-0.42,FALSE,FALSE
"AMT",0.01,0.02,0,-0.04,FALSE,FALSE
"NICN1",0.01,0.01,0,-0.02,FALSE,FALSE
"APEH",0.01,0.05,0,-0.35,FALSE,FALSE
"MST1",0.01,0.01,0,-0.05,FALSE,FALSE
"IFRD2",0.01,0.01,0,-0.06,FALSE,FALSE
"TUSC2",0.01,0.03,0,-0.2,FALSE,FALSE
"CISH",0.01,0.03,0,-0.23,FALSE,FALSE
"RRP9",0.01,0.01,0,0.03,FALSE,FALSE
"PARP3",0.01,0.01,0,-0.05,FALSE,FALSE
"PCBP4",0.01,0.02,0,-0.16,FALSE,FALSE
"ACY1",0.01,0.01,0,-0.01,FALSE,FALSE
"DUSP7",0.01,0.04,0,-0.32,FALSE,FALSE
"POC1A",0.01,0.01,0,0.03,FALSE,FALSE
"PPM1M",0.01,0.04,0,-0.29,FALSE,FALSE
"TNNC1",0.01,0.03,0,-0.23,FALSE,FALSE
"NT5DC2",0.01,0.02,0,-0.13,FALSE,FALSE
"NEK4",0.01,0.01,0,-0.01,FALSE,FALSE
"STIMATE",0.01,0.04,0,-0.29,FALSE,FALSE
"RFT1",0.01,0.03,0,-0.22,FALSE,FALSE
"WNT5A",0.01,0.01,0,0.08,FALSE,FALSE
"PDE12",0.01,0.01,0,0.03,FALSE,FALSE
"ACOX2",0.01,0.02,0,-0.04,FALSE,FALSE
"FHIT",0.01,0.01,0,-0.09,FALSE,FALSE
"PRICKLE2",0.01,0.01,0,-0.02,FALSE,FALSE
"ADAMTS9",0.01,0.02,0,-0.07,FALSE,FALSE
"SUCLG2",0.01,0.02,0,-0.12,FALSE,FALSE
"FRMD4B",0.01,0.01,0,0.07,FALSE,FALSE
"SHQ1",0.01,0.03,0,-0.2,FALSE,FALSE
"EBLN2",0.01,0.01,0,0.02,FALSE,FALSE
"PDZRN3",0.01,0.03,0,-0.22,FALSE,FALSE
"HTR1F",0.01,0.01,0,0.02,FALSE,FALSE
"ZNF654",0.01,0.03,0,-0.23,FALSE,FALSE
"EPHA3",0.01,0.02,0,-0.12,FALSE,FALSE
"DHFR2",0.01,0.01,0,0.03,FALSE,FALSE
"ARL6",0.01,0.02,0,-0.08,FALSE,FALSE
"RIOX2",0.01,0.04,0,-0.39,FALSE,FALSE
"CPOX",0.01,0.03,0,-0.17,FALSE,FALSE
"COL8A1",0.01,0.01,0,-0.02,FALSE,FALSE
"CMSS1",0.01,0.03,0,-0.23,FALSE,FALSE
"NIT2",0.01,0.04,0,-0.26,FALSE,FALSE
"TFG",0.01,0.03,0,-0.25,FALSE,FALSE
"SENP7",0.01,0.01,0,-0.05,FALSE,FALSE
"TRMT10C",0.01,0.06,0,-0.49,FALSE,FALSE
"NFKBIZ",0.01,0.04,0,-0.34,FALSE,FALSE
"CIP2A",0.01,0.01,0,-0.06,FALSE,FALSE
"GCSAM",0.01,0.01,0,-0.01,FALSE,FALSE
"CD200",0.01,0.03,0,-0.28,FALSE,FALSE
"CD200R1",0.01,0.01,0,0.02,FALSE,FALSE
"GTPBP8",0.01,0.02,0,-0.04,FALSE,FALSE
"SIDT1",0.01,0.01,0,0.02,FALSE,FALSE
"GRAMD1C",0.01,0.01,0,-0.02,FALSE,FALSE
"QTRT2",0.01,0.03,0,-0.22,FALSE,FALSE
"B4GALT4",0.01,0.01,0,0.07,FALSE,FALSE
"ARHGAP31",0.01,0.02,0,-0.16,FALSE,FALSE
"TMEM39A",0.01,0.04,0,-0.26,FALSE,FALSE
"RABL3",0.01,0.04,0,-0.37,FALSE,FALSE
"HSPBAP1",0.01,0.01,0,-0.09,FALSE,FALSE
"SLC49A4",0.01,0.04,0,-0.26,FALSE,FALSE
"KALRN",0.01,0.02,0,-0.15,FALSE,FALSE
"SLC41A3",0.01,0.03,0,-0.14,FALSE,FALSE
"TXNRD3",0.01,0.02,0,-0.15,FALSE,FALSE
"CHCHD6",0.01,0.02,0,-0.08,FALSE,FALSE
"EEFSEC",0.01,0.01,0,0,FALSE,FALSE
"RPN1",0.01,0.01,0,-0.05,FALSE,FALSE
"TMCC1",0.01,0,0,0.15,FALSE,FALSE
"COL6A6",0.01,0.04,0,-0.29,FALSE,FALSE
"PPP2R3A",0.01,0.01,0,0.04,FALSE,FALSE
"PCCB",0.01,0.02,0,-0.13,FALSE,FALSE
"SLC35G2",0.01,0.03,0,-0.18,FALSE,FALSE
"DZIP1L",0.01,0,0,0.11,FALSE,FALSE
"MRAS",0.01,0.01,0,0.04,FALSE,FALSE
"NMNAT3",0.01,0.04,0,-0.26,FALSE,FALSE
"CLSTN2",0.01,0.03,0,-0.26,FALSE,FALSE
"ATR",0.01,0.03,0,-0.14,FALSE,FALSE
"PCOLCE2",0.01,0,0,0.06,FALSE,FALSE
"PLOD2",0.01,0.01,0,-0.05,FALSE,FALSE
"AGTR1",0.01,0.01,0,-0.05,FALSE,FALSE
"SIAH2",0.01,0.04,0,-0.42,FALSE,FALSE
"GPR87",0.01,0.01,0,0.11,FALSE,FALSE
"ARHGEF26",0.01,0.03,0,-0.23,FALSE,FALSE
"MME",0.01,0.02,0,-0.13,FALSE,FALSE
"C3orf33",0.01,0.01,0,-0.02,FALSE,FALSE
"SSR3",0.01,0.02,0,-0.08,FALSE,FALSE
"RSRC1",0.01,0.03,0,-0.26,FALSE,FALSE
"LXN",0.01,0.03,0,-0.14,FALSE,FALSE
"TRIM59",0.01,0.03,0,-0.25,FALSE,FALSE
"PPM1L",0.01,0.02,0,-0.15,FALSE,FALSE
"BCHE",0.01,0.02,0,-0.16,FALSE,FALSE
"SERPINI1",0.01,0.03,0,-0.14,FALSE,FALSE
"SKIL",0.01,0.02,0,-0.16,FALSE,FALSE
"EIF5A2",0.01,0.01,0,0.07,FALSE,FALSE
"PLD1",0.01,0.01,0,0,FALSE,FALSE
"NCEH1",0.01,0.01,0,-0.01,FALSE,FALSE
"ECT2",0.01,0.02,0,-0.12,FALSE,FALSE
"NAALADL2",0.01,0.03,0,-0.18,FALSE,FALSE
"ZMAT3",0.01,0.06,0,-0.46,FALSE,FALSE
"B3GNT5",0.01,0.02,0,-0.12,FALSE,FALSE
"DVL3",0.01,0.06,0,-0.51,FALSE,FALSE
"PSMD2",0.01,0,0,0.11,FALSE,FALSE
"FAM131A",0.01,0.02,0,-0.16,FALSE,FALSE
"CLCN2",0.01,0.01,0,0.08,FALSE,FALSE
"MAP3K13",0.01,0.03,0,-0.22,FALSE,FALSE
"ATP13A4",0.01,0.01,0,-0.06,FALSE,FALSE
"LSG1",0.01,0.01,0,-0.09,FALSE,FALSE
"XXYLT1",0.01,0.01,0,-0.09,FALSE,FALSE
"MUC20",0.01,0.01,0,-0.02,FALSE,FALSE
"DYNLT2B",0.01,0.03,0,-0.25,FALSE,FALSE
"FBXO45",0.01,0.01,0,-0.06,FALSE,FALSE
"CEP19",0.01,0.01,0,-0.02,FALSE,FALSE
"SENP5",0.01,0.03,0,-0.23,FALSE,FALSE
"BDH1",0.01,0.01,0,0.07,FALSE,FALSE
"DGKQ",0.01,0.01,0,-0.05,FALSE,FALSE
"SPON2",0.01,0.02,0,-0.15,FALSE,FALSE
"HAUS3",0.01,0.03,0,-0.17,FALSE,FALSE
"TNIP2",0.01,0.04,0,-0.26,FALSE,FALSE
"GRK4",0.01,0.01,0,0.04,FALSE,FALSE
"NSG1",0.01,0.01,0,-0.01,FALSE,FALSE
"MRFAP1",0.01,0.01,0,0.03,FALSE,FALSE
"AC093323.1",0.01,0.01,0,0.07,FALSE,FALSE
"BLOC1S4",0.01,0.01,0,0.02,FALSE,FALSE
"KIAA0232",0.01,0.04,0,-0.26,FALSE,FALSE
"SORCS2",0.01,0.02,0,-0.08,FALSE,FALSE
"ABLIM2",0.01,0.03,0,-0.23,FALSE,FALSE
"ACOX3",0.01,0.02,0,-0.13,FALSE,FALSE
"TRMT44",0.01,0.02,0,-0.13,FALSE,FALSE
"SLC2A9",0.01,0.03,0,-0.14,FALSE,FALSE
"WDR1",0.01,0.02,0,-0.15,FALSE,FALSE
"ZNF518B",0.01,0.04,0,-0.34,FALSE,FALSE
"CLNK",0.01,0.02,0,-0.2,FALSE,FALSE
"RAB28",0.01,0.01,0,0.07,FALSE,FALSE
"C1QTNF7",0.01,0.01,0,-0.02,FALSE,FALSE
"TAPT1",0.01,0.04,0,-0.42,FALSE,FALSE
"LCORL",0.01,0.03,0,-0.22,FALSE,FALSE
"PACRGL",0.01,0.03,0,-0.18,FALSE,FALSE
"CCDC149",0.01,0.04,0,-0.37,FALSE,FALSE
"LGI2",0.01,0.02,0,-0.16,FALSE,FALSE
"ZCCHC4",0.01,0.02,0,-0.16,FALSE,FALSE
"TLR10",0.01,0.02,0,-0.2,FALSE,FALSE
"TMEM156",0.01,0.01,0,0.07,FALSE,FALSE
"RFC1",0.01,0.01,0,0.07,FALSE,FALSE
"RBM47",0.01,0.02,0,-0.15,FALSE,FALSE
"COMMD8",0.01,0.02,0,-0.08,FALSE,FALSE
"USP46",0.01,0.03,0,-0.3,FALSE,FALSE
"SCFD2",0.01,0,0,0.06,FALSE,FALSE
"LNX1",0.01,0.01,0,0.02,FALSE,FALSE
"KDR",0.01,0.03,0,-0.3,FALSE,FALSE
"SRD5A3",0.01,0.02,0,-0.2,FALSE,FALSE
"CLOCK",0.01,0.04,0,-0.34,FALSE,FALSE
"CEP135",0.01,0.03,0,-0.23,FALSE,FALSE
"AASDH",0.01,0.01,0,-0.09,FALSE,FALSE
"PPAT",0.01,0.01,0,0.11,FALSE,FALSE
"CENPC",0.01,0.03,0,-0.18,FALSE,FALSE
"STAP1",0.01,0.02,0,-0.2,FALSE,FALSE
"SLC4A4",0.01,0.02,0,-0.1,FALSE,FALSE
"CXCL1",0.01,0.01,0,0.08,FALSE,FALSE
"MTHFD2L",0.01,0.01,0,-0.02,FALSE,FALSE
"NAAA",0.01,0.03,0,-0.23,FALSE,FALSE
"SDAD1",0.01,0,0,0.06,FALSE,FALSE
"CXCL9",0.01,0.05,0,-0.48,FALSE,FALSE
"STBD1",0.01,0.01,0,-0.02,FALSE,FALSE
"FRAS1",0.01,0.03,0,-0.14,FALSE,FALSE
"SCD5",0.01,0,0,0.06,FALSE,FALSE
"HPSE",0.01,0.01,0,-0.05,FALSE,FALSE
"CDS1",0.01,0.02,0,-0.2,FALSE,FALSE
"WDFY3",0.01,0.03,0,-0.14,FALSE,FALSE
"MAPK10",0.01,0.03,0,-0.28,FALSE,FALSE
"KLHL8",0.01,0.03,0,-0.26,FALSE,FALSE
"TIGD2",0.01,0.01,0,0.02,FALSE,FALSE
"GPRIN3",0.01,0.01,0,0.04,FALSE,FALSE
"PDLIM5",0.01,0.02,0,-0.2,FALSE,FALSE
"UNC5C",0.01,0.03,0,-0.14,FALSE,FALSE
"H2AZ1",0.01,0.02,0,-0.13,FALSE,FALSE
"DDIT4L",0.01,0.01,0,-0.06,FALSE,FALSE
"CISD2",0.01,0.03,0,-0.17,FALSE,FALSE
"SLC9B2",0.01,0.02,0,-0.13,FALSE,FALSE
"CENPE",0.01,0.03,0,-0.14,FALSE,FALSE
"COL25A1",0.01,0.01,0,-0.09,FALSE,FALSE
"CASP6",0.01,0.03,0,-0.23,FALSE,FALSE
"GAR1",0.01,0.01,0,0,FALSE,FALSE
"AP1AR",0.01,0.04,0,-0.29,FALSE,FALSE
"CAMK2D",0.01,0.03,0,-0.28,FALSE,FALSE
"UGT8",0.01,0.01,0,-0.06,FALSE,FALSE
"PRSS12",0.01,0.01,0,0.07,FALSE,FALSE
"SEC24D",0.01,0.04,0,-0.39,FALSE,FALSE
"NDNF",0.01,0.01,0,-0.02,FALSE,FALSE
"BBS7",0.01,0.04,0,-0.26,FALSE,FALSE
"BBS12",0.01,0.01,0,-0.01,FALSE,FALSE
"FAT4",0.01,0.04,0,-0.31,FALSE,FALSE
"INTU",0.01,0.02,0,-0.15,FALSE,FALSE
"LARP1B",0.01,0.01,0,-0.01,FALSE,FALSE
"C4orf33",0.01,0.01,0,0.02,FALSE,FALSE
"PABPC4L",0.01,0.01,0,-0.02,FALSE,FALSE
"PCDH18",0.01,0.01,0,0,FALSE,FALSE
"RAB33B",0.01,0.02,0,-0.1,FALSE,FALSE
"TBC1D9",0.01,0.01,0,-0.06,FALSE,FALSE
"IL15",0.01,0.02,0,-0.13,FALSE,FALSE
"GAB1",0.01,0,0,0.06,FALSE,FALSE
"ANAPC10",0.01,0.01,0,0.03,FALSE,FALSE
"TMEM184C",0.01,0.01,0,0.02,FALSE,FALSE
"NR3C2",0.01,0.03,0,-0.14,FALSE,FALSE
"SH3D19",0.01,0.01,0,-0.05,FALSE,FALSE
"FAM160A1",0.01,0.01,0,0,FALSE,FALSE
"GATB",0.01,0.02,0,-0.2,FALSE,FALSE
"TMEM154",0.01,0.02,0,-0.13,FALSE,FALSE
"TRIM2",0.01,0.02,0,-0.13,FALSE,FALSE
"NAF1",0.01,0.01,0,0.02,FALSE,FALSE
"MARCHF1",0.01,0,0,0.06,FALSE,FALSE
"KLHL2",0.01,0.03,0,-0.17,FALSE,FALSE
"DDX60",0.01,0.03,0,-0.18,FALSE,FALSE
"SH3RF1",0.01,0.01,0,-0.05,FALSE,FALSE
"NEK1",0.01,0.03,0,-0.3,FALSE,FALSE
"AADAT",0.01,0.02,0,-0.16,FALSE,FALSE
"FBXO8",0.01,0.04,0,-0.26,FALSE,FALSE
"WDR17",0.01,0.01,0,-0.06,FALSE,FALSE
"NEIL3",0.01,0.03,0,-0.23,FALSE,FALSE
"WWC2",0.01,0.02,0,-0.13,FALSE,FALSE
"ING2",0.01,0.04,0,-0.26,FALSE,FALSE
"RWDD4",0.01,0.01,0,-0.09,FALSE,FALSE
"STOX2",0.01,0.02,0,-0.08,FALSE,FALSE
"CASP3",0.01,0.03,0,-0.14,FALSE,FALSE
"PRIMPOL",0.01,0.02,0,-0.2,FALSE,FALSE
"ACSL1",0.01,0.01,0,0.03,FALSE,FALSE
"ANKRD37",0.01,0.03,0,-0.14,FALSE,FALSE
"TLR3",0.01,0.01,0,0.08,FALSE,FALSE
"CCDC127",0.01,0.01,0,-0.05,FALSE,FALSE
"SDHA",0.01,0.03,0,-0.22,FALSE,FALSE
"CEP72",0.01,0.01,0,0,FALSE,FALSE
"NKD2",0.01,0.05,0,-0.45,FALSE,FALSE
"IRX2",0.01,0.01,0,0.02,FALSE,FALSE
"SRD5A1",0.01,0.02,0,-0.07,FALSE,FALSE
"FASTKD3",0.01,0.01,0,-0.05,FALSE,FALSE
"MYO10",0.01,0.01,0,-0.06,FALSE,FALSE
"CDH6",0.01,0.01,0,-0.02,FALSE,FALSE
"DROSHA",0.01,0.03,0,-0.22,FALSE,FALSE
"AMACR",0.01,0.02,0,-0.15,FALSE,FALSE
"RAD1",0.01,0.02,0,-0.08,FALSE,FALSE
"SPEF2",0.01,0.02,0,-0.2,FALSE,FALSE
"DAB2",0.01,0.07,0,-0.63,FALSE,FALSE
"CARD6",0.01,0.02,0,-0.13,FALSE,FALSE
"C5orf51",0.01,0.03,0,-0.2,FALSE,FALSE
"CCDC152",0.01,0.01,0,-0.01,FALSE,FALSE
"ANXA2R",0.01,0.01,0,-0.02,FALSE,FALSE
"TMEM267",0.01,0.01,0,0.07,FALSE,FALSE
"EMB",0.01,0.01,0,0.07,FALSE,FALSE
"ITGA1",0.01,0.02,0,-0.13,FALSE,FALSE
"PELO",0.01,0.03,0,-0.18,FALSE,FALSE
"FST",0.01,0.02,0,-0.13,FALSE,FALSE
"GPX8",0.01,0.02,0,-0.08,FALSE,FALSE
"DEPDC1B",0.01,0.01,0,0.08,FALSE,FALSE
"NDUFAF2",0.01,0.05,0,-0.4,FALSE,FALSE
"ZSWIM6",0.01,0.02,0,-0.04,FALSE,FALSE
"IPO11",0.01,0.03,0,-0.14,FALSE,FALSE
"SREK1IP1",0.01,0.01,0,-0.09,FALSE,FALSE
"SGTB",0.01,0.04,0,-0.26,FALSE,FALSE
"NLN",0.01,0.01,0,-0.02,FALSE,FALSE
"CDK7",0.01,0.02,0,-0.07,FALSE,FALSE
"CCDC125",0.01,0.03,0,-0.3,FALSE,FALSE
"AK6",0.01,0.01,0,0.08,FALSE,FALSE
"RAD17",0.01,0.01,0,0.02,FALSE,FALSE
"MARVELD2",0.01,0.01,0,-0.02,FALSE,FALSE
"OCLN",0.01,0.01,0,0.02,FALSE,FALSE
"PTCD2",0.01,0.02,0,-0.16,FALSE,FALSE
"ZNF366",0.01,0.01,0,-0.01,FALSE,FALSE
"FCHO2",0.01,0.03,0,-0.23,FALSE,FALSE
"ARHGEF28",0.01,0.02,0,-0.16,FALSE,FALSE
"GCNT4",0.01,0.01,0,0,FALSE,FALSE
"HMGCR",0.01,0.03,0,-0.18,FALSE,FALSE
"POC5",0.01,0.01,0,0.03,FALSE,FALSE
"IQGAP2",0.01,0.04,0,-0.31,FALSE,FALSE
"ZBED3",0.01,0.01,0,0.04,FALSE,FALSE
"WDR41",0.01,0.03,0,-0.14,FALSE,FALSE
"SCAMP1",0.01,0.02,0,-0.16,FALSE,FALSE
"LHFPL2",0.01,0.02,0,-0.1,FALSE,FALSE
"BHMT2",0.01,0.01,0,-0.01,FALSE,FALSE
"CMYA5",0.01,0.02,0,-0.04,FALSE,FALSE
"THBS4",0.01,0.04,0,-0.42,FALSE,FALSE
"SERINC5",0.01,0.04,0,-0.29,FALSE,FALSE
"DHFR",0.01,0.03,0,-0.18,FALSE,FALSE
"MSH3",0.01,0.03,0,-0.25,FALSE,FALSE
"RASGRF2",0.01,0.01,0,-0.02,FALSE,FALSE
"ATP6AP1L",0.01,0.02,0,-0.2,FALSE,FALSE
"XRCC4",0.01,0.01,0,0.08,FALSE,FALSE
"MEF2C",0.01,0.06,0,-0.58,FALSE,FALSE
"CETN3",0.01,0.01,0,0,FALSE,FALSE
"ADGRV1",0.01,0.01,0,-0.02,FALSE,FALSE
"NR2F1",0.01,0.01,0,-0.05,FALSE,FALSE
"KIAA0825",0.01,0.01,0,-0.09,FALSE,FALSE
"MCTP1",0.01,0.05,0,-0.38,FALSE,FALSE
"RGMB",0.01,0.03,0,-0.23,FALSE,FALSE
"GIN1",0.01,0.02,0,-0.08,FALSE,FALSE
"TMEM232",0.01,0.01,0,0.07,FALSE,FALSE
"TRIM36",0.01,0.01,0,-0.06,FALSE,FALSE
"PGGT1B",0.01,0.01,0,-0.09,FALSE,FALSE
"FEM1C",0.01,0.01,0,-0.05,FALSE,FALSE
"COMMD10",0.01,0.02,0,-0.12,FALSE,FALSE
"SEMA6A",0.01,0.02,0,-0.2,FALSE,FALSE
"DMXL1",0.01,0.03,0,-0.14,FALSE,FALSE
"LOX",0.01,0.02,0,-0.13,FALSE,FALSE
"SNX24",0.01,0.02,0,-0.15,FALSE,FALSE
"ZNF608",0.01,0.01,0,0.02,FALSE,FALSE
"PHAX",0.01,0.04,0,-0.37,FALSE,FALSE
"SLC27A6",0.01,0.02,0,-0.08,FALSE,FALSE
"LYRM7",0.01,0.04,0,-0.39,FALSE,FALSE
"SOWAHA",0.01,0.01,0,-0.09,FALSE,FALSE
"SHROOM1",0.01,0.01,0,-0.09,FALSE,FALSE
"PPP2CA",0.01,0.02,0,-0.04,FALSE,FALSE
"JADE2",0.01,0.03,0,-0.14,FALSE,FALSE
"KLHL3",0.01,0.03,0,-0.14,FALSE,FALSE
"NME5",0.01,0.01,0,-0.05,FALSE,FALSE
"KIF20A",0.01,0,0,0.15,FALSE,FALSE
"CDC23",0.01,0.01,0,-0.09,FALSE,FALSE
"GFRA3",0.01,0.01,0,-0.06,FALSE,FALSE
"CDC25C",0.01,0.01,0,0.07,FALSE,FALSE
"PAIP2",0.01,0.02,0,-0.13,FALSE,FALSE
"DNAJC18",0.01,0.02,0,-0.15,FALSE,FALSE
"IGIP",0.01,0.03,0,-0.33,FALSE,FALSE
"PFDN1",0.01,0.01,0,-0.05,FALSE,FALSE
"TMCO6",0.01,0,0,0.15,FALSE,FALSE
"PCDHGA2",0.01,0.01,0,0.02,FALSE,FALSE
"PCDHGA5",0.01,0.02,0,-0.15,FALSE,FALSE
"PCDHGB6",0.01,0.01,0,-0.02,FALSE,FALSE
"PCDHGA10",0.01,0.01,0,0.07,FALSE,FALSE
"PCDHGA12",0.01,0.02,0,-0.13,FALSE,FALSE
"DIAPH1",0.01,0.05,0,-0.4,FALSE,FALSE
"PRELID2",0.01,0.01,0,0.02,FALSE,FALSE
"GRXCR2",0.01,0.02,0,-0.13,FALSE,FALSE
"SH3RF2",0.01,0.02,0,-0.13,FALSE,FALSE
"PPP2R2B",0.01,0.01,0,-0.01,FALSE,FALSE
"SPINK5",0.01,0.02,0,-0.08,FALSE,FALSE
"ADRB2",0.01,0.02,0,-0.15,FALSE,FALSE
"ABLIM3",0.01,0.02,0,-0.16,FALSE,FALSE
"AFAP1L1",0.01,0.01,0,-0.01,FALSE,FALSE
"GRPEL2",0.01,0.02,0,-0.12,FALSE,FALSE
"PCYOX1L",0.01,0,0,0.06,FALSE,FALSE
"PPARGC1B",0.01,0.01,0,-0.02,FALSE,FALSE
"SLC26A2",0.01,0.03,0,-0.2,FALSE,FALSE
"HMGXB3",0.01,0.01,0,0.07,FALSE,FALSE
"NDST1",0.01,0.04,0,-0.29,FALSE,FALSE
"GM2A",0.01,0.01,0,0.04,FALSE,FALSE
"GEMIN5",0.01,0.02,0,-0.04,FALSE,FALSE
"MED7",0.01,0.02,0,-0.1,FALSE,FALSE
"ADAM19",0.01,0.03,0,-0.23,FALSE,FALSE
"ZBED8",0.01,0.01,0,0.08,FALSE,FALSE
"PANK3",0.01,0.02,0,-0.08,FALSE,FALSE
"INSYN2B",0.01,0.01,0,-0.09,FALSE,FALSE
"KCNMB1",0.01,0.01,0,-0.01,FALSE,FALSE
"RANBP17",0.01,0.01,0,0.02,FALSE,FALSE
"FBXW11",0.01,0.07,0,-0.54,FALSE,FALSE
"STK10",0.01,0.05,0,-0.45,FALSE,FALSE
"TSPAN17",0.01,0.01,0,0.07,FALSE,FALSE
"UIMC1",0.01,0.01,0,0.08,FALSE,FALSE
"RGS14",0.01,0.03,0,-0.25,FALSE,FALSE
"GRK6",0.01,0.05,0,-0.45,FALSE,FALSE
"DBN1",0.01,0.01,0,-0.09,FALSE,FALSE
"ZNF354C",0.01,0.01,0,-0.01,FALSE,FALSE
"CANX",0.01,0.04,0,-0.32,FALSE,FALSE
"RNF130",0.01,0.02,0,-0.04,FALSE,FALSE
"GFPT2",0.01,0.01,0,-0.05,FALSE,FALSE
"FLT4",0.01,0.02,0,-0.13,FALSE,FALSE
"IRF4",0.01,0.04,0,-0.39,FALSE,FALSE
"RIPK1",0.01,0.02,0,-0.07,FALSE,FALSE
"PXDC1",0.01,0.01,0,-0.01,FALSE,FALSE
"CDYL",0.01,0.01,0,0.03,FALSE,FALSE
"LYRM4",0.01,0.02,0,-0.16,FALSE,FALSE
"FARS2",0.01,0,0,0.06,FALSE,FALSE
"LY86",0.01,0.02,0,-0.08,FALSE,FALSE
"RREB1",0.01,0.04,0,-0.34,FALSE,FALSE
"RIOK1",0.01,0.05,0,-0.35,FALSE,FALSE
"SLC35B3",0.01,0.03,0,-0.23,FALSE,FALSE
"PHACTR1",0.01,0.02,0,-0.12,FALSE,FALSE
"GFOD1",0.01,0.02,0,-0.2,FALSE,FALSE
"SIRT5",0.01,0.04,0,-0.36,FALSE,FALSE
"MCUR1",0.01,0.03,0,-0.22,FALSE,FALSE
"CD83",0.01,0.03,0,-0.28,FALSE,FALSE
"JARID2",0.01,0.03,0,-0.14,FALSE,FALSE
"GMPR",0.01,0.02,0,-0.12,FALSE,FALSE
"ATXN1",0.01,0.02,0,-0.15,FALSE,FALSE
"CAP2",0.01,0.02,0,-0.08,FALSE,FALSE
"RNF144B",0.01,0.03,0,-0.22,FALSE,FALSE
"CDKAL1",0.01,0.05,0,-0.47,FALSE,FALSE
"GMNN",0.01,0.03,0,-0.14,FALSE,FALSE
"H2AC6",0.01,0.01,0,0.07,FALSE,FALSE
"H2AC8",0.01,0.02,0,-0.04,FALSE,FALSE
"ZNF322",0.01,0.01,0,-0.06,FALSE,FALSE
"ZSCAN16",0.01,0.01,0,-0.06,FALSE,FALSE
"ZKSCAN8",0.01,0.03,0,-0.25,FALSE,FALSE
"ZSCAN26",0.01,0.02,0,-0.13,FALSE,FALSE
"ZKSCAN3",0.01,0.02,0,-0.12,FALSE,FALSE
"POLR1H",0.01,0.05,0,-0.38,FALSE,FALSE
"ATAT1",0.01,0.02,0,-0.08,FALSE,FALSE
"NRM",0.01,0.02,0,-0.13,FALSE,FALSE
"IER3",0.01,0.01,0,0,FALSE,FALSE
"LST1",0.01,0.01,0,0.03,FALSE,FALSE
"C6orf47",0.01,0.01,0,0.04,FALSE,FALSE
"VARS1",0.01,0.05,0,-0.35,FALSE,FALSE
"NEU1",0.01,0.03,0,-0.26,FALSE,FALSE
"C2",0.01,0.01,0,-0.05,FALSE,FALSE
"STK19",0.01,0.03,0,-0.23,FALSE,FALSE
"PRRT1",0.01,0.01,0,0.07,FALSE,FALSE
"PPT2",0.01,0.03,0,-0.14,FALSE,FALSE
"AGER",0.01,0.03,0,-0.25,FALSE,FALSE
"ZBTB22",0.01,0.05,0,-0.4,FALSE,FALSE
"ITPR3",0.01,0.03,0,-0.33,FALSE,FALSE
"SMIM29",0.01,0.03,0,-0.26,FALSE,FALSE
"ILRUN",0.01,0.04,0,-0.31,FALSE,FALSE
"TEAD3",0.01,0.02,0,-0.1,FALSE,FALSE
"BRPF3",0.01,0.04,0,-0.26,FALSE,FALSE
"FGD2",0.01,0.05,0,-0.35,FALSE,FALSE
"DAAM2",0.01,0.01,0,-0.01,FALSE,FALSE
"TFEB",0.01,0.06,0,-0.58,FALSE,FALSE
"C6orf226",0.01,0.01,0,0.04,FALSE,FALSE
"CUL9",0.01,0.03,0,-0.17,FALSE,FALSE
"DLK2",0.01,0.03,0,-0.23,FALSE,FALSE
"POLR1C",0.01,0.01,0,-0.06,FALSE,FALSE
"MAD2L1BP",0.01,0.02,0,-0.15,FALSE,FALSE
"VEGFA",0.01,0.03,0,-0.28,FALSE,FALSE
"SUPT3H",0.01,0.04,0,-0.34,FALSE,FALSE
"CLIC5",0.01,0.02,0,-0.13,FALSE,FALSE
"ADGRF5",0.01,0.05,0,-0.45,FALSE,FALSE
"CENPQ",0.01,0.01,0,-0.06,FALSE,FALSE
"C6orf141",0.01,0.01,0,-0.05,FALSE,FALSE
"EFHC1",0.01,0.02,0,-0.16,FALSE,FALSE
"COL21A1",0.01,0.02,0,-0.13,FALSE,FALSE
"KIAA1586",0.01,0.02,0,-0.1,FALSE,FALSE
"RAB23",0.01,0.02,0,-0.15,FALSE,FALSE
"PRIM2",0.01,0,0,0.1,FALSE,FALSE
"KHDRBS2",0.01,0,0,0.15,FALSE,FALSE
"CGAS",0.01,0.02,0,-0.04,FALSE,FALSE
"SLC17A5",0.01,0.01,0,0.03,FALSE,FALSE
"CD109",0.01,0.01,0,-0.02,FALSE,FALSE
"FILIP1",0.01,0.02,0,-0.13,FALSE,FALSE
"TPBG",0.01,0.03,0,-0.26,FALSE,FALSE
"DOP1A",0.01,0.01,0,0.02,FALSE,FALSE
"PGM3",0.01,0.03,0,-0.23,FALSE,FALSE
"RWDD2A",0.01,0,0,0.06,FALSE,FALSE
"ME1",0.01,0.02,0,-0.08,FALSE,FALSE
"CEP162",0.01,0.03,0,-0.26,FALSE,FALSE
"C6orf163",0.01,0.01,0,0.08,FALSE,FALSE
"SLC35A1",0.01,0.05,0,-0.43,FALSE,FALSE
"CNR1",0.01,0,0,0.11,FALSE,FALSE
"RRAGD",0.01,0.01,0,-0.05,FALSE,FALSE
"MDN1",0.01,0.02,0,-0.08,FALSE,FALSE
"BACH2",0.01,0.01,0,-0.01,FALSE,FALSE
"MANEA",0.01,0.03,0,-0.17,FALSE,FALSE
"UFL1",0.01,0.01,0,-0.09,FALSE,FALSE
"FAXC",0.01,0.03,0,-0.28,FALSE,FALSE
"ASCC3",0.01,0.02,0,-0.04,FALSE,FALSE
"PRDM1",0.01,0.05,0,-0.35,FALSE,FALSE
"CRYBG1",0.01,0.03,0,-0.33,FALSE,FALSE
"SOBP",0.01,0.03,0,-0.14,FALSE,FALSE
"SCML4",0.01,0.02,0,-0.1,FALSE,FALSE
"OSTM1",0.01,0.02,0,-0.1,FALSE,FALSE
"SMPD2",0.01,0.01,0,-0.05,FALSE,FALSE
"AK9",0.01,0.02,0,-0.12,FALSE,FALSE
"AMD1",0.01,0.03,0,-0.23,FALSE,FALSE
"TUBE1",0.01,0.02,0,-0.1,FALSE,FALSE
"FAM229B",0.01,0.03,0,-0.14,FALSE,FALSE
"FRK",0.01,0.01,0,-0.02,FALSE,FALSE
"ZUP1",0.01,0.02,0,-0.04,FALSE,FALSE
"FAM162B",0.01,0,0,0.15,FALSE,FALSE
"DCBLD1",0.01,0.02,0,-0.07,FALSE,FALSE
"HSF2",0.01,0.01,0,0.07,FALSE,FALSE
"TPD52L1",0.01,0.02,0,-0.04,FALSE,FALSE
"HINT3",0.01,0.03,0,-0.2,FALSE,FALSE
"TRMT11",0.01,0.01,0,-0.05,FALSE,FALSE
"CENPW",0.01,0.01,0,0.04,FALSE,FALSE
"ARHGAP18",0.01,0.04,0,-0.39,FALSE,FALSE
"L3MBTL3",0.01,0.02,0,-0.13,FALSE,FALSE
"SAMD3",0.01,0.04,0,-0.26,FALSE,FALSE
"TBPL1",0.01,0.02,0,-0.13,FALSE,FALSE
"AHI1",0.01,0.01,0,0.08,FALSE,FALSE
"PDE7B",0.01,0.05,0,-0.4,FALSE,FALSE
"MAP7",0.01,0.02,0,-0.08,FALSE,FALSE
"VTA1",0.01,0.02,0,-0.15,FALSE,FALSE
"ADGRG6",0.01,0.02,0,-0.15,FALSE,FALSE
"ADAT2",0.01,0.02,0,-0.12,FALSE,FALSE
"PHACTR2",0.01,0.03,0,-0.22,FALSE,FALSE
"LTV1",0.01,0.05,0,-0.35,FALSE,FALSE
"EPM2A",0.01,0.01,0,-0.02,FALSE,FALSE
"FBXO30",0.01,0.01,0,-0.01,FALSE,FALSE
"PPIL4",0.01,0.01,0,-0.01,FALSE,FALSE
"ZBTB2",0.01,0.04,0,-0.26,FALSE,FALSE
"RMND1",0.01,0.02,0,-0.16,FALSE,FALSE
"ARMT1",0.01,0.02,0,-0.07,FALSE,FALSE
"ESR1",0.01,0.01,0,0.03,FALSE,FALSE
"FBXO5",0.01,0.02,0,-0.08,FALSE,FALSE
"RGS17",0.01,0.01,0,0.07,FALSE,FALSE
"IPCEF1",0.01,0.04,0,-0.26,FALSE,FALSE
"CNKSR3",0.01,0.02,0,-0.13,FALSE,FALSE
"TFB1M",0.01,0.02,0,-0.08,FALSE,FALSE
"SNX9",0.01,0.05,0,-0.45,FALSE,FALSE
"SERAC1",0.01,0.01,0,-0.06,FALSE,FALSE
"SYTL3",0.01,0.02,0,-0.13,FALSE,FALSE
"RSPH3",0.01,0.02,0,-0.2,FALSE,FALSE
"TCP1",0.01,0.01,0,-0.05,FALSE,FALSE
"SLC22A3",0.01,0,0,0.15,FALSE,FALSE
"PRKN",0.01,0.03,0,-0.14,FALSE,FALSE
"SFT2D1",0.01,0.01,0,0.02,FALSE,FALSE
"CEP43",0.01,0.04,0,-0.31,FALSE,FALSE
"CCR6",0.01,0.01,0,-0.06,FALSE,FALSE
"TBP",0.01,0.03,0,-0.14,FALSE,FALSE
"FAM20C",0.01,0.02,0,-0.07,FALSE,FALSE
"DNAAF5",0.01,0.03,0,-0.22,FALSE,FALSE
"COX19",0.01,0.04,0,-0.32,FALSE,FALSE
"GPR146",0.01,0,0,0.06,FALSE,FALSE
"NUDT1",0.01,0.03,0,-0.2,FALSE,FALSE
"IQCE",0.01,0.02,0,-0.16,FALSE,FALSE
"CARD11",0.01,0.02,0,-0.2,FALSE,FALSE
"RBAK",0.01,0.02,0,-0.1,FALSE,FALSE
"FSCN1",0.01,0.02,0,-0.07,FALSE,FALSE
"RNF216",0.01,0.03,0,-0.17,FALSE,FALSE
"DAGLB",0.01,0.02,0,-0.07,FALSE,FALSE
"ZDHHC4",0.01,0.03,0,-0.33,FALSE,FALSE
"ZNF12",0.01,0.04,0,-0.34,FALSE,FALSE
"ETV1",0.01,0,0,0.06,FALSE,FALSE
"ANKMY2",0.01,0.02,0,-0.1,FALSE,FALSE
"HDAC9",0.01,0.04,0,-0.26,FALSE,FALSE
"POLR1F",0.01,0.01,0,-0.01,FALSE,FALSE
"CDCA7L",0.01,0.02,0,-0.15,FALSE,FALSE
"KLHL7",0.01,0.01,0,0.07,FALSE,FALSE
"NUP42",0.01,0.01,0,-0.01,FALSE,FALSE
"MPP6",0.01,0.01,0,0.04,FALSE,FALSE
"OSBPL3",0.01,0.01,0,0.07,FALSE,FALSE
"NFE2L3",0.01,0.01,0,0.07,FALSE,FALSE
"SNX10",0.01,0.01,0,-0.09,FALSE,FALSE
"CREB5",0.01,0.04,0,-0.37,FALSE,FALSE
"WIPF3",0.01,0.01,0,-0.02,FALSE,FALSE
"MTURN",0.01,0.05,0,-0.35,FALSE,FALSE
"NOD1",0.01,0.01,0,-0.02,FALSE,FALSE
"GGCT",0.01,0.03,0,-0.23,FALSE,FALSE
"LSM5",0.01,0.04,0,-0.39,FALSE,FALSE
"NT5C3A",0.01,0.01,0,0.08,FALSE,FALSE
"DPY19L1",0.01,0.01,0,0.03,FALSE,FALSE
"ANLN",0.01,0.02,0,-0.13,FALSE,FALSE
"ELMO1",0.01,0.04,0,-0.26,FALSE,FALSE
"STK17A",0.01,0.03,0,-0.17,FALSE,FALSE
"UBE2D4",0.01,0.02,0,-0.1,FALSE,FALSE
"PGAM2",0.01,0.02,0,-0.08,FALSE,FALSE
"TBRG4",0.01,0.03,0,-0.17,FALSE,FALSE
"TNS3",0.01,0.04,0,-0.34,FALSE,FALSE
"FIGNL1",0.01,0,0,0.15,FALSE,FALSE
"GRB10",0.01,0.01,0,0.03,FALSE,FALSE
"ZNF713",0.01,0.01,0,0,FALSE,FALSE
"PSPH",0.01,0.03,0,-0.23,FALSE,FALSE
"ZNF680",0.01,0.03,0,-0.14,FALSE,FALSE
"ZNF107",0.01,0.01,0,-0.05,FALSE,FALSE
"ZNF138",0.01,0.02,0,-0.12,FALSE,FALSE
"VKORC1L1",0.01,0.02,0,-0.08,FALSE,FALSE
"ASL",0.01,0.01,0,0.11,FALSE,FALSE
"TPST1",0.01,0,0,0.15,FALSE,FALSE
"RABGEF1",0.01,0.03,0,-0.2,FALSE,FALSE
"NSUN5",0.01,0.01,0,0.04,FALSE,FALSE
"LAT2",0.01,0.02,0,-0.1,FALSE,FALSE
"GTF2IRD1",0.01,0.01,0,-0.05,FALSE,FALSE
"TMEM120A",0.01,0.01,0,0.02,FALSE,FALSE
"STYXL1",0.01,0.01,0,-0.05,FALSE,FALSE
"CCDC146",0.01,0.01,0,0.02,FALSE,FALSE
"GSAP",0.01,0.03,0,-0.14,FALSE,FALSE
"TMEM60",0.01,0.01,0,-0.09,FALSE,FALSE
"PHTF2",0.01,0.05,0,-0.41,FALSE,FALSE
"GNAI1",0.01,0.03,0,-0.25,FALSE,FALSE
"SEMA3C",0.01,0.01,0,-0.01,FALSE,FALSE
"PCLO",0.01,0.01,0,-0.05,FALSE,FALSE
"SEMA3E",0.01,0.03,0,-0.18,FALSE,FALSE
"ABCB1",0.01,0.01,0,-0.09,FALSE,FALSE
"SLC25A40",0.01,0.03,0,-0.14,FALSE,FALSE
"DBF4",0.01,0.02,0,-0.12,FALSE,FALSE
"ADAM22",0.01,0.03,0,-0.14,FALSE,FALSE
"CFAP69",0.01,0.01,0,-0.02,FALSE,FALSE
"CLDN12",0.01,0.04,0,-0.29,FALSE,FALSE
"FZD1",0.01,0.01,0,-0.05,FALSE,FALSE
"CYP51A1",0.01,0.01,0,-0.05,FALSE,FALSE
"GATAD1",0.01,0.03,0,-0.26,FALSE,FALSE
"PEX1",0.01,0.01,0,0,FALSE,FALSE
"SAMD9L",0.01,0.04,0,-0.32,FALSE,FALSE
"BET1",0.01,0.03,0,-0.23,FALSE,FALSE
"PON1",0.01,0.01,0,-0.02,FALSE,FALSE
"PON3",0.01,0.02,0,-0.08,FALSE,FALSE
"DYNC1I1",0.01,0.03,0,-0.18,FALSE,FALSE
"SLC25A13",0.01,0.02,0,-0.12,FALSE,FALSE
"LMTK2",0.01,0.01,0,0,FALSE,FALSE
"BAIAP2L1",0.01,0.01,0,-0.06,FALSE,FALSE
"SMURF1",0.01,0.01,0,0,FALSE,FALSE
"ARPC1A",0.01,0.01,0,-0.01,FALSE,FALSE
"PTCD1",0.01,0.01,0,-0.02,FALSE,FALSE
"ZNF789",0.01,0.01,0,0.11,FALSE,FALSE
"ZKSCAN5",0.01,0.02,0,-0.13,FALSE,FALSE
"ZNF3",0.01,0.02,0,-0.08,FALSE,FALSE
"ZCWPW1",0.01,0.01,0,-0.06,FALSE,FALSE
"AGFG2",0.01,0,0,0.15,FALSE,FALSE
"SAP25",0.01,0.02,0,-0.08,FALSE,FALSE
"MOSPD3",0.01,0.02,0,-0.16,FALSE,FALSE
"SERPINE1",0.01,0.01,0,-0.06,FALSE,FALSE
"CLDN15",0.01,0.03,0,-0.28,FALSE,FALSE
"ORAI2",0.01,0.01,0,-0.06,FALSE,FALSE
"LRWD1",0.01,0.02,0,-0.04,FALSE,FALSE
"FBXL13",0.01,0.02,0,-0.08,FALSE,FALSE
"NAPEPLD",0.01,0.01,0,-0.02,FALSE,FALSE
"ORC5",0.01,0.02,0,-0.08,FALSE,FALSE
"PUS7",0.01,0.02,0,-0.2,FALSE,FALSE
"RINT1",0.01,0.03,0,-0.26,FALSE,FALSE
"CCDC71L",0.01,0.03,0,-0.18,FALSE,FALSE
"NRCAM",0.01,0.03,0,-0.25,FALSE,FALSE
"LRRN3",0.01,0.02,0,-0.16,FALSE,FALSE
"DOCK4",0.01,0.02,0,-0.16,FALSE,FALSE
"BMT2",0.01,0.01,0,0.08,FALSE,FALSE
"ST7",0.01,0.02,0,-0.15,FALSE,FALSE
"CTTNBP2",0.01,0.01,0,0,FALSE,FALSE
"FLNC",0.01,0.01,0,-0.02,FALSE,FALSE
"TSPAN33",0.01,0.01,0,0.04,FALSE,FALSE
"SMO",0.01,0.01,0,-0.09,FALSE,FALSE
"STRIP2",0.01,0.01,0,0.08,FALSE,FALSE
"NRF1",0.01,0.05,0,-0.41,FALSE,FALSE
"CEP41",0.01,0.01,0,-0.05,FALSE,FALSE
"PODXL",0.01,0.06,0,-0.53,FALSE,FALSE
"CHCHD3",0.01,0.03,0,-0.22,FALSE,FALSE
"SLC35B4",0.01,0.01,0,0.04,FALSE,FALSE
"BPGM",0.01,0.05,0,-0.43,FALSE,FALSE
"CYREN",0.01,0.04,0,-0.29,FALSE,FALSE
"KIAA1549",0.01,0.01,0,0.07,FALSE,FALSE
"ZC3HAV1L",0.01,0.01,0,-0.02,FALSE,FALSE
"KLRG2",0.01,0.02,0,-0.07,FALSE,FALSE
"HIPK2",0.01,0.02,0,-0.1,FALSE,FALSE
"DENND2A",0.01,0,0,0.06,FALSE,FALSE
"ADCK2",0.01,0.01,0,0.08,FALSE,FALSE
"TMEM178B",0.01,0.02,0,-0.07,FALSE,FALSE
"ARHGEF35",0.01,0.01,0,0.07,FALSE,FALSE
"ARHGEF5",0.01,0.01,0,0.07,FALSE,FALSE
"CNTNAP2",0.01,0.01,0,0.08,FALSE,FALSE
"CUL1",0.01,0.07,0,-0.59,FALSE,FALSE
"ZNF398",0.01,0.03,0,-0.2,FALSE,FALSE
"ZNF212",0.01,0.03,0,-0.25,FALSE,FALSE
"ZNF862",0.01,0.01,0,0.08,FALSE,FALSE
"ZBED6CL",0.01,0.01,0,0.03,FALSE,FALSE
"RARRES2",0.01,0.01,0,0.07,FALSE,FALSE
"GIMAP1",0.01,0.05,0,-0.43,FALSE,FALSE
"GIMAP5",0.01,0.05,0,-0.45,FALSE,FALSE
"TMEM176B",0.01,0.04,0,-0.32,FALSE,FALSE
"TMEM176A",0.01,0.01,0,0,FALSE,FALSE
"SLC4A2",0.01,0.02,0,-0.1,FALSE,FALSE
"TMUB1",0.01,0.03,0,-0.17,FALSE,FALSE
"AGAP3",0.01,0.02,0,-0.04,FALSE,FALSE
"CHPF2",0.01,0.01,0,-0.09,FALSE,FALSE
"SMARCD3",0.01,0.01,0,-0.06,FALSE,FALSE
"ACTR3B",0.01,0.01,0,0.07,FALSE,FALSE
"CSF2RA",0.01,0.02,0,-0.13,FALSE,FALSE
"P2RY8",0.01,0.01,0,0,FALSE,FALSE
"DHRSX",0.01,0.03,0,-0.23,FALSE,FALSE
"STS",0.01,0.01,0,0,FALSE,FALSE
"GPR143",0.01,0.01,0,0.11,FALSE,FALSE
"SHROOM2",0.01,0.01,0,-0.09,FALSE,FALSE
"CLCN4",0.01,0.02,0,-0.16,FALSE,FALSE
"MID1",0.01,0.01,0,-0.05,FALSE,FALSE
"HCCS",0.01,0.02,0,-0.07,FALSE,FALSE
"ARHGAP6",0.01,0.01,0,-0.09,FALSE,FALSE
"RAB9A",0.01,0.02,0,-0.16,FALSE,FALSE
"OFD1",0.01,0.03,0,-0.23,FALSE,FALSE
"GEMIN8",0.01,0.01,0,-0.02,FALSE,FALSE
"FANCB",0.01,0.01,0,-0.02,FALSE,FALSE
"PIGA",0.01,0.01,0,-0.02,FALSE,FALSE
"PIR",0.01,0.03,0,-0.28,FALSE,FALSE
"CA5B",0.01,0.02,0,-0.13,FALSE,FALSE
"ZRSR2",0.01,0.03,0,-0.14,FALSE,FALSE
"AP1S2",0.01,0.02,0,-0.15,FALSE,FALSE
"CTPS2",0.01,0.04,0,-0.32,FALSE,FALSE
"TXLNG",0.01,0.01,0,-0.09,FALSE,FALSE
"CDKL5",0.01,0.01,0,-0.01,FALSE,FALSE
"PHKA2",0.01,0.03,0,-0.2,FALSE,FALSE
"ADGRG2",0.01,0.01,0,-0.06,FALSE,FALSE
"ZFX",0.01,0.01,0,-0.01,FALSE,FALSE
"CYBB",0.01,0.03,0,-0.28,FALSE,FALSE
"MED14",0.01,0.04,0,-0.36,FALSE,FALSE
"GPR34",0.01,0.02,0,-0.13,FALSE,FALSE
"EFHC2",0.01,0.01,0,-0.02,FALSE,FALSE
"DIPK2B",0.01,0.04,0,-0.29,FALSE,FALSE
"JADE3",0.01,0.01,0,-0.06,FALSE,FALSE
"ZNF41",0.01,0.01,0,0.08,FALSE,FALSE
"CFP",0.01,0.01,0,-0.02,FALSE,FALSE
"ELK1",0.01,0.01,0,0.04,FALSE,FALSE
"ZNF182",0.01,0.03,0,-0.26,FALSE,FALSE
"ZNF630",0.01,0.01,0,0,FALSE,FALSE
"FTSJ1",0.01,0.01,0,0.03,FALSE,FALSE
"PORCN",0.01,0.03,0,-0.23,FALSE,FALSE
"SUV39H1",0.01,0.01,0,0.03,FALSE,FALSE
"PCSK1N",0.01,0.01,0,-0.02,FALSE,FALSE
"TIMM17B",0.01,0.01,0,-0.05,FALSE,FALSE
"WDR45",0.01,0.02,0,-0.07,FALSE,FALSE
"PRICKLE3",0.01,0.02,0,-0.13,FALSE,FALSE
"SYP",0.01,0.02,0,-0.12,FALSE,FALSE
"PPP1R3F",0.01,0.01,0,0.11,FALSE,FALSE
"CLCN5",0.01,0.01,0,-0.05,FALSE,FALSE
"KANTR",0.01,0.01,0,0.03,FALSE,FALSE
"IQSEC2",0.01,0.03,0,-0.17,FALSE,FALSE
"HUWE1",0.01,0.03,0,-0.23,FALSE,FALSE
"FAM120C",0.01,0.03,0,-0.22,FALSE,FALSE
"FGD1",0.01,0,0,0.1,FALSE,FALSE
"TRO",0.01,0.02,0,-0.12,FALSE,FALSE
"APEX2",0.01,0.02,0,-0.16,FALSE,FALSE
"NBDY",0.01,0.01,0,0.04,FALSE,FALSE
"ARHGEF9",0.01,0.01,0,0.04,FALSE,FALSE
"AMER1",0.01,0.01,0,-0.09,FALSE,FALSE
"MTMR8",0.01,0.01,0,0.08,FALSE,FALSE
"DLG3",0.01,0.01,0,0.03,FALSE,FALSE
"SLC7A3",0.01,0.01,0,-0.09,FALSE,FALSE
"NHSL2",0.01,0.01,0,-0.05,FALSE,FALSE
"HDAC8",0.01,0.03,0,-0.14,FALSE,FALSE
"CHIC1",0.01,0.03,0,-0.26,FALSE,FALSE
"SLC16A2",0.01,0.01,0,0.08,FALSE,FALSE
"UPRT",0.01,0.01,0,0,FALSE,FALSE
"ZDHHC15",0.01,0.01,0,-0.06,FALSE,FALSE
"MAGEE1",0.01,0.01,0,0.07,FALSE,FALSE
"COX7B",0.01,0.03,0,-0.25,FALSE,FALSE
"ATP7A",0.01,0.01,0,-0.01,FALSE,FALSE
"TAF9B",0.01,0.02,0,-0.08,FALSE,FALSE
"NAP1L3",0.01,0.01,0,-0.02,FALSE,FALSE
"PCDH19",0.01,0.03,0,-0.23,FALSE,FALSE
"SRPX2",0.01,0.01,0,-0.02,FALSE,FALSE
"SYTL4",0.01,0.02,0,-0.13,FALSE,FALSE
"CENPI",0.01,0.01,0,0.07,FALSE,FALSE
"TIMM8A",0.01,0.02,0,-0.08,FALSE,FALSE
"ARMCX4",0.01,0.02,0,-0.15,FALSE,FALSE
"ARMCX6",0.01,0.05,0,-0.48,FALSE,FALSE
"ARMCX5",0.01,0.03,0,-0.2,FALSE,FALSE
"BEX1",0.01,0.02,0,-0.08,FALSE,FALSE
"TCEAL3",0.01,0.02,0,-0.16,FALSE,FALSE
"MORF4L2",0.01,0.02,0,-0.1,FALSE,FALSE
"RAB9B",0.01,0.01,0,-0.09,FALSE,FALSE
"MORC4",0.01,0.02,0,-0.08,FALSE,FALSE
"RBM41",0.01,0.04,0,-0.34,FALSE,FALSE
"IRS4",0.01,0,0,0.06,FALSE,FALSE
"NXT2",0.01,0.02,0,-0.1,FALSE,FALSE
"AMOT",0.01,0.01,0,0,FALSE,FALSE
"KLHL13",0.01,0.01,0,-0.06,FALSE,FALSE
"WDR44",0.01,0.01,0,0.04,FALSE,FALSE
"SLC25A43",0.01,0.01,0,-0.05,FALSE,FALSE
"NKRF",0.01,0.03,0,-0.17,FALSE,FALSE
"RNF113A",0.01,0.02,0,-0.12,FALSE,FALSE
"NKAP",0.01,0.02,0,-0.13,FALSE,FALSE
"XIAP",0.01,0.02,0,-0.08,FALSE,FALSE
"ELF4",0.01,0.02,0,-0.13,FALSE,FALSE
"ZNF280C",0.01,0.01,0,-0.02,FALSE,FALSE
"RBMX2",0.01,0.01,0,-0.06,FALSE,FALSE
"RTL8C",0.01,0.02,0,-0.13,FALSE,FALSE
"RTL8A",0.01,0.01,0,-0.02,FALSE,FALSE
"SLC9A6",0.01,0.02,0,-0.07,FALSE,FALSE
"ATP11C",0.01,0.02,0,-0.1,FALSE,FALSE
"SLITRK4",0.01,0,0,0.11,FALSE,FALSE
"AFF2",0.01,0,0,0.15,FALSE,FALSE
"L1CAM",0.01,0.01,0,-0.09,FALSE,FALSE
"NAA10",0.01,0.06,0,-0.46,FALSE,FALSE
"RENBP",0.01,0.01,0,-0.02,FALSE,FALSE
"IRAK1",0.01,0.03,0,-0.23,FALSE,FALSE
"TAZ",0.01,0.03,0,-0.26,FALSE,FALSE
"LAGE3",0.01,0.01,0,-0.02,FALSE,FALSE
"FAM3A",0.01,0.04,0,-0.32,FALSE,FALSE
"GAB3",0.01,0.01,0,0.04,FALSE,FALSE
"FUNDC2",0.01,0.02,0,-0.12,FALSE,FALSE
"VBP1",0.01,0.03,0,-0.17,FALSE,FALSE
"CLN8",0.01,0.04,0,-0.31,FALSE,FALSE
"AGPAT5",0.01,0.04,0,-0.34,FALSE,FALSE
"MFHAS1",0.01,0.01,0,0.03,FALSE,FALSE
"PINX1",0.01,0.02,0,-0.08,FALSE,FALSE
"XKR6",0.01,0.03,0,-0.22,FALSE,FALSE
"MTMR9",0.01,0.04,0,-0.34,FALSE,FALSE
"NEIL2",0.01,0.01,0,-0.09,FALSE,FALSE
"LONRF1",0.01,0.04,0,-0.29,FALSE,FALSE
"MICU3",0.01,0.02,0,-0.12,FALSE,FALSE
"ZDHHC2",0.01,0.03,0,-0.14,FALSE,FALSE
"CNOT7",0.01,0,0,0.15,FALSE,FALSE
"PSD3",0.01,0.02,0,-0.04,FALSE,FALSE
"SH2D4A",0.01,0.01,0,-0.02,FALSE,FALSE
"LZTS1",0.01,0,0,0.06,FALSE,FALSE
"DOK2",0.01,0.03,0,-0.2,FALSE,FALSE
"BMP1",0.01,0.02,0,-0.12,FALSE,FALSE
"C8orf58",0.01,0.01,0,0.02,FALSE,FALSE
"RHOBTB2",0.01,0.02,0,-0.15,FALSE,FALSE
"LOXL2",0.01,0.01,0,-0.01,FALSE,FALSE
"STC1",0.01,0.01,0,-0.09,FALSE,FALSE
"KCTD9",0.01,0.03,0,-0.14,FALSE,FALSE
"CDCA2",0.01,0.02,0,-0.07,FALSE,FALSE
"FZD3",0.01,0.03,0,-0.26,FALSE,FALSE
"EXTL3",0.01,0.02,0,-0.08,FALSE,FALSE
"INTS9",0.01,0.02,0,-0.1,FALSE,FALSE
"KIF13B",0.01,0.02,0,-0.16,FALSE,FALSE
"FUT10",0.01,0.02,0,-0.16,FALSE,FALSE
"RNF122",0.01,0.03,0,-0.18,FALSE,FALSE
"TCIM",0.01,0.02,0,-0.2,FALSE,FALSE
"AP3M2",0.01,0.01,0,0,FALSE,FALSE
"POLB",0.01,0.02,0,-0.08,FALSE,FALSE
"SPIDR",0.01,0.02,0,-0.07,FALSE,FALSE
"TMEM68",0.01,0.04,0,-0.36,FALSE,FALSE
"LYN",0.01,0.04,0,-0.26,FALSE,FALSE
"GGH",0.01,0.03,0,-0.14,FALSE,FALSE
"BHLHE22",0.01,0.01,0,0.07,FALSE,FALSE
"ADHFE1",0.01,0.01,0,-0.01,FALSE,FALSE
"CSPP1",0.01,0.01,0,-0.06,FALSE,FALSE
"PREX2",0.01,0.05,0,-0.48,FALSE,FALSE
"SLCO5A1",0.01,0.01,0,0.03,FALSE,FALSE
"LACTB2",0.01,0.02,0,-0.1,FALSE,FALSE
"TERF1",0.01,0.01,0,0.07,FALSE,FALSE
"RDH10",0.01,0.02,0,-0.16,FALSE,FALSE
"UBE2W",0.01,0.04,0,-0.39,FALSE,FALSE
"TMEM70",0.01,0.01,0,-0.02,FALSE,FALSE
"LY96",0.01,0.01,0,0,FALSE,FALSE
"JPH1",0.01,0,0,0.06,FALSE,FALSE
"CRISPLD1",0.01,0.03,0,-0.3,FALSE,FALSE
"HEY1",0.01,0.03,0,-0.22,FALSE,FALSE
"ZBTB10",0.01,0.03,0,-0.2,FALSE,FALSE
"ZNF704",0.01,0.03,0,-0.18,FALSE,FALSE
"FABP5",0.01,0.01,0,-0.01,FALSE,FALSE
"SNX16",0.01,0.02,0,-0.04,FALSE,FALSE
"LRRCC1",0.01,0.01,0,0.04,FALSE,FALSE
"CA2",0.01,0.03,0,-0.14,FALSE,FALSE
"WWP1",0.01,0.02,0,-0.13,FALSE,FALSE
"RMDN1",0.01,0.01,0,-0.05,FALSE,FALSE
"MMP16",0.01,0.01,0,-0.09,FALSE,FALSE
"OSGIN2",0.01,0.01,0,-0.02,FALSE,FALSE
"C8orf88",0.01,0.01,0,-0.06,FALSE,FALSE
"PIP4P2",0.01,0.02,0,-0.13,FALSE,FALSE
"TRIQK",0.01,0.04,0,-0.37,FALSE,FALSE
"CCNE2",0.01,0.01,0,0.04,FALSE,FALSE
"NDUFAF6",0.01,0.02,0,-0.16,FALSE,FALSE
"C8orf37",0.01,0.03,0,-0.14,FALSE,FALSE
"MATN2",0.01,0.04,0,-0.26,FALSE,FALSE
"NIPAL2",0.01,0.01,0,0.07,FALSE,FALSE
"OSR2",0.01,0.02,0,-0.08,FALSE,FALSE
"NCALD",0.01,0.01,0,0.03,FALSE,FALSE
"SLC25A32",0.01,0.04,0,-0.26,FALSE,FALSE
"LRP12",0.01,0.03,0,-0.14,FALSE,FALSE
"ANGPT1",0.01,0.02,0,-0.12,FALSE,FALSE
"TRPS1",0.01,0.02,0,-0.07,FALSE,FALSE
"DSCC1",0.01,0.03,0,-0.18,FALSE,FALSE
"DEPTOR",0.01,0.02,0,-0.15,FALSE,FALSE
"SNTB1",0.01,0.02,0,-0.15,FALSE,FALSE
"ZHX2",0.01,0.07,0,-0.61,FALSE,FALSE
"C8orf76",0.01,0.02,0,-0.15,FALSE,FALSE
"TRMT12",0.01,0,0,0.06,FALSE,FALSE
"TATDN1",0.01,0.01,0,0.02,FALSE,FALSE
"SQLE",0.01,0.02,0,-0.2,FALSE,FALSE
"WASHC5",0.01,0.02,0,-0.04,FALSE,FALSE
"NSMCE2",0.01,0.03,0,-0.2,FALSE,FALSE
"TRIB1",0.01,0.02,0,-0.1,FALSE,FALSE
"LRATD2",0.01,0.02,0,-0.2,FALSE,FALSE
"LRRC6",0.01,0,0,0.06,FALSE,FALSE
"ZFAT",0.01,0.01,0,0.07,FALSE,FALSE
"KHDRBS3",0.01,0.03,0,-0.2,FALSE,FALSE
"COL22A1",0.01,0.01,0,-0.02,FALSE,FALSE
"PTK2",0.01,0.05,0,-0.4,FALSE,FALSE
"DENND3",0.01,0.02,0,-0.13,FALSE,FALSE
"ADGRB1",0.01,0.01,0,-0.06,FALSE,FALSE
"LY6K",0.01,0.02,0,-0.15,FALSE,FALSE
"THEM6",0.01,0.01,0,-0.06,FALSE,FALSE
"GPIHBP1",0.01,0.04,0,-0.34,FALSE,FALSE
"ZNF696",0.01,0.02,0,-0.1,FALSE,FALSE
"TIGD5",0.01,0.04,0,-0.39,FALSE,FALSE
"GFUS",0.01,0.03,0,-0.23,FALSE,FALSE
"MAPK15",0.01,0.01,0,-0.02,FALSE,FALSE
"EPPK1",0.01,0.01,0,-0.02,FALSE,FALSE
"HGH1",0.01,0.01,0,-0.09,FALSE,FALSE
"BOP1",0.01,0.03,0,-0.25,FALSE,FALSE
"DGAT1",0.01,0.04,0,-0.31,FALSE,FALSE
"FBXL6",0.01,0.04,0,-0.29,FALSE,FALSE
"ADCK5",0.01,0.01,0,-0.01,FALSE,FALSE
"PPP1R16A",0.01,0.01,0,-0.05,FALSE,FALSE
"MFSD3",0.01,0.01,0,0.07,FALSE,FALSE
"ZNF517",0.01,0.02,0,-0.07,FALSE,FALSE
"ZNF7",0.01,0.02,0,-0.12,FALSE,FALSE
"ZNF250",0.01,0.01,0,-0.01,FALSE,FALSE
"ZNF16",0.01,0,0,0.1,FALSE,FALSE
"DMRT3",0.01,0.01,0,-0.02,FALSE,FALSE
"PLPP6",0.01,0.02,0,-0.13,FALSE,FALSE
"CDC37L1",0.01,0.03,0,-0.23,FALSE,FALSE
"PLGRKT",0.01,0.04,0,-0.31,FALSE,FALSE
"PDCD1LG2",0.01,0.01,0,-0.05,FALSE,FALSE
"PTPRD",0.01,0.02,0,-0.1,FALSE,FALSE
"LURAP1L",0.01,0,0,0.15,FALSE,FALSE
"MPDZ",0.01,0.06,0,-0.51,FALSE,FALSE
"ZDHHC21",0.01,0.02,0,-0.12,FALSE,FALSE
"CCDC171",0.01,0.01,0,0.11,FALSE,FALSE
"HAUS6",0.01,0.04,0,-0.34,FALSE,FALSE
"HACD4",0.01,0.03,0,-0.3,FALSE,FALSE
"MTAP",0.01,0.04,0,-0.31,FALSE,FALSE
"TEK",0.01,0.06,0,-0.51,FALSE,FALSE
"SMIM27",0.01,0.02,0,-0.16,FALSE,FALSE
"SMU1",0.01,0.02,0,-0.1,FALSE,FALSE
"NOL6",0.01,0.02,0,-0.13,FALSE,FALSE
"UBAP1",0.01,0.02,0,-0.04,FALSE,FALSE
"SIGMAR1",0.01,0.03,0,-0.23,FALSE,FALSE
"DNAJB5",0.01,0.02,0,-0.13,FALSE,FALSE
"FANCG",0.01,0.02,0,-0.08,FALSE,FALSE
"FAM214B",0.01,0.02,0,-0.13,FALSE,FALSE
"UNC13B",0.01,0.02,0,-0.13,FALSE,FALSE
"CCDC107",0.01,0.04,0,-0.39,FALSE,FALSE
"SPAG8",0.01,0.01,0,0.03,FALSE,FALSE
"GLIPR2",0.01,0.02,0,-0.07,FALSE,FALSE
"PAX5",0.01,0.01,0,-0.09,FALSE,FALSE
"ZCCHC7",0.01,0.04,0,-0.32,FALSE,FALSE
"TRMT10B",0.01,0.02,0,-0.04,FALSE,FALSE
"DCAF10",0.01,0.03,0,-0.22,FALSE,FALSE
"ALDH1B1",0.01,0.03,0,-0.2,FALSE,FALSE
"ZNF658",0.01,0.02,0,-0.16,FALSE,FALSE
"FAM122A",0.01,0.01,0,0.03,FALSE,FALSE
"FAM189A2",0.01,0.03,0,-0.33,FALSE,FALSE
"C9orf85",0.01,0,0,0.11,FALSE,FALSE
"C9orf40",0.01,0.01,0,-0.05,FALSE,FALSE
"CARNMT1",0.01,0.03,0,-0.14,FALSE,FALSE
"RFK",0.01,0.02,0,-0.13,FALSE,FALSE
"GNA14",0.01,0.01,0,-0.02,FALSE,FALSE
"TLE1",0.01,0.02,0,-0.15,FALSE,FALSE
"FRMD3",0.01,0.02,0,-0.13,FALSE,FALSE
"CDK20",0.01,0.01,0,-0.05,FALSE,FALSE
"S1PR3",0.01,0.02,0,-0.15,FALSE,FALSE
"CKS2",0.01,0.01,0,-0.06,FALSE,FALSE
"SEMA4D",0.01,0.02,0,-0.1,FALSE,FALSE
"GADD45G",0.01,0.01,0,0.02,FALSE,FALSE
"ROR2",0.01,0.02,0,-0.08,FALSE,FALSE
"IARS1",0.01,0.02,0,-0.13,FALSE,FALSE
"NOL8",0.01,0.02,0,-0.1,FALSE,FALSE
"CENPP",0.01,0.01,0,0.04,FALSE,FALSE
"IPPK",0.01,0.01,0,0.02,FALSE,FALSE
"BICD2",0.01,0.03,0,-0.17,FALSE,FALSE
"SUSD3",0.01,0.01,0,0.02,FALSE,FALSE
"CARD19",0.01,0.02,0,-0.2,FALSE,FALSE
"PTPDC1",0.01,0,0,0.19,FALSE,FALSE
"ZNF169",0.01,0.02,0,-0.2,FALSE,FALSE
"FANCC",0.01,0.01,0,0.02,FALSE,FALSE
"SLC35D2",0.01,0.03,0,-0.17,FALSE,FALSE
"CDC14B",0.01,0.01,0,0.07,FALSE,FALSE
"PRXL2C",0.01,0.02,0,-0.15,FALSE,FALSE
"ZNF782",0.01,0.02,0,-0.07,FALSE,FALSE
"TSTD2",0.01,0.01,0,0.07,FALSE,FALSE
"FOXE1",0.01,0.02,0,-0.08,FALSE,FALSE
"ANP32B",0.01,0.01,0,0,FALSE,FALSE
"NANS",0.01,0.03,0,-0.3,FALSE,FALSE
"TBC1D2",0.01,0.01,0,-0.02,FALSE,FALSE
"GALNT12",0.01,0.01,0,-0.09,FALSE,FALSE
"NR4A3",0.01,0.01,0,-0.01,FALSE,FALSE
"INVS",0.01,0.05,0,-0.41,FALSE,FALSE
"GRIN3A",0.01,0.01,0,-0.02,FALSE,FALSE
"SMC2",0.01,0.04,0,-0.29,FALSE,FALSE
"FKTN",0.01,0.02,0,-0.12,FALSE,FALSE
"TMEM38B",0.01,0.02,0,-0.13,FALSE,FALSE
"ZNF462",0.01,0.04,0,-0.34,FALSE,FALSE
"PTPN3",0.01,0.01,0,-0.09,FALSE,FALSE
"PTGR1",0.01,0.02,0,-0.2,FALSE,FALSE
"DNAJC25",0.01,0.01,0,-0.02,FALSE,FALSE
"KIAA1958",0.01,0.01,0,-0.02,FALSE,FALSE
"INIP",0.01,0.01,0,-0.01,FALSE,FALSE
"SNX30",0.01,0.02,0,-0.13,FALSE,FALSE
"SLC31A2",0.01,0.02,0,-0.1,FALSE,FALSE
"SLC31A1",0.01,0.01,0,0.04,FALSE,FALSE
"HDHD3",0.01,0.05,0,-0.35,FALSE,FALSE
"ZNF618",0.01,0.04,0,-0.36,FALSE,FALSE
"ASTN2",0.01,0.01,0,-0.09,FALSE,FALSE
"MEGF9",0.01,0.02,0,-0.12,FALSE,FALSE
"B3GNT10",0.01,0.02,0,-0.16,FALSE,FALSE
"PSMD5",0.01,0.03,0,-0.28,FALSE,FALSE
"DAB2IP",0.01,0.03,0,-0.23,FALSE,FALSE
"RBM18",0.01,0.06,0,-0.49,FALSE,FALSE
"RC3H2",0.01,0.03,0,-0.25,FALSE,FALSE
"DENND1A",0.01,0.01,0,-0.09,FALSE,FALSE
"PSMB7",0.01,0.03,0,-0.18,FALSE,FALSE
"ADGRD2",0.01,0.03,0,-0.18,FALSE,FALSE
"RABEPK",0.01,0.01,0,-0.09,FALSE,FALSE
"SLC2A8",0.01,0,0,0.15,FALSE,FALSE
"FPGS",0.01,0.06,0,-0.51,FALSE,FALSE
"DPM2",0.01,0.01,0,-0.06,FALSE,FALSE
"SLC25A25",0.01,0.02,0,-0.15,FALSE,FALSE
"LCN2",0.01,0.04,0,-0.42,FALSE,FALSE
"CIZ1",0.01,0.02,0,-0.16,FALSE,FALSE
"DNM1",0.01,0,0,0.06,FALSE,FALSE
"TRUB2",0.01,0.03,0,-0.18,FALSE,FALSE
"URM1",0.01,0.02,0,-0.15,FALSE,FALSE
"ODF2",0.01,0.02,0,-0.16,FALSE,FALSE
"DYNC2I2",0.01,0.02,0,-0.07,FALSE,FALSE
"PKN3",0.01,0.01,0,-0.01,FALSE,FALSE
"TBC1D13",0.01,0.04,0,-0.26,FALSE,FALSE
"LRRC8A",0.01,0.03,0,-0.23,FALSE,FALSE
"DOLK",0.01,0.01,0,-0.01,FALSE,FALSE
"MIGA2",0.01,0.06,0,-0.46,FALSE,FALSE
"DOLPP1",0.01,0.02,0,-0.2,FALSE,FALSE
"IER5L",0.01,0.02,0,-0.13,FALSE,FALSE
"ASB6",0.01,0.02,0,-0.16,FALSE,FALSE
"PTGES",0.01,0,0,0.11,FALSE,FALSE
"TOR1B",0.01,0.01,0,0.03,FALSE,FALSE
"HMCN2",0.01,0,0,0.06,FALSE,FALSE
"ASS1",0.01,0.04,0,-0.29,FALSE,FALSE
"LAMC3",0.01,0.02,0,-0.16,FALSE,FALSE
"AIF1L",0.01,0.03,0,-0.33,FALSE,FALSE
"FAM78A",0.01,0.02,0,-0.12,FALSE,FALSE
"TTF1",0.01,0.03,0,-0.17,FALSE,FALSE
"DDX31",0.01,0.01,0,-0.06,FALSE,FALSE
"GTF3C5",0.01,0.03,0,-0.23,FALSE,FALSE
"GBGT1",0.01,0.01,0,-0.09,FALSE,FALSE
"SURF6",0.01,0.03,0,-0.18,FALSE,FALSE
"SARDH",0.01,0.02,0,-0.07,FALSE,FALSE
"PPP1R26",0.01,0.01,0,0.02,FALSE,FALSE
"CAMSAP1",0.01,0.03,0,-0.18,FALSE,FALSE
"NACC2",0.01,0.02,0,-0.12,FALSE,FALSE
"TMEM250",0.01,0.03,0,-0.2,FALSE,FALSE
"GPSM1",0.01,0.01,0,-0.06,FALSE,FALSE
"SNAPC4",0.01,0.02,0,-0.1,FALSE,FALSE
"ENTR1",0.01,0.02,0,-0.04,FALSE,FALSE
"INPP5E",0.01,0.01,0,-0.09,FALSE,FALSE
"SEC16A",0.01,0.03,0,-0.26,FALSE,FALSE
"AGPAT2",0.01,0.03,0,-0.25,FALSE,FALSE
"DIPK1B",0.01,0.04,0,-0.26,FALSE,FALSE
"CLIC3",0.01,0.03,0,-0.14,FALSE,FALSE
"MAN1B1",0.01,0.02,0,-0.07,FALSE,FALSE
"SSNA1",0.01,0.03,0,-0.2,FALSE,FALSE
"BX255925.3",0.01,0.02,0,-0.08,FALSE,FALSE
"EXD3",0.01,0.02,0,-0.2,FALSE,FALSE
"ZMYND19",0.01,0.03,0,-0.17,FALSE,FALSE
"PTDSS2",0.01,0.04,0,-0.29,FALSE,FALSE
"IRF7",0.01,0.02,0,-0.07,FALSE,FALSE
"EPS8L2",0.01,0.04,0,-0.29,FALSE,FALSE
"TMEM80",0.01,0.03,0,-0.14,FALSE,FALSE
"SLC25A22",0.01,0.01,0,0.03,FALSE,FALSE
"TNNI2",0.01,0.01,0,-0.05,FALSE,FALSE
"KCNQ1",0.01,0,0,0.1,FALSE,FALSE
"TRIM68",0.01,0,0,0.06,FALSE,FALSE
"TRIM34",0.01,0,0,0.11,FALSE,FALSE
"FAM160A2",0.01,0.05,0,-0.38,FALSE,FALSE
"APBB1",0.01,0.02,0,-0.08,FALSE,FALSE
"DNHD1",0.01,0.02,0,-0.13,FALSE,FALSE
"RRP8",0.01,0.01,0,-0.09,FALSE,FALSE
"ZNF215",0.01,0.01,0,-0.06,FALSE,FALSE
"OLFML1",0.01,0.02,0,-0.12,FALSE,FALSE
"PPFIBP2",0.01,0.01,0,-0.05,FALSE,FALSE
"CYB5R2",0.01,0.02,0,-0.13,FALSE,FALSE
"STK33",0.01,0.02,0,-0.04,FALSE,FALSE
"TRIM66",0.01,0.03,0,-0.25,FALSE,FALSE
"DENND5A",0.01,0.01,0,-0.06,FALSE,FALSE
"ZNF143",0.01,0.01,0,0.04,FALSE,FALSE
"ADM",0.01,0.01,0,0.02,FALSE,FALSE
"IRAG1",0.01,0.04,0,-0.34,FALSE,FALSE
"RRAS2",0.01,0.01,0,-0.05,FALSE,FALSE
"CYP2R1",0.01,0.02,0,-0.07,FALSE,FALSE
"PLEKHA7",0.01,0.01,0,-0.06,FALSE,FALSE
"SAAL1",0.01,0.01,0,-0.06,FALSE,FALSE
"SPTY2D1",0.01,0.01,0,-0.05,FALSE,FALSE
"ZDHHC13",0.01,0.03,0,-0.26,FALSE,FALSE
"NELL1",0.01,0.01,0,0.11,FALSE,FALSE
"ANO5",0.01,0.01,0,0.02,FALSE,FALSE
"METTL15",0.01,0.03,0,-0.17,FALSE,FALSE
"DNAJC24",0.01,0.02,0,-0.12,FALSE,FALSE
"IMMP1L",0.01,0.04,0,-0.36,FALSE,FALSE
"RCN1",0.01,0.03,0,-0.23,FALSE,FALSE
"LDLRAD3",0.01,0.01,0,0.07,FALSE,FALSE
"TRAF6",0.01,0.02,0,-0.1,FALSE,FALSE
"IFTAP",0.01,0.04,0,-0.31,FALSE,FALSE
"HSD17B12",0.01,0.01,0,0.04,FALSE,FALSE
"ACCS",0.01,0.02,0,-0.07,FALSE,FALSE
"PEX16",0.01,0,0,0.06,FALSE,FALSE
"DGKZ",0.01,0.01,0,0,FALSE,FALSE
"ATG13",0.01,0.03,0,-0.23,FALSE,FALSE
"ZNF408",0.01,0.01,0,0.02,FALSE,FALSE
"DDB2",0.01,0.01,0,0.02,FALSE,FALSE
"MADD",0.01,0.05,0,-0.4,FALSE,FALSE
"SPI1",0.01,0.03,0,-0.18,FALSE,FALSE
"SLC39A13",0.01,0.03,0,-0.2,FALSE,FALSE
"SLC43A3",0.01,0.02,0,-0.1,FALSE,FALSE
"RTN4RL2",0.01,0.02,0,-0.12,FALSE,FALSE
"ZDHHC5",0.01,0.04,0,-0.26,FALSE,FALSE
"FAM111B",0.01,0.02,0,-0.1,FALSE,FALSE
"STX3",0.01,0.01,0,0,FALSE,FALSE
"MS4A2",0.01,0.02,0,-0.13,FALSE,FALSE
"MS4A6A",0.01,0.02,0,-0.1,FALSE,FALSE
"SLC15A3",0.01,0.03,0,-0.26,FALSE,FALSE
"CD5",0.01,0.01,0,0,FALSE,FALSE
"LRRC10B",0.01,0.03,0,-0.18,FALSE,FALSE
"FADS2",0.01,0.03,0,-0.18,FALSE,FALSE
"TUT1",0.01,0.02,0,-0.16,FALSE,FALSE
"INTS5",0.01,0.01,0,0.03,FALSE,FALSE
"LBHD1",0.01,0.01,0,-0.05,FALSE,FALSE
"LRRN4CL",0.01,0.01,0,0.02,FALSE,FALSE
"TTC9C",0.01,0.02,0,-0.08,FALSE,FALSE
"TAF6L",0.01,0.02,0,-0.07,FALSE,FALSE
"TMEM223",0.01,0.01,0,-0.01,FALSE,FALSE
"WDR74",0.01,0.06,0,-0.51,FALSE,FALSE
"NAA40",0.01,0.01,0,0.04,FALSE,FALSE
"TRPT1",0.01,0.03,0,-0.2,FALSE,FALSE
"DNAJC4",0.01,0.03,0,-0.14,FALSE,FALSE
"PLCB3",0.01,0.02,0,-0.07,FALSE,FALSE
"GPR137",0.01,0.03,0,-0.14,FALSE,FALSE
"ESRRA",0.01,0.01,0,-0.01,FALSE,FALSE
"MAP4K2",0.01,0.04,0,-0.37,FALSE,FALSE
"MEN1",0.01,0.01,0,-0.01,FALSE,FALSE
"PPP2R5B",0.01,0.01,0,-0.09,FALSE,FALSE
"NAALADL1",0.01,0,0,0.06,FALSE,FALSE
"CDCA5",0.01,0,0,0.11,FALSE,FALSE
"POLA2",0.01,0.02,0,-0.15,FALSE,FALSE
"CDC42EP2",0.01,0.01,0,-0.09,FALSE,FALSE
"SLC25A45",0.01,0.03,0,-0.25,FALSE,FALSE
"RELA",0.01,0.06,0,-0.51,FALSE,FALSE
"MUS81",0.01,0.04,0,-0.29,FALSE,FALSE
"CTSW",0.01,0.02,0,-0.1,FALSE,FALSE
"PELI3",0.01,0.01,0,-0.06,FALSE,FALSE
"ZDHHC24",0.01,0.02,0,-0.1,FALSE,FALSE
"RBM4B",0.01,0.01,0,-0.02,FALSE,FALSE
"C11orf80",0.01,0.03,0,-0.18,FALSE,FALSE
"RCE1",0.01,0,0,0.11,FALSE,FALSE
"LRFN4",0.01,0.02,0,-0.08,FALSE,FALSE
"RHOD",0.01,0.02,0,-0.08,FALSE,FALSE
"RAD9A",0.01,0.01,0,-0.01,FALSE,FALSE
"UNC93B1",0.01,0.01,0,-0.09,FALSE,FALSE
"TCIRG1",0.01,0.04,0,-0.29,FALSE,FALSE
"CHKA",0.01,0.02,0,-0.16,FALSE,FALSE
"TESMIN",0.01,0.01,0,-0.02,FALSE,FALSE
"LTO1",0.01,0.02,0,-0.15,FALSE,FALSE
"ANO1",0.01,0.02,0,-0.13,FALSE,FALSE
"FADD",0.01,0.05,0,-0.41,FALSE,FALSE
"FOLR2",0.01,0.01,0,0.04,FALSE,FALSE
"CLPB",0.01,0.01,0,-0.05,FALSE,FALSE
"STARD10",0.01,0.04,0,-0.34,FALSE,FALSE
"ATG16L2",0.01,0.03,0,-0.17,FALSE,FALSE
"RELT",0.01,0.02,0,-0.08,FALSE,FALSE
"PAAF1",0.01,0.03,0,-0.25,FALSE,FALSE
"PGM2L1",0.01,0.08,0,-0.63,FALSE,FALSE
"POLD3",0.01,0.03,0,-0.18,FALSE,FALSE
"SLCO2B1",0.01,0.04,0,-0.29,FALSE,FALSE
"EMSY",0.01,0.01,0,-0.09,FALSE,FALSE
"LRRC32",0.01,0.05,0,-0.35,FALSE,FALSE
"NARS2",0.01,0.06,0,-0.46,FALSE,FALSE
"DLG2",0.01,0.03,0,-0.14,FALSE,FALSE
"ME3",0.01,0,0,0.06,FALSE,FALSE
"SMCO4",0.01,0.02,0,-0.15,FALSE,FALSE
"CEP295",0.01,0.03,0,-0.23,FALSE,FALSE
"PANX1",0.01,0.01,0,0.08,FALSE,FALSE
"ANKRD49",0.01,0.01,0,-0.02,FALSE,FALSE
"PDGFD",0.01,0.03,0,-0.25,FALSE,FALSE
"KBTBD3",0.01,0.01,0,-0.06,FALSE,FALSE
"NPAT",0.01,0.03,0,-0.18,FALSE,FALSE
"EXPH5",0.01,0.02,0,-0.08,FALSE,FALSE
"FDX1",0.01,0.03,0,-0.2,FALSE,FALSE
"LAYN",0.01,0.05,0,-0.43,FALSE,FALSE
"C11orf1",0.01,0.06,0,-0.49,FALSE,FALSE
"HSPB2",0.01,0.03,0,-0.18,FALSE,FALSE
"NKAPD1",0.01,0.02,0,-0.12,FALSE,FALSE
"TTC12",0.01,0.03,0,-0.14,FALSE,FALSE
"C11orf71",0.01,0.02,0,-0.13,FALSE,FALSE
"FXYD2",0.01,0.02,0,-0.07,FALSE,FALSE
"MPZL2",0.01,0.02,0,-0.12,FALSE,FALSE
"TMEM25",0.01,0.02,0,-0.16,FALSE,FALSE
"IFT46",0.01,0.05,0,-0.38,FALSE,FALSE
"CXCR5",0.01,0.01,0,-0.06,FALSE,FALSE
"SLC37A4",0.01,0.02,0,-0.08,FALSE,FALSE
"USP2",0.01,0.01,0,0.11,FALSE,FALSE
"NECTIN1",0.01,0.04,0,-0.29,FALSE,FALSE
"JHY",0.01,0.01,0,-0.05,FALSE,FALSE
"CLMP",0.01,0.01,0,-0.06,FALSE,FALSE
"TBRG1",0.01,0.02,0,-0.16,FALSE,FALSE
"MSANTD2",0.01,0,0,0.06,FALSE,FALSE
"ROBO3",0.01,0,0,0.06,FALSE,FALSE
"TMEM218",0.01,0.01,0,-0.02,FALSE,FALSE
"CHEK1",0.01,0.01,0,0.02,FALSE,FALSE
"PUS3",0.01,0.03,0,-0.22,FALSE,FALSE
"CDON",0.01,0.01,0,-0.02,FALSE,FALSE
"FAM118B",0.01,0.01,0,-0.01,FALSE,FALSE
"FOXRED1",0.01,0.03,0,-0.14,FALSE,FALSE
"DCPS",0.01,0.01,0,0.03,FALSE,FALSE
"ST3GAL4",0.01,0.04,0,-0.26,FALSE,FALSE
"KCNJ5",0.01,0.01,0,0.07,FALSE,FALSE
"IGSF9B",0.01,0.01,0,0.07,FALSE,FALSE
"IDI1",0.01,0.03,0,-0.25,FALSE,FALSE
"AKR1C2",0.01,0.02,0,-0.16,FALSE,FALSE
"GDI2",0.01,0.03,0,-0.14,FALSE,FALSE
"ANKRD16",0.01,0.03,0,-0.14,FALSE,FALSE
"KIN",0.01,0.02,0,-0.08,FALSE,FALSE
"TAF3",0.01,0,0,0.06,FALSE,FALSE
"DHTKD1",0.01,0.03,0,-0.14,FALSE,FALSE
"PHYH",0.01,0.01,0,-0.05,FALSE,FALSE
"RPP38",0.01,0.07,0,-0.54,FALSE,FALSE
"CUBN",0.01,0.01,0,0.08,FALSE,FALSE
"BMI1",0.01,0.02,0,-0.04,FALSE,FALSE
"ARHGAP21",0.01,0.02,0,-0.1,FALSE,FALSE
"PRTFDC1",0.01,0.03,0,-0.23,FALSE,FALSE
"THNSL1",0.01,0.02,0,-0.13,FALSE,FALSE
"MPP7",0.01,0.01,0,-0.09,FALSE,FALSE
"CCDC7",0.01,0.01,0,0.03,FALSE,FALSE
"ZNF33B",0.01,0.01,0,0.04,FALSE,FALSE
"ZFAND4",0.01,0,0,0.06,FALSE,FALSE
"TIMM23",0.01,0.02,0,-0.1,FALSE,FALSE
"GDF10",0.01,0.01,0,-0.02,FALSE,FALSE
"TFAM",0.01,0.01,0,-0.06,FALSE,FALSE
"FAM13C",0.01,0.04,0,-0.37,FALSE,FALSE
"RHOBTB1",0.01,0.01,0,-0.02,FALSE,FALSE
"RTKN2",0.01,0.01,0,-0.05,FALSE,FALSE
"SIRT1",0.01,0.03,0,-0.14,FALSE,FALSE
"PBLD",0.01,0,0,0.11,FALSE,FALSE
"CCAR1",0.01,0.02,0,-0.13,FALSE,FALSE
"STOX1",0.01,0.03,0,-0.17,FALSE,FALSE
"HKDC1",0.01,0.01,0,-0.06,FALSE,FALSE
"TSPAN15",0.01,0.02,0,-0.16,FALSE,FALSE
"FAM241B",0.01,0.01,0,0.04,FALSE,FALSE
"MACROH2A2",0.01,0.02,0,-0.15,FALSE,FALSE
"AIFM2",0.01,0.01,0,-0.06,FALSE,FALSE
"PPA1",0.01,0.02,0,-0.12,FALSE,FALSE
"SLC29A3",0.01,0,0,0.06,FALSE,FALSE
"CHST3",0.01,0.02,0,-0.15,FALSE,FALSE
"MCU",0.01,0.03,0,-0.23,FALSE,FALSE
"MSS51",0.01,0.01,0,0.04,FALSE,FALSE
"FUT11",0.01,0.02,0,-0.13,FALSE,FALSE
"PLAU",0.01,0.01,0,0.04,FALSE,FALSE
"KAT6B",0.01,0.02,0,-0.1,FALSE,FALSE
"KCNMA1",0.01,0.02,0,-0.16,FALSE,FALSE
"ZMIZ1",0.01,0.03,0,-0.23,FALSE,FALSE
"TMEM254",0.01,0.03,0,-0.23,FALSE,FALSE
"BMPR1A",0.01,0.01,0,-0.06,FALSE,FALSE
"SHLD2",0.01,0,0,0.19,FALSE,FALSE
"PAPSS2",0.01,0.01,0,0.02,FALSE,FALSE
"IFIT2",0.01,0.03,0,-0.17,FALSE,FALSE
"IFIT1",0.01,0.02,0,-0.1,FALSE,FALSE
"HECTD2",0.01,0.03,0,-0.22,FALSE,FALSE
"PPP1R3C",0.01,0.01,0,0,FALSE,FALSE
"CPEB3",0.01,0.01,0,-0.09,FALSE,FALSE
"HHEX",0.01,0.03,0,-0.23,FALSE,FALSE
"EXOC6",0.01,0.06,0,-0.46,FALSE,FALSE
"CEP55",0.01,0.02,0,-0.2,FALSE,FALSE
"TCTN3",0.01,0.03,0,-0.23,FALSE,FALSE
"ENTPD1",0.01,0.04,0,-0.32,FALSE,FALSE
"BLNK",0.01,0.01,0,-0.06,FALSE,FALSE
"PIK3AP1",0.01,0.03,0,-0.22,FALSE,FALSE
"ARHGAP19",0.01,0.03,0,-0.18,FALSE,FALSE
"AVPI1",0.01,0.03,0,-0.18,FALSE,FALSE
"ZFYVE27",0.01,0.01,0,0.02,FALSE,FALSE
"LOXL4",0.01,0.02,0,-0.12,FALSE,FALSE
"PYROXD2",0.01,0.01,0,0.03,FALSE,FALSE
"HPSE2",0.01,0.02,0,-0.1,FALSE,FALSE
"SLC25A28",0.01,0.01,0,-0.09,FALSE,FALSE
"ENTPD7",0.01,0.03,0,-0.18,FALSE,FALSE
"KAZALD1",0.01,0.02,0,-0.12,FALSE,FALSE
"BTRC",0.01,0.03,0,-0.33,FALSE,FALSE
"DPCD",0.01,0.02,0,-0.04,FALSE,FALSE
"NPM3",0.01,0.04,0,-0.34,FALSE,FALSE
"KCNIP2",0.01,0.02,0,-0.04,FALSE,FALSE
"ARMH3",0.01,0.03,0,-0.23,FALSE,FALSE
"HPS6",0.01,0.03,0,-0.18,FALSE,FALSE
"GBF1",0.01,0.03,0,-0.22,FALSE,FALSE
"MFSD13A",0.01,0.01,0,0.07,FALSE,FALSE
"ACTR1A",0.01,0.05,0,-0.38,FALSE,FALSE
"ARL3",0.01,0.04,0,-0.26,FALSE,FALSE
"AS3MT",0.01,0.01,0,0.03,FALSE,FALSE
"PDCD11",0.01,0.02,0,-0.15,FALSE,FALSE
"CFAP43",0.01,0,0,0.06,FALSE,FALSE
"XPNPEP1",0.01,0.05,0,-0.43,FALSE,FALSE
"BBIP1",0.01,0.03,0,-0.17,FALSE,FALSE
"ADRA2A",0.01,0.03,0,-0.33,FALSE,FALSE
"ZDHHC6",0.01,0.03,0,-0.18,FALSE,FALSE
"ATRNL1",0.01,0.01,0,0.04,FALSE,FALSE
"SHTN1",0.01,0.01,0,-0.02,FALSE,FALSE
"SLC18A2",0.01,0.01,0,-0.02,FALSE,FALSE
"SFXN4",0.01,0.02,0,-0.16,FALSE,FALSE
"GRK5",0.01,0.04,0,-0.29,FALSE,FALSE
"BAG3",0.01,0.03,0,-0.18,FALSE,FALSE
"PSTK",0.01,0.01,0,-0.06,FALSE,FALSE
"LHPP",0.01,0.02,0,-0.16,FALSE,FALSE
"EDRF1",0.01,0.02,0,-0.1,FALSE,FALSE
"EBF3",0.01,0.02,0,-0.1,FALSE,FALSE
"C10orf143",0.01,0.01,0,-0.09,FALSE,FALSE
"LRRC27",0.01,0.01,0,0.02,FALSE,FALSE
"PWWP2B",0.01,0.01,0,0.03,FALSE,FALSE
"ZNF511",0.01,0.02,0,-0.12,FALSE,FALSE
"FUOM",0.01,0.02,0,-0.13,FALSE,FALSE
"SYCE1",0.01,0.01,0,0.03,FALSE,FALSE
"CCDC77",0.01,0,0,0.15,FALSE,FALSE
"B4GALNT3",0.01,0.01,0,-0.02,FALSE,FALSE
"RAD52",0.01,0.04,0,-0.26,FALSE,FALSE
"RHNO1",0.01,0.01,0,-0.01,FALSE,FALSE
"CRACR2A",0.01,0.02,0,-0.13,FALSE,FALSE
"RAD51AP1",0.01,0.01,0,0.07,FALSE,FALSE
"DYRK4",0.01,0.01,0,-0.09,FALSE,FALSE
"NDUFA9",0.01,0.03,0,-0.17,FALSE,FALSE
"SCNN1A",0.01,0.01,0,-0.01,FALSE,FALSE
"TAPBPL",0.01,0.02,0,-0.04,FALSE,FALSE
"IFFO1",0.01,0.02,0,-0.2,FALSE,FALSE
"NOP2",0.01,0.03,0,-0.33,FALSE,FALSE
"PHB2",0.01,0.04,0,-0.31,FALSE,FALSE
"PEX5",0.01,0.01,0,0,FALSE,FALSE
"CLEC4A",0.01,0.01,0,-0.09,FALSE,FALSE
"MFAP5",0.01,0.02,0,-0.04,FALSE,FALSE
"PHC1",0.01,0.03,0,-0.23,FALSE,FALSE
"KLRG1",0.01,0.03,0,-0.22,FALSE,FALSE
"KLRB1",0.01,0.03,0,-0.22,FALSE,FALSE
"MAGOHB",0.01,0.03,0,-0.28,FALSE,FALSE
"SMIM10L1",0.01,0.02,0,-0.1,FALSE,FALSE
"PLBD1",0.01,0.01,0,-0.09,FALSE,FALSE
"WBP11",0.01,0.03,0,-0.25,FALSE,FALSE
"ART4",0.01,0.01,0,-0.09,FALSE,FALSE
"PYROXD1",0.01,0.03,0,-0.26,FALSE,FALSE
"KCNJ8",0.01,0.03,0,-0.26,FALSE,FALSE
"FGFR1OP2",0.01,0.03,0,-0.23,FALSE,FALSE
"FAR2",0.01,0.01,0,-0.06,FALSE,FALSE
"CAPRIN2",0.01,0.04,0,-0.29,FALSE,FALSE
"DENND5B",0.01,0.02,0,-0.1,FALSE,FALSE
"ETFBKMT",0.01,0,0,0.06,FALSE,FALSE
"AMN1",0.01,0.03,0,-0.17,FALSE,FALSE
"PKP2",0.01,0.04,0,-0.37,FALSE,FALSE
"CPNE8",0.01,0.02,0,-0.04,FALSE,FALSE
"ABCD2",0.01,0.04,0,-0.29,FALSE,FALSE
"SLC2A13",0.01,0.04,0,-0.42,FALSE,FALSE
"LRRK2",0.01,0.01,0,0.03,FALSE,FALSE
"PRICKLE1",0.01,0.03,0,-0.23,FALSE,FALSE
"PUS7L",0.01,0.04,0,-0.32,FALSE,FALSE
"TWF1",0.01,0.01,0,0.11,FALSE,FALSE
"PCED1B",0.01,0.03,0,-0.2,FALSE,FALSE
"RAPGEF3",0.01,0.03,0,-0.23,FALSE,FALSE
"SLC48A1",0.01,0.04,0,-0.39,FALSE,FALSE
"PFKM",0.01,0.02,0,-0.2,FALSE,FALSE
"CACNB3",0.01,0.02,0,-0.04,FALSE,FALSE
"ARF3",0.01,0.02,0,-0.16,FALSE,FALSE
"TUBA1C",0.01,0.01,0,-0.09,FALSE,FALSE
"SPATS2",0.01,0.02,0,-0.13,FALSE,FALSE
"TMBIM6",0.01,0.01,0,-0.02,FALSE,FALSE
"BCDIN3D",0.01,0.02,0,-0.12,FALSE,FALSE
"SLC11A2",0.01,0.03,0,-0.33,FALSE,FALSE
"CSRNP2",0.01,0.02,0,-0.2,FALSE,FALSE
"SMAGP",0.01,0.03,0,-0.17,FALSE,FALSE
"ATG101",0.01,0.03,0,-0.22,FALSE,FALSE
"KRT7",0.01,0.03,0,-0.14,FALSE,FALSE
"ESPL1",0.01,0.02,0,-0.12,FALSE,FALSE
"TARBP2",0.01,0.02,0,-0.15,FALSE,FALSE
"SARNP",0.01,0.02,0,-0.12,FALSE,FALSE
"PYM1",0.01,0.03,0,-0.17,FALSE,FALSE
"IKZF4",0.01,0.01,0,0.07,FALSE,FALSE
"SMARCC2",0.01,0.03,0,-0.3,FALSE,FALSE
"SPRYD4",0.01,0.02,0,-0.12,FALSE,FALSE
"GLS2",0.01,0.01,0,-0.02,FALSE,FALSE
"PRIM1",0.01,0.03,0,-0.2,FALSE,FALSE
"ZBTB39",0.01,0.01,0,-0.01,FALSE,FALSE
"NDUFA4L2",0.01,0.01,0,-0.09,FALSE,FALSE
"DDIT3",0.01,0.02,0,-0.04,FALSE,FALSE
"MBD6",0.01,0.03,0,-0.28,FALSE,FALSE
"PIP4K2C",0.01,0.01,0,0.04,FALSE,FALSE
"DTX3",0.01,0.03,0,-0.17,FALSE,FALSE
"AGAP2",0.01,0.01,0,-0.05,FALSE,FALSE
"SLC16A7",0.01,0.01,0,-0.05,FALSE,FALSE
"SRGAP1",0.01,0.01,0,-0.05,FALSE,FALSE
"C12orf66",0.01,0.01,0,-0.05,FALSE,FALSE
"TBK1",0.01,0.04,0,-0.34,FALSE,FALSE
"HELB",0.01,0.03,0,-0.2,FALSE,FALSE
"YEATS4",0.01,0.02,0,-0.07,FALSE,FALSE
"FRS2",0.01,0.04,0,-0.32,FALSE,FALSE
"RAB3IP",0.01,0.05,0,-0.4,FALSE,FALSE
"KCNMB4",0.01,0.01,0,-0.02,FALSE,FALSE
"THAP2",0.01,0.01,0,0.03,FALSE,FALSE
"GLIPR1L2",0.01,0.01,0,0.02,FALSE,FALSE
"CSRP2",0.01,0.01,0,0.04,FALSE,FALSE
"NAV3",0.01,0.01,0,-0.02,FALSE,FALSE
"PTPRQ",0.01,0.01,0,0.03,FALSE,FALSE
"LIN7A",0.01,0.01,0,-0.02,FALSE,FALSE
"TMTC2",0.01,0.03,0,-0.18,FALSE,FALSE
"C12orf29",0.01,0.01,0,0.02,FALSE,FALSE
"CEP290",0.01,0.02,0,-0.15,FALSE,FALSE
"POC1B",0.01,0.02,0,-0.08,FALSE,FALSE
"CRADD",0.01,0.03,0,-0.14,FALSE,FALSE
"PLXNC1",0.01,0.02,0,-0.16,FALSE,FALSE
"CEP83",0.01,0.02,0,-0.12,FALSE,FALSE
"NDUFA12",0.01,0.03,0,-0.2,FALSE,FALSE
"CFAP54",0.01,0,0,0.06,FALSE,FALSE
"ANKS1B",0.01,0.02,0,-0.04,FALSE,FALSE
"NT5DC3",0.01,0.01,0,-0.02,FALSE,FALSE
"GLT8D2",0.01,0.01,0,-0.05,FALSE,FALSE
"EID3",0.01,0.01,0,-0.02,FALSE,FALSE
"SLC41A2",0.01,0.02,0,-0.13,FALSE,FALSE
"C12orf45",0.01,0.02,0,-0.13,FALSE,FALSE
"POLR3B",0.01,0.01,0,-0.02,FALSE,FALSE
"MTERF2",0.01,0.02,0,-0.08,FALSE,FALSE
"SSH1",0.01,0.03,0,-0.25,FALSE,FALSE
"UNG",0.01,0.02,0,-0.15,FALSE,FALSE
"GLTP",0.01,0.01,0,-0.02,FALSE,FALSE
"FAM216A",0.01,0.02,0,-0.15,FALSE,FALSE
"TCTN1",0.01,0.01,0,0,FALSE,FALSE
"SH2B3",0.01,0.03,0,-0.22,FALSE,FALSE
"BRAP",0.01,0.02,0,-0.12,FALSE,FALSE
"ACAD10",0.01,0,0,0.06,FALSE,FALSE
"TMEM116",0.01,0.02,0,-0.16,FALSE,FALSE
"NAA25",0.01,0.02,0,-0.08,FALSE,FALSE
"TRAFD1",0.01,0.02,0,-0.16,FALSE,FALSE
"PTPN11",0.01,0.01,0,-0.06,FALSE,FALSE
"SLC8B1",0.01,0.02,0,-0.04,FALSE,FALSE
"TESC",0.01,0.05,0,-0.45,FALSE,FALSE
"RFC5",0.01,0.02,0,-0.08,FALSE,FALSE
"TAOK3",0.01,0.05,0,-0.45,FALSE,FALSE
"CIT",0.01,0.01,0,0.04,FALSE,FALSE
"BICDL1",0.01,0.03,0,-0.23,FALSE,FALSE
"GATC",0.01,0.01,0,-0.02,FALSE,FALSE
"SRSF9",0.01,0.03,0,-0.14,FALSE,FALSE
"COQ5",0.01,0.02,0,-0.07,FALSE,FALSE
"POP5",0.01,0.02,0,-0.1,FALSE,FALSE
"UNC119B",0.01,0.03,0,-0.14,FALSE,FALSE
"SPPL3",0.01,0.03,0,-0.17,FALSE,FALSE
"C12orf43",0.01,0.01,0,0,FALSE,FALSE
"P2RX4",0.01,0.02,0,-0.16,FALSE,FALSE
"MLXIP",0.01,0.01,0,0.04,FALSE,FALSE
"KNTC1",0.01,0.01,0,-0.02,FALSE,FALSE
"VPS37B",0.01,0.01,0,-0.02,FALSE,FALSE
"OGFOD2",0.01,0.04,0,-0.29,FALSE,FALSE
"DDX55",0.01,0.03,0,-0.26,FALSE,FALSE
"GTF2H3",0.01,0.01,0,0.03,FALSE,FALSE
"TCTN2",0.01,0.01,0,0.04,FALSE,FALSE
"SCARB1",0.01,0.07,0,-0.54,FALSE,FALSE
"BRI3BP",0.01,0.02,0,-0.08,FALSE,FALSE
"TMEM132C",0.01,0.02,0,-0.04,FALSE,FALSE
"SFSWAP",0.01,0.05,0,-0.38,FALSE,FALSE
"PUS1",0.01,0.02,0,-0.13,FALSE,FALSE
"EP400",0.01,0,0,0.1,FALSE,FALSE
"DDX51",0.01,0.02,0,-0.13,FALSE,FALSE
"NOC4L",0.01,0.01,0,-0.09,FALSE,FALSE
"FBRSL1",0.01,0.04,0,-0.31,FALSE,FALSE
"POLE",0.01,0.02,0,-0.08,FALSE,FALSE
"CHFR",0.01,0.03,0,-0.22,FALSE,FALSE
"ZNF605",0.01,0.01,0,0.03,FALSE,FALSE
"ZNF26",0.01,0.01,0,-0.02,FALSE,FALSE
"ZNF84",0.01,0.02,0,-0.13,FALSE,FALSE
"GJB2",0.01,0.01,0,0,FALSE,FALSE
"EEF1AKMT1",0.01,0.01,0,-0.02,FALSE,FALSE
"LATS2",0.01,0.01,0,0.04,FALSE,FALSE
"SACS",0.01,0.02,0,-0.12,FALSE,FALSE
"MIPEP",0.01,0.02,0,-0.15,FALSE,FALSE
"SPATA13",0.01,0.01,0,0.03,FALSE,FALSE
"PARP4",0.01,0.03,0,-0.14,FALSE,FALSE
"CENPJ",0.01,0,0,0.11,FALSE,FALSE
"WASF3",0.01,0.03,0,-0.22,FALSE,FALSE
"GTF3A",0.01,0.03,0,-0.18,FALSE,FALSE
"POMP",0.01,0.02,0,-0.04,FALSE,FALSE
"MEDAG",0.01,0,0,0.06,FALSE,FALSE
"B3GLCT",0.01,0.02,0,-0.12,FALSE,FALSE
"BRCA2",0.01,0.01,0,-0.05,FALSE,FALSE
"STARD13",0.01,0.01,0,0.04,FALSE,FALSE
"RFC3",0.01,0.02,0,-0.15,FALSE,FALSE
"MAB21L1",0.01,0.03,0,-0.17,FALSE,FALSE
"DCLK1",0.01,0,0,0.15,FALSE,FALSE
"RFXAP",0.01,0.02,0,-0.12,FALSE,FALSE
"SMAD9",0.01,0,0,0.06,FALSE,FALSE
"NHLRC3",0.01,0.03,0,-0.14,FALSE,FALSE
"MTRF1",0.01,0.01,0,0.11,FALSE,FALSE
"DGKH",0.01,0.03,0,-0.14,FALSE,FALSE
"GTF2F2",0.01,0.04,0,-0.32,FALSE,FALSE
"RUBCNL",0.01,0.01,0,-0.05,FALSE,FALSE
"NUDT15",0.01,0.02,0,-0.04,FALSE,FALSE
"DHRS12",0.01,0.02,0,-0.12,FALSE,FALSE
"OLFM4",0.01,0.04,0,-0.36,FALSE,FALSE
"DACH1",0.01,0.03,0,-0.26,FALSE,FALSE
"MZT1",0.01,0,0,0.11,FALSE,FALSE
"BORA",0.01,0.02,0,-0.08,FALSE,FALSE
"PIBF1",0.01,0.03,0,-0.25,FALSE,FALSE
"UCHL3",0.01,0.03,0,-0.2,FALSE,FALSE
"SLAIN1",0.01,0.01,0,-0.01,FALSE,FALSE
"TGDS",0.01,0.01,0,-0.09,FALSE,FALSE
"DZIP1",0.01,0.03,0,-0.2,FALSE,FALSE
"UGGT2",0.01,0.02,0,-0.07,FALSE,FALSE
"FARP1",0.01,0.03,0,-0.23,FALSE,FALSE
"GPR18",0.01,0.01,0,-0.02,FALSE,FALSE
"TPP2",0.01,0.05,0,-0.45,FALSE,FALSE
"ABHD13",0.01,0,0,0.1,FALSE,FALSE
"TNFSF13B",0.01,0.01,0,-0.02,FALSE,FALSE
"ATP11A",0.01,0.04,0,-0.32,FALSE,FALSE
"MCF2L",0.01,0.04,0,-0.37,FALSE,FALSE
"TMCO3",0.01,0.02,0,-0.15,FALSE,FALSE
"CHAMP1",0.01,0.02,0,-0.2,FALSE,FALSE
"CCNB1IP1",0.01,0.01,0,-0.09,FALSE,FALSE
"PARP2",0.01,0.01,0,-0.05,FALSE,FALSE
"TEP1",0.01,0.03,0,-0.18,FALSE,FALSE
"PNP",0.01,0.02,0,-0.13,FALSE,FALSE
"RNASE6",0.01,0.01,0,-0.09,FALSE,FALSE
"METTL3",0.01,0.02,0,-0.13,FALSE,FALSE
"PRMT5",0.01,0.01,0,0.04,FALSE,FALSE
"AJUBA",0.01,0.05,0,-0.45,FALSE,FALSE
"C14orf93",0.01,0.03,0,-0.22,FALSE,FALSE
"SLC7A8",0.01,0.01,0,0.02,FALSE,FALSE
"HOMEZ",0.01,0.03,0,-0.3,FALSE,FALSE
"EMC9",0.01,0.05,0,-0.45,FALSE,FALSE
"PSME2",0.01,0.01,0,0.02,FALSE,FALSE
"MDP1",0.01,0.04,0,-0.34,FALSE,FALSE
"TGM1",0.01,0.01,0,0.02,FALSE,FALSE
"NOP9",0.01,0.02,0,-0.08,FALSE,FALSE
"CIDEB",0.01,0.03,0,-0.2,FALSE,FALSE
"ADCY4",0.01,0.03,0,-0.3,FALSE,FALSE
"NFATC4",0.01,0.03,0,-0.14,FALSE,FALSE
"NYNRIN",0.01,0.03,0,-0.28,FALSE,FALSE
"NOVA1",0.01,0.03,0,-0.33,FALSE,FALSE
"PRKD1",0.01,0.02,0,-0.16,FALSE,FALSE
"AP4S1",0.01,0.02,0,-0.12,FALSE,FALSE
"DTD2",0.01,0,0,0.15,FALSE,FALSE
"ARHGAP5",0.01,0.04,0,-0.36,FALSE,FALSE
"AKAP6",0.01,0.01,0,0.02,FALSE,FALSE
"NPAS3",0.01,0.01,0,0,FALSE,FALSE
"BAZ1A",0.01,0.03,0,-0.26,FALSE,FALSE
"PPP2R3C",0.01,0.03,0,-0.22,FALSE,FALSE
"PRORP",0.01,0.01,0,0.04,FALSE,FALSE
"RALGAPA1",0.01,0.01,0,-0.02,FALSE,FALSE
"BRMS1L",0.01,0.02,0,-0.16,FALSE,FALSE
"MIPOL1",0.01,0.01,0,0.03,FALSE,FALSE
"SEC23A",0.01,0.01,0,0,FALSE,FALSE
"MIA2",0.01,0.01,0,-0.05,FALSE,FALSE
"LRR1",0.01,0.03,0,-0.17,FALSE,FALSE
"MGAT2",0.01,0.03,0,-0.25,FALSE,FALSE
"DNAAF2",0.01,0.01,0,0.07,FALSE,FALSE
"KLHDC1",0.01,0.03,0,-0.23,FALSE,FALSE
"VCPKMT",0.01,0.03,0,-0.28,FALSE,FALSE
"L2HGDH",0.01,0.01,0,-0.09,FALSE,FALSE
"DMAC2L",0.01,0.04,0,-0.26,FALSE,FALSE
"CDKL1",0.01,0.01,0,0.02,FALSE,FALSE
"ATL1",0.01,0.01,0,0.02,FALSE,FALSE
"PYGL",0.01,0.01,0,-0.01,FALSE,FALSE
"TMX1",0.01,0.02,0,-0.12,FALSE,FALSE
"NID2",0.01,0.01,0,-0.05,FALSE,FALSE
"PTGDR",0.01,0.03,0,-0.22,FALSE,FALSE
"TXNDC16",0.01,0.01,0,-0.09,FALSE,FALSE
"STYX",0.01,0.06,0,-0.51,FALSE,FALSE
"CGRRF1",0.01,0.04,0,-0.31,FALSE,FALSE
"SAMD4A",0.01,0.02,0,-0.2,FALSE,FALSE
"ARMH4",0.01,0.01,0,0.02,FALSE,FALSE
"TIMM9",0.01,0.01,0,-0.09,FALSE,FALSE
"DACT1",0.01,0.01,0,0.11,FALSE,FALSE
"SIX4",0.01,0,0,0.06,FALSE,FALSE
"TRMT5",0.01,0.02,0,-0.1,FALSE,FALSE
"SLC38A6",0.01,0.02,0,-0.04,FALSE,FALSE
"SNAPC1",0.01,0.01,0,-0.06,FALSE,FALSE
"WDR89",0.01,0.04,0,-0.26,FALSE,FALSE
"MTHFD1",0.01,0.03,0,-0.2,FALSE,FALSE
"GPX2",0.01,0.01,0,0.07,FALSE,FALSE
"RAB15",0.01,0.03,0,-0.22,FALSE,FALSE
"FNTB",0.01,0.02,0,-0.2,FALSE,FALSE
"MPP5",0.01,0.01,0,-0.01,FALSE,FALSE
"TMEM229B",0.01,0.01,0,0.02,FALSE,FALSE
"PIGH",0.01,0.04,0,-0.39,FALSE,FALSE
"ZFYVE26",0.01,0.01,0,-0.02,FALSE,FALSE
"TTC9",0.01,0.01,0,-0.02,FALSE,FALSE
"SIPA1L1",0.01,0.02,0,-0.1,FALSE,FALSE
"DCAF4",0.01,0.02,0,-0.2,FALSE,FALSE
"RIOX1",0.01,0.01,0,0.02,FALSE,FALSE
"PNMA1",0.01,0.04,0,-0.26,FALSE,FALSE
"PTGR2",0.01,0.01,0,-0.01,FALSE,FALSE
"ENTPD5",0.01,0.01,0,-0.06,FALSE,FALSE
"BBOF1",0.01,0.02,0,-0.13,FALSE,FALSE
"ACYP1",0.01,0.01,0,0.03,FALSE,FALSE
"POMT2",0.01,0.01,0,0.11,FALSE,FALSE
"SLIRP",0.01,0.02,0,-0.2,FALSE,FALSE
"SNW1",0.01,0.02,0,-0.13,FALSE,FALSE
"STON2",0.01,0.02,0,-0.08,FALSE,FALSE
"SPATA7",0.01,0.02,0,-0.13,FALSE,FALSE
"EFCAB11",0.01,0,0,0.15,FALSE,FALSE
"TTC7B",0.01,0,0,0.06,FALSE,FALSE
"GPR68",0.01,0.01,0,0.02,FALSE,FALSE
"TRIP11",0.01,0.02,0,-0.16,FALSE,FALSE
"CHGA",0.01,0.02,0,-0.04,FALSE,FALSE
"MOAP1",0.01,0.04,0,-0.32,FALSE,FALSE
"TMEM251",0.01,0.02,0,-0.08,FALSE,FALSE
"GON7",0.01,0.03,0,-0.25,FALSE,FALSE
"GSC",0.01,0.01,0,-0.02,FALSE,FALSE
"DICER1",0.01,0.06,0,-0.56,FALSE,FALSE
"CCDC85C",0.01,0.01,0,-0.01,FALSE,FALSE
"SLC25A29",0.01,0.02,0,-0.15,FALSE,FALSE
"DLK1",0.01,0.03,0,-0.18,FALSE,FALSE
"ZNF839",0.01,0.01,0,-0.06,FALSE,FALSE
"CINP",0.01,0.02,0,-0.16,FALSE,FALSE
"TRAF3",0.01,0.03,0,-0.23,FALSE,FALSE
"CDC42BPB",0.01,0.03,0,-0.22,FALSE,FALSE
"MARK3",0.01,0.03,0,-0.17,FALSE,FALSE
"COA8",0.01,0.02,0,-0.15,FALSE,FALSE
"PPP1R13B",0.01,0.01,0,-0.01,FALSE,FALSE
"CEP170B",0.01,0.01,0,-0.02,FALSE,FALSE
"GPR132",0.01,0.02,0,-0.13,FALSE,FALSE
"NUDT14",0.01,0.04,0,-0.36,FALSE,FALSE
"PACS2",0.01,0.05,0,-0.4,FALSE,FALSE
"FAM30A",0.01,0.02,0,-0.04,FALSE,FALSE
"NIPA2",0.01,0.01,0,0.03,FALSE,FALSE
"TUBGCP5",0.01,0.01,0,0.04,FALSE,FALSE
"NDN",0.01,0.03,0,-0.17,FALSE,FALSE
"SNRPN",0.01,0.01,0,-0.02,FALSE,FALSE
"GABRB3",0.01,0.01,0,0.07,FALSE,FALSE
"APBA2",0.01,0,0,0.06,FALSE,FALSE
"ARHGAP11B",0.01,0,0,0.11,FALSE,FALSE
"FAN1",0.01,0.02,0,-0.13,FALSE,FALSE
"OTUD7A",0.01,0.01,0,-0.06,FALSE,FALSE
"RYR3",0.01,0.02,0,-0.04,FALSE,FALSE
"NOP10",0.01,0.03,0,-0.25,FALSE,FALSE
"LPCAT4",0.01,0.01,0,-0.01,FALSE,FALSE
"GOLGA8B",0.01,0.02,0,-0.04,FALSE,FALSE
"ACTC1",0.01,0.02,0,-0.07,FALSE,FALSE
"GPR176",0.01,0.01,0,-0.06,FALSE,FALSE
"EIF2AK4",0.01,0.02,0,-0.13,FALSE,FALSE
"BUB1B",0.01,0.01,0,0.11,FALSE,FALSE
"PLCB2",0.01,0.03,0,-0.22,FALSE,FALSE
"INAFM2",0.01,0.01,0,-0.06,FALSE,FALSE
"CCDC9B",0.01,0,0,0.11,FALSE,FALSE
"KNSTRN",0.01,0.01,0,0.07,FALSE,FALSE
"RAD51",0.01,0.01,0,-0.02,FALSE,FALSE
"DLL4",0.01,0.02,0,-0.16,FALSE,FALSE
"OIP5",0.01,0.01,0,0.07,FALSE,FALSE
"MAPKBP1",0.01,0.02,0,-0.07,FALSE,FALSE
"PLA2G4F",0.01,0.02,0,-0.15,FALSE,FALSE
"GANC",0.01,0.03,0,-0.26,FALSE,FALSE
"LRRC57",0.01,0.04,0,-0.26,FALSE,FALSE
"HAUS2",0.01,0.04,0,-0.36,FALSE,FALSE
"CDAN1",0.01,0.01,0,-0.05,FALSE,FALSE
"TTBK2",0.01,0.01,0,-0.05,FALSE,FALSE
"TMEM62",0.01,0.02,0,-0.16,FALSE,FALSE
"LCMT2",0.01,0.01,0,0,FALSE,FALSE
"ADAL",0.01,0.01,0,-0.06,FALSE,FALSE
"ZSCAN29",0.01,0.01,0,0.03,FALSE,FALSE
"TUBGCP4",0.01,0.02,0,-0.2,FALSE,FALSE
"PDIA3",0.01,0.07,0,-0.58,FALSE,FALSE
"SPG11",0.01,0.04,0,-0.36,FALSE,FALSE
"PATL2",0.01,0.01,0,0.02,FALSE,FALSE
"SPATA5L1",0.01,0.01,0,0.07,FALSE,FALSE
"SQOR",0.01,0.03,0,-0.28,FALSE,FALSE
"SEMA6D",0.01,0.02,0,-0.12,FALSE,FALSE
"CEP152",0.01,0.01,0,0.07,FALSE,FALSE
"USP8",0.01,0.04,0,-0.29,FALSE,FALSE
"TNFAIP8L3",0.01,0.01,0,-0.02,FALSE,FALSE
"LYSMD2",0.01,0.03,0,-0.14,FALSE,FALSE
"TMOD2",0.01,0.02,0,-0.2,FALSE,FALSE
"MAPK6",0.01,0.03,0,-0.28,FALSE,FALSE
"MYO5A",0.01,0.01,0,-0.09,FALSE,FALSE
"PYGO1",0.01,0,0,0.06,FALSE,FALSE
"NEDD4",0.01,0.02,0,-0.15,FALSE,FALSE
"ALDH1A2",0.01,0.03,0,-0.28,FALSE,FALSE
"ADAM10",0.01,0.04,0,-0.29,FALSE,FALSE
"ICE2",0.01,0.03,0,-0.33,FALSE,FALSE
"C2CD4A",0.01,0.03,0,-0.26,FALSE,FALSE
"C2CD4B",0.01,0.02,0,-0.04,FALSE,FALSE
"APH1B",0.01,0.03,0,-0.17,FALSE,FALSE
"HERC1",0.01,0.01,0,-0.06,FALSE,FALSE
"DAPK2",0.01,0.01,0,0.02,FALSE,FALSE
"MTFMT",0.01,0.01,0,0.03,FALSE,FALSE
"UBAP1L",0.01,0.01,0,0.02,FALSE,FALSE
"CILP",0.01,0.02,0,-0.12,FALSE,FALSE
"RAB11A",0.01,0.03,0,-0.14,FALSE,FALSE
"MAP2K1",0.01,0.03,0,-0.26,FALSE,FALSE
"ZWILCH",0.01,0,0,0.06,FALSE,FALSE
"SMAD6",0.01,0.01,0,-0.06,FALSE,FALSE
"C15orf61",0.01,0.01,0,-0.01,FALSE,FALSE
"PIAS1",0.01,0.04,0,-0.29,FALSE,FALSE
"LRRC49",0.01,0.02,0,-0.12,FALSE,FALSE
"MYO9A",0.01,0.02,0,-0.08,FALSE,FALSE
"SENP8",0.01,0.02,0,-0.08,FALSE,FALSE
"STOML1",0.01,0.03,0,-0.22,FALSE,FALSE
"ARID3B",0.01,0.01,0,-0.09,FALSE,FALSE
"CLK3",0.01,0.01,0,0.08,FALSE,FALSE
"EDC3",0.01,0.03,0,-0.14,FALSE,FALSE
"ULK3",0.01,0,0,0.06,FALSE,FALSE
"MPI",0.01,0.03,0,-0.26,FALSE,FALSE
"FAM219B",0.01,0.06,0,-0.51,FALSE,FALSE
"PPCDC",0.01,0.02,0,-0.16,FALSE,FALSE
"COMMD4",0.01,0.05,0,-0.53,FALSE,FALSE
"PTPN9",0.01,0.03,0,-0.2,FALSE,FALSE
"FBXO22",0.01,0.06,0,-0.61,FALSE,FALSE
"SCAPER",0.01,0.03,0,-0.23,FALSE,FALSE
"RCN2",0.01,0.03,0,-0.17,FALSE,FALSE
"HYKK",0.01,0.01,0,0.07,FALSE,FALSE
"MORF4L1",0.01,0.03,0,-0.14,FALSE,FALSE
"MTHFS",0.01,0.04,0,-0.31,FALSE,FALSE
"FAH",0.01,0.01,0,-0.06,FALSE,FALSE
"AP3B2",0.01,0.01,0,-0.06,FALSE,FALSE
"RAMAC",0.01,0.01,0,0.02,FALSE,FALSE
"BNC1",0.01,0.01,0,0.02,FALSE,FALSE
"SH3GL3",0.01,0,0,0.06,FALSE,FALSE
"ZSCAN2",0.01,0.02,0,-0.04,FALSE,FALSE
"KLHL25",0.01,0.02,0,-0.13,FALSE,FALSE
"AEN",0.01,0.02,0,-0.12,FALSE,FALSE
"HAPLN3",0.01,0.03,0,-0.22,FALSE,FALSE
"KIF7",0.01,0.01,0,0.03,FALSE,FALSE
"CIB1",0.01,0.03,0,-0.23,FALSE,FALSE
"FURIN",0.01,0.02,0,-0.2,FALSE,FALSE
"FES",0.01,0.02,0,-0.13,FALSE,FALSE
"HDDC3",0.01,0.03,0,-0.23,FALSE,FALSE
"PRC1",0.01,0.03,0,-0.18,FALSE,FALSE
"SLCO3A1",0.01,0.04,0,-0.26,FALSE,FALSE
"FAM174B",0.01,0.02,0,-0.04,FALSE,FALSE
"LYSMD4",0.01,0.02,0,-0.1,FALSE,FALSE
"ASB7",0.01,0.02,0,-0.16,FALSE,FALSE
"ALDH1A3",0.01,0.01,0,-0.02,FALSE,FALSE
"LRRK1",0.01,0.01,0,0.11,FALSE,FALSE
"SNRPA1",0.01,0.06,0,-0.46,FALSE,FALSE
"POLR3K",0.01,0.01,0,0,FALSE,FALSE
"RHBDF1",0.01,0.01,0,-0.01,FALSE,FALSE
"MPG",0.01,0.02,0,-0.15,FALSE,FALSE
"RAB40C",0.01,0.04,0,-0.39,FALSE,FALSE
"WDR90",0.01,0.02,0,-0.16,FALSE,FALSE
"WDR24",0.01,0,0,0.1,FALSE,FALSE
"FBXL16",0.01,0.02,0,-0.12,FALSE,FALSE
"METRN",0.01,0.01,0,0.07,FALSE,FALSE
"LMF1",0.01,0,0,0.06,FALSE,FALSE
"CACNA1H",0.01,0.01,0,-0.09,FALSE,FALSE
"IFT140",0.01,0.01,0,-0.09,FALSE,FALSE
"FAHD1",0.01,0.01,0,0.11,FALSE,FALSE
"TBL3",0.01,0.03,0,-0.25,FALSE,FALSE
"GFER",0.01,0.03,0,-0.26,FALSE,FALSE
"NTHL1",0.01,0.02,0,-0.07,FALSE,FALSE
"TRAF7",0.01,0.01,0,-0.09,FALSE,FALSE
"ABCA3",0.01,0.01,0,-0.06,FALSE,FALSE
"CCNF",0.01,0.03,0,-0.22,FALSE,FALSE
"PDPK1",0.01,0.02,0,-0.1,FALSE,FALSE
"KCTD5",0.01,0.03,0,-0.18,FALSE,FALSE
"SRRM2",0.01,0.02,0,-0.07,FALSE,FALSE
"PKMYT1",0.01,0.01,0,-0.02,FALSE,FALSE
"TNFRSF12A",0.01,0.01,0,-0.09,FALSE,FALSE
"THOC6",0.01,0.03,0,-0.25,FALSE,FALSE
"ZNF213",0.01,0.01,0,0.07,FALSE,FALSE
"TIGD7",0.01,0.01,0,0.02,FALSE,FALSE
"ZSCAN32",0.01,0.02,0,-0.12,FALSE,FALSE
"NAA60",0.01,0.03,0,-0.17,FALSE,FALSE
"NLRC3",0.01,0.03,0,-0.17,FALSE,FALSE
"DNASE1",0.01,0.02,0,-0.16,FALSE,FALSE
"SRL",0.01,0.01,0,-0.02,FALSE,FALSE
"GLIS2",0.01,0.01,0,-0.06,FALSE,FALSE
"MGRN1",0.01,0.03,0,-0.3,FALSE,FALSE
"ANKS3",0.01,0.03,0,-0.3,FALSE,FALSE
"ZNF500",0.01,0.02,0,-0.13,FALSE,FALSE
"ROGDI",0.01,0.01,0,0.07,FALSE,FALSE
"GLYR1",0.01,0.02,0,-0.15,FALSE,FALSE
"ABAT",0.01,0.01,0,-0.09,FALSE,FALSE
"TMEM186",0.01,0.03,0,-0.25,FALSE,FALSE
"PMM2",0.01,0.02,0,-0.08,FALSE,FALSE
"GRIN2A",0.01,0.01,0,-0.06,FALSE,FALSE
"ATF7IP2",0.01,0.01,0,0.03,FALSE,FALSE
"NUBP1",0.01,0.02,0,-0.13,FALSE,FALSE
"CLEC16A",0.01,0.01,0,0,FALSE,FALSE
"ZC3H7A",0.01,0.03,0,-0.17,FALSE,FALSE
"RSL1D1",0.01,0.03,0,-0.25,FALSE,FALSE
"GSPT1",0.01,0.01,0,0.02,FALSE,FALSE
"TNFRSF17",0.01,0.02,0,-0.2,FALSE,FALSE
"BFAR",0.01,0.02,0,-0.1,FALSE,FALSE
"NOMO1",0.01,0.01,0,-0.06,FALSE,FALSE
"NTAN1",0.01,0.02,0,-0.07,FALSE,FALSE
"XYLT1",0.01,0.01,0,0.03,FALSE,FALSE
"ARL6IP1",0.01,0.03,0,-0.18,FALSE,FALSE
"SMG1",0.01,0.01,0,-0.09,FALSE,FALSE
"COQ7",0.01,0.06,0,-0.51,FALSE,FALSE
"GDE1",0.01,0.02,0,-0.12,FALSE,FALSE
"IQCK",0.01,0.01,0,0.02,FALSE,FALSE
"DCUN1D3",0.01,0.02,0,-0.04,FALSE,FALSE
"UQCRC2",0.01,0.02,0,-0.15,FALSE,FALSE
"UBFD1",0.01,0.01,0,0.07,FALSE,FALSE
"PALB2",0.01,0.01,0,0.07,FALSE,FALSE
"DCTN5",0.01,0.01,0,-0.06,FALSE,FALSE
"IL21R",0.01,0.02,0,-0.07,FALSE,FALSE
"APOBR",0.01,0.03,0,-0.22,FALSE,FALSE
"ATXN2L",0.01,0.02,0,-0.07,FALSE,FALSE
"SPN",0.01,0.03,0,-0.28,FALSE,FALSE
"MAZ",0.01,0,0,0.15,FALSE,FALSE
"ZNF771",0.01,0.01,0,0.02,FALSE,FALSE
"ZNF768",0.01,0.03,0,-0.17,FALSE,FALSE
"ZNF747",0.01,0.01,0,0.02,FALSE,FALSE
"ZNF785",0.01,0.01,0,-0.01,FALSE,FALSE
"ZNF689",0.01,0.02,0,-0.16,FALSE,FALSE
"PHKG2",0.01,0.02,0,-0.04,FALSE,FALSE
"CTF1",0.01,0.02,0,-0.16,FALSE,FALSE
"SETD1A",0.01,0.01,0,0.08,FALSE,FALSE
"ZNF646",0.01,0.01,0,0.08,FALSE,FALSE
"PRSS8",0.01,0.05,0,-0.41,FALSE,FALSE
"ARMC5",0.01,0.01,0,0,FALSE,FALSE
"ZNF267",0.01,0.04,0,-0.29,FALSE,FALSE
"C16orf87",0.01,0.01,0,0.04,FALSE,FALSE
"GPT2",0.01,0.02,0,-0.16,FALSE,FALSE
"NETO2",0.01,0.01,0,-0.06,FALSE,FALSE
"SIAH1",0.01,0.03,0,-0.2,FALSE,FALSE
"ZNF423",0.01,0.03,0,-0.22,FALSE,FALSE
"HEATR3",0.01,0.02,0,-0.15,FALSE,FALSE
"NKD1",0.01,0.02,0,-0.13,FALSE,FALSE
"SNX20",0.01,0.02,0,-0.15,FALSE,FALSE
"RPGRIP1L",0.01,0.01,0,-0.06,FALSE,FALSE
"FTO",0.01,0.01,0,0.02,FALSE,FALSE
"NLRC5",0.01,0.03,0,-0.2,FALSE,FALSE
"CIAPIN1",0.01,0.01,0,-0.01,FALSE,FALSE
"DOK4",0.01,0.02,0,-0.04,FALSE,FALSE
"KATNB1",0.01,0,0,0.06,FALSE,FALSE
"KIFC3",0.01,0.01,0,0,FALSE,FALSE
"USB1",0.01,0.03,0,-0.3,FALSE,FALSE
"GINS3",0.01,0.02,0,-0.04,FALSE,FALSE
"SETD6",0.01,0.03,0,-0.18,FALSE,FALSE
"SLC38A7",0.01,0.02,0,-0.08,FALSE,FALSE
"CES2",0.01,0.03,0,-0.28,FALSE,FALSE
"CES4A",0.01,0.01,0,0.11,FALSE,FALSE
"B3GNT9",0.01,0.02,0,-0.13,FALSE,FALSE
"TRADD",0.01,0.02,0,-0.15,FALSE,FALSE
"ELMO3",0.01,0.01,0,0.02,FALSE,FALSE
"ZDHHC1",0.01,0.01,0,-0.02,FALSE,FALSE
"RANBP10",0.01,0.02,0,-0.13,FALSE,FALSE
"DDX28",0.01,0.01,0,-0.02,FALSE,FALSE
"PLA2G15",0.01,0.01,0,-0.06,FALSE,FALSE
"SLC7A6OS",0.01,0.03,0,-0.25,FALSE,FALSE
"PRMT7",0.01,0.01,0,0.04,FALSE,FALSE
"TANGO6",0.01,0.01,0,-0.01,FALSE,FALSE
"VPS4A",0.01,0.06,0,-0.46,FALSE,FALSE
"COG8",0.01,0.01,0,-0.01,FALSE,FALSE
"NQO1",0.01,0.01,0,-0.01,FALSE,FALSE
"NOB1",0.01,0.05,0,-0.53,FALSE,FALSE
"AARS1",0.01,0.01,0,-0.06,FALSE,FALSE
"FCSK",0.01,0.01,0,0.03,FALSE,FALSE
"CMTR2",0.01,0.04,0,-0.39,FALSE,FALSE
"ZNF19",0.01,0.01,0,-0.01,FALSE,FALSE
"MARVELD3",0.01,0,0,0.15,FALSE,FALSE
"RFWD3",0.01,0.03,0,-0.26,FALSE,FALSE
"ZFP1",0.01,0.02,0,-0.08,FALSE,FALSE
"CHST6",0.01,0.01,0,-0.01,FALSE,FALSE
"ADAMTS18",0.01,0.01,0,0.02,FALSE,FALSE
"CDYL2",0.01,0,0,0.11,FALSE,FALSE
"CENPN",0.01,0.02,0,-0.16,FALSE,FALSE
"ATMIN",0.01,0.01,0,-0.01,FALSE,FALSE
"MLYCD",0.01,0.02,0,-0.13,FALSE,FALSE
"USP10",0.01,0.05,0,-0.38,FALSE,FALSE
"KIAA0513",0.01,0.01,0,-0.01,FALSE,FALSE
"EMC8",0.01,0.02,0,-0.08,FALSE,FALSE
"FOXC2",0.01,0.01,0,0.11,FALSE,FALSE
"FBXO31",0.01,0.03,0,-0.25,FALSE,FALSE
"MVD",0.01,0.01,0,0.03,FALSE,FALSE
"CTU2",0.01,0.01,0,0.08,FALSE,FALSE
"ZNF778",0.01,0.01,0,-0.09,FALSE,FALSE
"SPATA33",0.01,0.01,0,-0.02,FALSE,FALSE
"ZNF276",0.01,0.02,0,-0.1,FALSE,FALSE
"FANCA",0.01,0.02,0,-0.16,FALSE,FALSE
"SPIRE2",0.01,0.01,0,0.02,FALSE,FALSE
"C17orf97",0.01,0.01,0,-0.06,FALSE,FALSE
"RFLNB",0.01,0.01,0,-0.09,FALSE,FALSE
"GEMIN4",0.01,0.03,0,-0.14,FALSE,FALSE
"SLC43A2",0.01,0.03,0,-0.23,FALSE,FALSE
"SCARF1",0.01,0.01,0,-0.09,FALSE,FALSE
"RILP",0.01,0.02,0,-0.13,FALSE,FALSE
"SRR",0.01,0.02,0,-0.12,FALSE,FALSE
"P2RX5",0.01,0.02,0,-0.15,FALSE,FALSE
"P2RX1",0.01,0.01,0,-0.09,FALSE,FALSE
"CYB5D2",0.01,0.02,0,-0.12,FALSE,FALSE
"MED11",0.01,0.01,0,0.04,FALSE,FALSE
"CXCL16",0.01,0.01,0,0.07,FALSE,FALSE
"PLD2",0.01,0.04,0,-0.34,FALSE,FALSE
"CAMTA2",0.01,0.03,0,-0.28,FALSE,FALSE
"KIF1C",0.01,0.04,0,-0.36,FALSE,FALSE
"ZFP3",0.01,0.03,0,-0.25,FALSE,FALSE
"SCIMP",0.01,0,0,0.11,FALSE,FALSE
"DHX33",0.01,0.02,0,-0.13,FALSE,FALSE
"DERL2",0.01,0.05,0,-0.38,FALSE,FALSE
"MIS12",0.01,0.02,0,-0.12,FALSE,FALSE
"KIAA0753",0.01,0.01,0,0.03,FALSE,FALSE
"XAF1",0.01,0.02,0,-0.2,FALSE,FALSE
"DLG4",0.01,0.05,0,-0.35,FALSE,FALSE
"CTDNEP1",0.01,0.02,0,-0.1,FALSE,FALSE
"NEURL4",0.01,0.02,0,-0.1,FALSE,FALSE
"PLSCR3",0.01,0.05,0,-0.35,FALSE,FALSE
"NLGN2",0.01,0.02,0,-0.1,FALSE,FALSE
"CHRNB1",0.01,0.01,0,0.08,FALSE,FALSE
"SENP3",0.01,0.02,0,-0.13,FALSE,FALSE
"MPDU1",0.01,0.01,0,0.03,FALSE,FALSE
"RNF227",0.01,0.02,0,-0.12,FALSE,FALSE
"TMEM107",0.01,0.04,0,-0.37,FALSE,FALSE
"PFAS",0.01,0.03,0,-0.25,FALSE,FALSE
"KRBA2",0.01,0.02,0,-0.08,FALSE,FALSE
"PIK3R5",0.01,0.02,0,-0.04,FALSE,FALSE
"ADPRM",0.01,0.01,0,-0.02,FALSE,FALSE
"TMEM220",0.01,0.01,0,-0.01,FALSE,FALSE
"ARHGAP44",0.01,0.03,0,-0.2,FALSE,FALSE
"COX10",0.01,0.02,0,-0.13,FALSE,FALSE
"HS3ST3B1",0.01,0.02,0,-0.04,FALSE,FALSE
"TRIM16",0.01,0.01,0,-0.06,FALSE,FALSE
"PIGL",0.01,0.02,0,-0.07,FALSE,FALSE
"ZNF287",0.01,0.01,0,-0.06,FALSE,FALSE
"ZNF624",0.01,0.01,0,-0.01,FALSE,FALSE
"NT5M",0.01,0,0,0.11,FALSE,FALSE
"MED9",0.01,0.02,0,-0.04,FALSE,FALSE
"B9D1",0.01,0.03,0,-0.28,FALSE,FALSE
"MAPK7",0.01,0.04,0,-0.26,FALSE,FALSE
"SLC47A1",0.01,0.01,0,-0.02,FALSE,FALSE
"ULK2",0.01,0.02,0,-0.16,FALSE,FALSE
"AKAP10",0.01,0.03,0,-0.18,FALSE,FALSE
"SPECC1",0.01,0.03,0,-0.33,FALSE,FALSE
"LGALS9",0.01,0.02,0,-0.13,FALSE,FALSE
"TMEM97",0.01,0.01,0,0,FALSE,FALSE
"TNFAIP1",0.01,0.04,0,-0.29,FALSE,FALSE
"SARM1",0.01,0.02,0,-0.13,FALSE,FALSE
"SDF2",0.01,0.03,0,-0.22,FALSE,FALSE
"NEK8",0.01,0.02,0,-0.16,FALSE,FALSE
"MYO18A",0.01,0.04,0,-0.31,FALSE,FALSE
"TP53I13",0.01,0.01,0,-0.02,FALSE,FALSE
"CPD",0.01,0.04,0,-0.32,FALSE,FALSE
"ATAD5",0.01,0.01,0,0.08,FALSE,FALSE
"RNF135",0.01,0.01,0,-0.02,FALSE,FALSE
"NF1",0.01,0.03,0,-0.23,FALSE,FALSE
"LRRC37B",0.01,0,0,0.06,FALSE,FALSE
"ZNF207",0.01,0.01,0,-0.05,FALSE,FALSE
"PSMD11",0.01,0.06,0,-0.51,FALSE,FALSE
"CCT6B",0.01,0.01,0,0.04,FALSE,FALSE
"LIG3",0.01,0.01,0,0.08,FALSE,FALSE
"NLE1",0.01,0.03,0,-0.2,FALSE,FALSE
"SLFN11",0.01,0.08,0,-0.63,FALSE,FALSE
"SLFN12L",0.01,0.01,0,0.02,FALSE,FALSE
"PEX12",0.01,0.01,0,0.07,FALSE,FALSE
"AP2B1",0.01,0.01,0,-0.09,FALSE,FALSE
"MYO19",0.01,0.02,0,-0.08,FALSE,FALSE
"MRM1",0.01,0.01,0,0.02,FALSE,FALSE
"ACACA",0.01,0.04,0,-0.31,FALSE,FALSE
"DDX52",0.01,0.02,0,-0.16,FALSE,FALSE
"CISD3",0.01,0.01,0,0.08,FALSE,FALSE
"PCGF2",0.01,0.01,0,-0.01,FALSE,FALSE
"ARL5C",0.01,0.01,0,0.02,FALSE,FALSE
"FBXL20",0.01,0.01,0,0.04,FALSE,FALSE
"GSDMB",0.01,0.02,0,-0.15,FALSE,FALSE
"CDC6",0.01,0.01,0,-0.02,FALSE,FALSE
"TNS4",0.01,0.02,0,-0.08,FALSE,FALSE
"HAP1",0.01,0.05,0,-0.45,FALSE,FALSE
"KLHL11",0.01,0,0,0.06,FALSE,FALSE
"ACLY",0.01,0.03,0,-0.22,FALSE,FALSE
"DHX58",0.01,0.02,0,-0.08,FALSE,FALSE
"GHDC",0.01,0.01,0,-0.05,FALSE,FALSE
"NAGLU",0.01,0.01,0,-0.01,FALSE,FALSE
"PSMC3IP",0.01,0.01,0,0,FALSE,FALSE
"CNTNAP1",0.01,0.02,0,-0.04,FALSE,FALSE
"RUNDC1",0.01,0.02,0,-0.13,FALSE,FALSE
"BRCA1",0.01,0.02,0,-0.13,FALSE,FALSE
"TMEM106A",0.01,0.02,0,-0.07,FALSE,FALSE
"ARL4D",0.01,0.01,0,-0.06,FALSE,FALSE
"MEOX1",0.01,0.02,0,-0.07,FALSE,FALSE
"CD300LG",0.01,0.01,0,-0.06,FALSE,FALSE
"LSM12",0.01,0.01,0,0,FALSE,FALSE
"ATXN7L3",0.01,0.03,0,-0.17,FALSE,FALSE
"DBF4B",0.01,0.02,0,-0.08,FALSE,FALSE
"ACBD4",0.01,0.05,0,-0.43,FALSE,FALSE
"MAP3K14",0.01,0.02,0,-0.13,FALSE,FALSE
"ITGB3",0.01,0.01,0,0.11,FALSE,FALSE
"EFCAB13",0.01,0.01,0,0.03,FALSE,FALSE
"OSBPL7",0.01,0.03,0,-0.18,FALSE,FALSE
"PNPO",0.01,0.03,0,-0.28,FALSE,FALSE
"SNX11",0.01,0.01,0,-0.09,FALSE,FALSE
"SKAP1",0.01,0.04,0,-0.26,FALSE,FALSE
"ATP5MC1",0.01,0.03,0,-0.25,FALSE,FALSE
"NGFR",0.01,0,0,0.06,FALSE,FALSE
"SLC35B1",0.01,0.01,0,0.03,FALSE,FALSE
"FAM117A",0.01,0.03,0,-0.14,FALSE,FALSE
"SGCA",0.01,0.02,0,-0.04,FALSE,FALSE
"LRRC59",0.01,0.01,0,-0.06,FALSE,FALSE
"TOM1L1",0.01,0.03,0,-0.18,FALSE,FALSE
"TMEM100",0.01,0.02,0,-0.04,FALSE,FALSE
"C17orf67",0.01,0.01,0,0.03,FALSE,FALSE
"TRIM25",0.01,0.03,0,-0.26,FALSE,FALSE
"SUPT4H1",0.01,0.02,0,-0.08,FALSE,FALSE
"TRIM37",0.01,0.01,0,0.07,FALSE,FALSE
"SMG8",0.01,0,0,0.06,FALSE,FALSE
"PTRH2",0.01,0.01,0,-0.06,FALSE,FALSE
"TUBD1",0.01,0.04,0,-0.34,FALSE,FALSE
"RNFT1",0.01,0.01,0,-0.01,FALSE,FALSE
"APPBP2",0.01,0.05,0,-0.45,FALSE,FALSE
"TBX2",0.01,0.01,0,-0.01,FALSE,FALSE
"BRIP1",0.01,0.02,0,-0.04,FALSE,FALSE
"METTL2A",0.01,0.03,0,-0.26,FALSE,FALSE
"TLK2",0.01,0.02,0,-0.04,FALSE,FALSE
"TANC2",0.01,0,0,0.06,FALSE,FALSE
"KCNH6",0.01,0.01,0,-0.01,FALSE,FALSE
"TEX2",0.01,0.02,0,-0.07,FALSE,FALSE
"POLG2",0.01,0.02,0,-0.12,FALSE,FALSE
"CEP112",0.01,0.01,0,-0.02,FALSE,FALSE
"PITPNC1",0.01,0.05,0,-0.4,FALSE,FALSE
"KPNA2",0.01,0.01,0,-0.01,FALSE,FALSE
"FAM20A",0.01,0.01,0,0.03,FALSE,FALSE
"ABCA9",0.01,0.01,0,0.02,FALSE,FALSE
"ABCA6",0.01,0.02,0,-0.12,FALSE,FALSE
"MAP2K6",0.01,0.01,0,-0.01,FALSE,FALSE
"SLC39A11",0.01,0.02,0,-0.07,FALSE,FALSE
"COG1",0.01,0.06,0,-0.51,FALSE,FALSE
"C17orf80",0.01,0.01,0,-0.01,FALSE,FALSE
"CDC42EP4",0.01,0.03,0,-0.28,FALSE,FALSE
"TTYH2",0.01,0.01,0,-0.06,FALSE,FALSE
"KIF19",0.01,0.01,0,0,FALSE,FALSE
"FDXR",0.01,0.04,0,-0.29,FALSE,FALSE
"CDR2L",0.01,0,0,0.11,FALSE,FALSE
"KCTD2",0.01,0.03,0,-0.33,FALSE,FALSE
"ARMC7",0.01,0.01,0,-0.01,FALSE,FALSE
"TMEM94",0.01,0.03,0,-0.14,FALSE,FALSE
"GALK1",0.01,0,0,0.06,FALSE,FALSE
"UNC13D",0.01,0.04,0,-0.36,FALSE,FALSE
"TRIM65",0.01,0.02,0,-0.08,FALSE,FALSE
"TEN1",0.01,0.01,0,-0.05,FALSE,FALSE
"UBALD2",0.01,0.03,0,-0.2,FALSE,FALSE
"SPHK1",0.01,0.01,0,-0.09,FALSE,FALSE
"UBE2O",0.01,0.04,0,-0.36,FALSE,FALSE
"USP36",0.01,0.05,0,-0.38,FALSE,FALSE
"CEP295NL",0.01,0.01,0,0.08,FALSE,FALSE
"CANT1",0.01,0.02,0,-0.1,FALSE,FALSE
"TBC1D16",0.01,0.01,0,-0.02,FALSE,FALSE
"SLC26A11",0.01,0.02,0,-0.08,FALSE,FALSE
"BAIAP2",0.01,0.04,0,-0.42,FALSE,FALSE
"CCDC137",0.01,0,0,0.19,FALSE,FALSE
"P4HB",0.01,0.02,0,-0.1,FALSE,FALSE
"PCYT2",0.01,0.03,0,-0.22,FALSE,FALSE
"ASPSCR1",0.01,0.02,0,-0.04,FALSE,FALSE
"FASN",0.01,0.02,0,-0.04,FALSE,FALSE
"NARF",0.01,0.02,0,-0.07,FALSE,FALSE
"WDR45B",0.01,0.03,0,-0.14,FALSE,FALSE
"RAB40B",0.01,0.01,0,0.04,FALSE,FALSE
"FN3K",0.01,0.01,0,-0.02,FALSE,FALSE
"THOC1",0.01,0,0,0.06,FALSE,FALSE
"EMILIN2",0.01,0.02,0,-0.15,FALSE,FALSE
"MYOM1",0.01,0.01,0,-0.06,FALSE,FALSE
"PTPRM",0.01,0.05,0,-0.41,FALSE,FALSE
"RAB31",0.01,0.01,0,-0.02,FALSE,FALSE
"APCDD1",0.01,0.02,0,-0.12,FALSE,FALSE
"NAPG",0.01,0.04,0,-0.39,FALSE,FALSE
"GNAL",0.01,0.02,0,-0.12,FALSE,FALSE
"IMPA2",0.01,0.01,0,-0.09,FALSE,FALSE
"TUBB6",0.01,0.02,0,-0.08,FALSE,FALSE
"PRELID3A",0.01,0.01,0,0.08,FALSE,FALSE
"FAM210A",0.01,0.02,0,-0.1,FALSE,FALSE
"ZNF519",0.01,0.02,0,-0.07,FALSE,FALSE
"ESCO1",0.01,0.03,0,-0.25,FALSE,FALSE
"ABHD3",0.01,0.04,0,-0.32,FALSE,FALSE
"CABLES1",0.01,0.03,0,-0.26,FALSE,FALSE
"RMC1",0.01,0.01,0,0.04,FALSE,FALSE
"ANKRD29",0.01,0.02,0,-0.2,FALSE,FALSE
"LAMA3",0.01,0.03,0,-0.14,FALSE,FALSE
"KCTD1",0.01,0.03,0,-0.28,FALSE,FALSE
"CHST9",0.01,0.03,0,-0.23,FALSE,FALSE
"DSG1",0.01,0.01,0,-0.01,FALSE,FALSE
"B4GALT6",0.01,0.01,0,0.02,FALSE,FALSE
"INO80C",0.01,0.01,0,0.04,FALSE,FALSE
"KIAA1328",0.01,0.03,0,-0.26,FALSE,FALSE
"PIK3C3",0.01,0.03,0,-0.25,FALSE,FALSE
"KATNAL2",0.01,0.01,0,-0.02,FALSE,FALSE
"SMAD7",0.01,0.02,0,-0.2,FALSE,FALSE
"MBD1",0.01,0.01,0,0.04,FALSE,FALSE
"ELAC1",0.01,0.02,0,-0.08,FALSE,FALSE
"C18orf54",0.01,0.01,0,0.08,FALSE,FALSE
"PMAIP1",0.01,0.01,0,-0.02,FALSE,FALSE
"ZCCHC2",0.01,0.02,0,-0.07,FALSE,FALSE
"SERPINB8",0.01,0.01,0,-0.09,FALSE,FALSE
"DSEL",0.01,0.02,0,-0.16,FALSE,FALSE
"CCDC102B",0.01,0.01,0,0,FALSE,FALSE
"CD226",0.01,0.01,0,-0.06,FALSE,FALSE
"RTTN",0.01,0.01,0,0.03,FALSE,FALSE
"TIMM21",0.01,0.02,0,-0.2,FALSE,FALSE
"ZNF407",0.01,0.03,0,-0.14,FALSE,FALSE
"TSHZ1",0.01,0.02,0,-0.13,FALSE,FALSE
"MBP",0.01,0.02,0,-0.08,FALSE,FALSE
"SLC66A2",0.01,0.04,0,-0.37,FALSE,FALSE
"HSBP1L1",0.01,0.02,0,-0.12,FALSE,FALSE
"RBFA",0.01,0.04,0,-0.42,FALSE,FALSE
"PARD6G",0.01,0.02,0,-0.12,FALSE,FALSE
"NRSN2",0.01,0.02,0,-0.16,FALSE,FALSE
"CSNK2A1",0.01,0.02,0,-0.16,FALSE,FALSE
"FAM110A",0.01,0.03,0,-0.17,FALSE,FALSE
"STK35",0.01,0.02,0,-0.13,FALSE,FALSE
"PTPRA",0.01,0.03,0,-0.22,FALSE,FALSE
"UBOX5",0.01,0.03,0,-0.14,FALSE,FALSE
"FASTKD5",0.01,0.02,0,-0.16,FALSE,FALSE
"ADAM33",0.01,0.02,0,-0.15,FALSE,FALSE
"AP5S1",0.01,0.03,0,-0.17,FALSE,FALSE
"SMOX",0.01,0.02,0,-0.16,FALSE,FALSE
"RASSF2",0.01,0.02,0,-0.07,FALSE,FALSE
"TMEM230",0.01,0.01,0,-0.09,FALSE,FALSE
"TRMT6",0.01,0.02,0,-0.16,FALSE,FALSE
"MCM8",0.01,0.01,0,0.08,FALSE,FALSE
"FERMT1",0.01,0.01,0,-0.09,FALSE,FALSE
"SPTLC3",0.01,0.01,0,-0.06,FALSE,FALSE
"ESF1",0.01,0.05,0,-0.43,FALSE,FALSE
"NDUFAF5",0.01,0.03,0,-0.3,FALSE,FALSE
"KIF16B",0.01,0.04,0,-0.31,FALSE,FALSE
"OVOL2",0.01,0.01,0,0.03,FALSE,FALSE
"PET117",0.01,0.02,0,-0.12,FALSE,FALSE
"SLC24A3",0.01,0,0,0.11,FALSE,FALSE
"NAA20",0.01,0.02,0,-0.16,FALSE,FALSE
"INSM1",0.01,0.01,0,0.02,FALSE,FALSE
"RALGAPA2",0.01,0.05,0,-0.35,FALSE,FALSE
"THBD",0.01,0.03,0,-0.33,FALSE,FALSE
"GZF1",0.01,0.05,0,-0.43,FALSE,FALSE
"NAPB",0.01,0.03,0,-0.3,FALSE,FALSE
"CST7",0.01,0.04,0,-0.26,FALSE,FALSE
"ABHD12",0.01,0.03,0,-0.2,FALSE,FALSE
"PDRG1",0.01,0.01,0,-0.09,FALSE,FALSE
"PLAGL2",0.01,0.03,0,-0.26,FALSE,FALSE
"POFUT1",0.01,0.01,0,0,FALSE,FALSE
"KIF3B",0.01,0.01,0,-0.06,FALSE,FALSE
"E2F1",0.01,0.01,0,0.08,FALSE,FALSE
"RALY",0.01,0.04,0,-0.26,FALSE,FALSE
"MAP1LC3A",0.01,0.05,0,-0.41,FALSE,FALSE
"PIGU",0.01,0.02,0,-0.04,FALSE,FALSE
"RBM12",0.01,0.02,0,-0.12,FALSE,FALSE
"AAR2",0.01,0.01,0,0.11,FALSE,FALSE
"TGIF2",0.01,0.03,0,-0.22,FALSE,FALSE
"RBL1",0.01,0.01,0,0.03,FALSE,FALSE
"NNAT",0.01,0.04,0,-0.29,FALSE,FALSE
"VSTM2L",0.01,0.01,0,-0.01,FALSE,FALSE
"TTI1",0.01,0.04,0,-0.31,FALSE,FALSE
"KIAA1755",0.01,0.02,0,-0.2,FALSE,FALSE
"PPP1R16B",0.01,0.01,0,0.07,FALSE,FALSE
"LPIN3",0.01,0.01,0,-0.01,FALSE,FALSE
"L3MBTL1",0.01,0.01,0,-0.06,FALSE,FALSE
"IFT52",0.01,0.02,0,-0.12,FALSE,FALSE
"MYBL2",0.01,0.03,0,-0.25,FALSE,FALSE
"TOX2",0.01,0.04,0,-0.34,FALSE,FALSE
"FITM2",0.01,0,0,0.19,FALSE,FALSE
"TTPAL",0.01,0.02,0,-0.08,FALSE,FALSE
"SLPI",0.01,0.06,0,-0.51,FALSE,FALSE
"SDC4",0.01,0.05,0,-0.48,FALSE,FALSE
"DBNDD2",0.01,0.04,0,-0.31,FALSE,FALSE
"TNNC2",0.01,0.04,0,-0.29,FALSE,FALSE
"ZNF335",0.01,0.02,0,-0.2,FALSE,FALSE
"NCOA5",0.01,0.03,0,-0.2,FALSE,FALSE
"SLC35C2",0.01,0.02,0,-0.07,FALSE,FALSE
"SLC2A10",0.01,0.01,0,-0.09,FALSE,FALSE
"PREX1",0.01,0.01,0,-0.06,FALSE,FALSE
"PARD6B",0.01,0.01,0,-0.06,FALSE,FALSE
"MOCS3",0.01,0.03,0,-0.2,FALSE,FALSE
"TSHZ2",0.01,0.05,0,-0.43,FALSE,FALSE
"CSTF1",0.01,0.03,0,-0.26,FALSE,FALSE
"PMEPA1",0.01,0.01,0,-0.05,FALSE,FALSE
"SYCP2",0.01,0.01,0,0.02,FALSE,FALSE
"PPP1R3D",0.01,0.01,0,0.02,FALSE,FALSE
"MTG2",0.01,0.02,0,-0.04,FALSE,FALSE
"ARFGAP1",0.01,0.02,0,-0.07,FALSE,FALSE
"MIER2",0.01,0.01,0,-0.06,FALSE,FALSE
"SHC2",0.01,0.01,0,0.02,FALSE,FALSE
"CDC34",0.01,0.03,0,-0.22,FALSE,FALSE
"POLRMT",0.01,0.01,0,-0.09,FALSE,FALSE
"RNF126",0.01,0.03,0,-0.14,FALSE,FALSE
"FSTL3",0.01,0.01,0,-0.02,FALSE,FALSE
"ARID3A",0.01,0.02,0,-0.08,FALSE,FALSE
"ARHGAP45",0.01,0.07,0,-0.54,FALSE,FALSE
"SCAMP4",0.01,0.05,0,-0.35,FALSE,FALSE
"IZUMO4",0.01,0.01,0,0.02,FALSE,FALSE
"SLC39A3",0.01,0.01,0,-0.06,FALSE,FALSE
"S1PR4",0.01,0.03,0,-0.23,FALSE,FALSE
"NCLN",0.01,0.02,0,-0.15,FALSE,FALSE
"DOHH",0.01,0.01,0,-0.05,FALSE,FALSE
"MFSD12",0.01,0.01,0,0.04,FALSE,FALSE
"TBXA2R",0.01,0,0,0.11,FALSE,FALSE
"PIP5K1C",0.01,0.03,0,-0.23,FALSE,FALSE
"MATK",0.01,0.02,0,-0.13,FALSE,FALSE
"PIAS4",0.01,0.03,0,-0.22,FALSE,FALSE
"ANKRD24",0.01,0.01,0,-0.02,FALSE,FALSE
"CHAF1A",0.01,0.03,0,-0.18,FALSE,FALSE
"PLIN4",0.01,0,0,0.1,FALSE,FALSE
"TNFAIP8L1",0.01,0.01,0,-0.06,FALSE,FALSE
"TICAM1",0.01,0.02,0,-0.2,FALSE,FALSE
"VMAC",0.01,0.02,0,-0.1,FALSE,FALSE
"CAPS",0.01,0.02,0,-0.07,FALSE,FALSE
"CLPP",0.01,0.03,0,-0.28,FALSE,FALSE
"SLC25A23",0.01,0.03,0,-0.28,FALSE,FALSE
"GPR108",0.01,0.06,0,-0.51,FALSE,FALSE
"ZNF557",0.01,0.02,0,-0.07,FALSE,FALSE
"INSR",0.01,0.01,0,-0.09,FALSE,FALSE
"MCOLN1",0.01,0.01,0,-0.02,FALSE,FALSE
"EVI5L",0.01,0.02,0,-0.12,FALSE,FALSE
"SNAPC2",0.01,0.01,0,0.02,FALSE,FALSE
"KANK3",0.01,0.03,0,-0.33,FALSE,FALSE
"MYO1F",0.01,0.02,0,-0.08,FALSE,FALSE
"ADAMTS10",0.01,0.02,0,-0.04,FALSE,FALSE
"ZNF699",0.01,0.01,0,-0.05,FALSE,FALSE
"OLFM2",0.01,0.01,0,-0.06,FALSE,FALSE
"COL5A3",0.01,0.05,0,-0.41,FALSE,FALSE
"P2RY11",0.01,0.02,0,-0.13,FALSE,FALSE
"FDX2",0.01,0.06,0,-0.46,FALSE,FALSE
"ICAM3",0.01,0.01,0,0.04,FALSE,FALSE
"YIPF2",0.01,0.03,0,-0.25,FALSE,FALSE
"LDLR",0.01,0,0,0.06,FALSE,FALSE
"SPC24",0.01,0.01,0,0.02,FALSE,FALSE
"DOCK6",0.01,0.03,0,-0.3,FALSE,FALSE
"PRKCSH",0.01,0.02,0,-0.2,FALSE,FALSE
"ZNF627",0.01,0.01,0,0,FALSE,FALSE
"ACP5",0.01,0.02,0,-0.16,FALSE,FALSE
"ZNF823",0.01,0.01,0,0.04,FALSE,FALSE
"ZNF440",0.01,0.02,0,-0.04,FALSE,FALSE
"ZNF439",0.01,0.01,0,0.02,FALSE,FALSE
"ZNF625",0.01,0.02,0,-0.2,FALSE,FALSE
"ZNF44",0.01,0.04,0,-0.26,FALSE,FALSE
"ZNF563",0.01,0,0,0.19,FALSE,FALSE
"ZNF709",0.01,0.02,0,-0.1,FALSE,FALSE
"ZNF564",0.01,0.01,0,-0.02,FALSE,FALSE
"ZNF490",0.01,0.03,0,-0.28,FALSE,FALSE
"ZNF791",0.01,0.02,0,-0.15,FALSE,FALSE
"RTBDN",0.01,0.02,0,-0.08,FALSE,FALSE
"LYL1",0.01,0.01,0,-0.01,FALSE,FALSE
"IL27RA",0.01,0.03,0,-0.14,FALSE,FALSE
"ASF1B",0.01,0.03,0,-0.33,FALSE,FALSE
"PKN1",0.01,0.02,0,-0.12,FALSE,FALSE
"HSH2D",0.01,0.03,0,-0.14,FALSE,FALSE
"C19orf44",0.01,0.02,0,-0.2,FALSE,FALSE
"ABHD8",0.01,0.01,0,-0.09,FALSE,FALSE
"DDA1",0.01,0.02,0,-0.15,FALSE,FALSE
"ANO8",0.01,0.03,0,-0.28,FALSE,FALSE
"MVB12A",0.01,0.04,0,-0.32,FALSE,FALSE
"TMEM221",0.01,0.01,0,0.02,FALSE,FALSE
"FCHO1",0.01,0.03,0,-0.22,FALSE,FALSE
"ELL",0.01,0.03,0,-0.22,FALSE,FALSE
"KLHL26",0.01,0.01,0,0.07,FALSE,FALSE
"CRTC1",0.01,0.03,0,-0.2,FALSE,FALSE
"MEF2B",0.01,0.01,0,-0.06,FALSE,FALSE
"NR2C2AP",0.01,0,0,0.06,FALSE,FALSE
"MAU2",0.01,0.03,0,-0.17,FALSE,FALSE
"PBX4",0.01,0.01,0,0.03,FALSE,FALSE
"GMIP",0.01,0.04,0,-0.34,FALSE,FALSE
"ATP13A1",0.01,0.02,0,-0.16,FALSE,FALSE
"ZNF101",0.01,0.03,0,-0.14,FALSE,FALSE
"ZNF85",0.01,0.01,0,-0.06,FALSE,FALSE
"ZNF714",0.01,0.02,0,-0.13,FALSE,FALSE
"ZNF708",0.01,0.05,0,-0.38,FALSE,FALSE
"ZNF738",0.01,0.02,0,-0.12,FALSE,FALSE
"ZNF675",0.01,0.02,0,-0.08,FALSE,FALSE
"POP4",0.01,0.01,0,0,FALSE,FALSE
"TSHZ3",0.01,0,0,0.1,FALSE,FALSE
"NUDT19",0.01,0.02,0,-0.2,FALSE,FALSE
"RHPN2",0.01,0.01,0,0,FALSE,FALSE
"GPATCH1",0.01,0.02,0,-0.08,FALSE,FALSE
"PDCD2L",0.01,0.01,0,-0.02,FALSE,FALSE
"SCN1B",0.01,0.01,0,-0.09,FALSE,FALSE
"LGI4",0.01,0.04,0,-0.29,FALSE,FALSE
"TMEM147",0.01,0.02,0,-0.07,FALSE,FALSE
"COX6B1",0.01,0.03,0,-0.23,FALSE,FALSE
"IGFLR1",0.01,0.02,0,-0.12,FALSE,FALSE
"PROSER3",0.01,0.03,0,-0.23,FALSE,FALSE
"ARHGAP33",0.01,0.01,0,0.02,FALSE,FALSE
"TYROBP",0.01,0.04,0,-0.29,FALSE,FALSE
"LRFN3",0.01,0.01,0,0.11,FALSE,FALSE
"SDHAF1",0.01,0.04,0,-0.31,FALSE,FALSE
"SYNE4",0.01,0.01,0,-0.02,FALSE,FALSE
"ALKBH6",0.01,0.02,0,-0.15,FALSE,FALSE
"WDR62",0.01,0,0,0.15,FALSE,FALSE
"ZFP82",0.01,0.01,0,-0.09,FALSE,FALSE
"ZNF566",0.01,0.01,0,-0.05,FALSE,FALSE
"ZNF850",0.01,0,0,0.1,FALSE,FALSE
"ZNF585A",0.01,0.01,0,-0.06,FALSE,FALSE
"ZNF383",0.01,0.03,0,-0.2,FALSE,FALSE
"ZNF527",0.01,0.02,0,-0.13,FALSE,FALSE
"ZNF540",0.01,0.01,0,0.07,FALSE,FALSE
"ZNF571",0.01,0.01,0,-0.06,FALSE,FALSE
"ZFP30",0.01,0.02,0,-0.08,FALSE,FALSE
"SIPA1L3",0.01,0.02,0,-0.15,FALSE,FALSE
"YIF1B",0.01,0.02,0,-0.04,FALSE,FALSE
"C19orf33",0.01,0.05,0,-0.38,FALSE,FALSE
"FAM98C",0.01,0.01,0,-0.09,FALSE,FALSE
"RINL",0.01,0.01,0,-0.06,FALSE,FALSE
"CCER2",0.01,0,0,0.06,FALSE,FALSE
"FBXO17",0.01,0.01,0,-0.02,FALSE,FALSE
"PAK4",0.01,0.03,0,-0.23,FALSE,FALSE
"NCCRP1",0.01,0.01,0,-0.02,FALSE,FALSE
"GMFG",0.01,0.05,0,-0.43,FALSE,FALSE
"TIMM50",0.01,0.03,0,-0.14,FALSE,FALSE
"EID2",0.01,0.01,0,0.07,FALSE,FALSE
"FCGBP",0.01,0.03,0,-0.25,FALSE,FALSE
"ZNF546",0.01,0.01,0,-0.09,FALSE,FALSE
"MAP3K10",0.01,0.02,0,-0.16,FALSE,FALSE
"SERTAD1",0.01,0.01,0,-0.06,FALSE,FALSE
"SERTAD3",0.01,0.04,0,-0.42,FALSE,FALSE
"COQ8B",0.01,0.04,0,-0.26,FALSE,FALSE
"SNRPA",0.01,0.02,0,-0.07,FALSE,FALSE
"TGFB1",0.01,0.03,0,-0.25,FALSE,FALSE
"TMEM91",0.01,0.02,0,-0.1,FALSE,FALSE
"ZNF574",0.01,0.01,0,0,FALSE,FALSE
"ZNF526",0.01,0.02,0,-0.16,FALSE,FALSE
"LYPD3",0.01,0.01,0,-0.01,FALSE,FALSE
"XRCC1",0.01,0.06,0,-0.51,FALSE,FALSE
"PINLYP",0.01,0.01,0,-0.02,FALSE,FALSE
"ZNF576",0.01,0.02,0,-0.13,FALSE,FALSE
"PLAUR",0.01,0.01,0,-0.02,FALSE,FALSE
"SMG9",0.01,0.02,0,-0.04,FALSE,FALSE
"KCNN4",0.01,0.01,0,-0.06,FALSE,FALSE
"ZNF283",0.01,0.02,0,-0.08,FALSE,FALSE
"ZNF224",0.01,0.02,0,-0.07,FALSE,FALSE
"ZNF226",0.01,0.01,0,-0.02,FALSE,FALSE
"ZNF227",0.01,0.01,0,-0.05,FALSE,FALSE
"PVR",0.01,0.01,0,0.04,FALSE,FALSE
"BLOC1S3",0.01,0.01,0,0.02,FALSE,FALSE
"PPP1R13L",0.01,0.03,0,-0.17,FALSE,FALSE
"QPCTL",0.01,0.01,0,-0.01,FALSE,FALSE
"SIX5",0.01,0.03,0,-0.22,FALSE,FALSE
"DMPK",0.01,0.02,0,-0.2,FALSE,FALSE
"MYPOP",0.01,0.01,0,-0.01,FALSE,FALSE
"PNMA8A",0.01,0.02,0,-0.1,FALSE,FALSE
"PTGIR",0.01,0.02,0,-0.08,FALSE,FALSE
"STRN4",0.01,0.05,0,-0.4,FALSE,FALSE
"SLC1A5",0.01,0.03,0,-0.23,FALSE,FALSE
"AP2S1",0.01,0.02,0,-0.12,FALSE,FALSE
"SAE1",0.01,0.02,0,-0.13,FALSE,FALSE
"DHX34",0.01,0,0,0.15,FALSE,FALSE
"KPTN",0.01,0.01,0,-0.02,FALSE,FALSE
"TMEM143",0.01,0,0,0.1,FALSE,FALSE
"SPHK2",0.01,0.01,0,-0.06,FALSE,FALSE
"CA11",0.01,0.01,0,-0.02,FALSE,FALSE
"GYS1",0.01,0.01,0,-0.09,FALSE,FALSE
"LIN7B",0.01,0.02,0,-0.15,FALSE,FALSE
"FLT3LG",0.01,0.02,0,-0.15,FALSE,FALSE
"PRRG2",0.01,0.01,0,-0.06,FALSE,FALSE
"PRR12",0.01,0.04,0,-0.26,FALSE,FALSE
"FUZ",0.01,0.03,0,-0.28,FALSE,FALSE
"MYH14",0.01,0.01,0,-0.06,FALSE,FALSE
"POLD1",0.01,0.04,0,-0.26,FALSE,FALSE
"SPIB",0.01,0.02,0,-0.2,FALSE,FALSE
"JOSD2",0.01,0.02,0,-0.2,FALSE,FALSE
"LRRC4B",0.01,0,0,0.19,FALSE,FALSE
"KLK11",0.01,0.03,0,-0.23,FALSE,FALSE
"CLDND2",0.01,0.01,0,0.03,FALSE,FALSE
"NKG7",0.01,0.04,0,-0.39,FALSE,FALSE
"ZNF175",0.01,0.04,0,-0.32,FALSE,FALSE
"FPR3",0.01,0.01,0,-0.02,FALSE,FALSE
"ZNF577",0.01,0.01,0,0.08,FALSE,FALSE
"ZNF649",0.01,0.02,0,-0.08,FALSE,FALSE
"ZNF350",0.01,0.02,0,-0.2,FALSE,FALSE
"ZNF841",0.01,0.01,0,0.07,FALSE,FALSE
"ZNF880",0.01,0.02,0,-0.13,FALSE,FALSE
"ZNF600",0.01,0,0,0.11,FALSE,FALSE
"ZNF816",0.01,0.01,0,-0.02,FALSE,FALSE
"ZNF160",0.01,0.05,0,-0.4,FALSE,FALSE
"ZNF415",0.01,0.01,0,0.07,FALSE,FALSE
"ZNF677",0.01,0,0,0.06,FALSE,FALSE
"CNOT3",0.01,0.02,0,-0.13,FALSE,FALSE
"LILRB5",0.01,0,0,0.11,FALSE,FALSE
"CDC42EP5",0.01,0.01,0,-0.06,FALSE,FALSE
"RDH13",0.01,0.03,0,-0.3,FALSE,FALSE
"HSPBP1",0.01,0.01,0,0.08,FALSE,FALSE
"KMT5C",0.01,0.02,0,-0.16,FALSE,FALSE
"FAM71E2",0.01,0.02,0,-0.13,FALSE,FALSE
"TMEM238",0.01,0.03,0,-0.23,FALSE,FALSE
"ISOC2",0.01,0.03,0,-0.3,FALSE,FALSE
"SSC5D",0.01,0.01,0,-0.01,FALSE,FALSE
"ZNF579",0.01,0.01,0,-0.09,FALSE,FALSE
"ZNF784",0.01,0.01,0,-0.02,FALSE,FALSE
"ZNF581",0.01,0.03,0,-0.18,FALSE,FALSE
"CCDC106",0.01,0.01,0,-0.06,FALSE,FALSE
"ZNF787",0.01,0.01,0,-0.01,FALSE,FALSE
"ZNF583",0.01,0.01,0,-0.01,FALSE,FALSE
"ZNF471",0.01,0.01,0,0.03,FALSE,FALSE
"ZFP28",0.01,0,0,0.11,FALSE,FALSE
"ZNF805",0.01,0.01,0,0.08,FALSE,FALSE
"ZNF543",0.01,0.01,0,-0.06,FALSE,FALSE
"ZNF550",0.01,0.04,0,-0.32,FALSE,FALSE
"ZNF416",0.01,0.01,0,-0.02,FALSE,FALSE
"ZNF211",0.01,0.01,0,-0.06,FALSE,FALSE
"ZNF154",0.01,0.02,0,-0.2,FALSE,FALSE
"ZNF776",0.01,0.02,0,-0.12,FALSE,FALSE
"ZNF256",0.01,0.02,0,-0.12,FALSE,FALSE
"ZNF274",0.01,0.02,0,-0.13,FALSE,FALSE
"ZSCAN22",0.01,0.01,0,0.08,FALSE,FALSE
"ZNF584",0.01,0.01,0,0.02,FALSE,FALSE
"ZNF324",0.01,0.02,0,-0.08,FALSE,FALSE
"ZBTB45",0.01,0.03,0,-0.23,FALSE,FALSE
"UBE2M",0.01,0.03,0,-0.18,FALSE,FALSE
"MZF1",0.01,0.01,0,0.03,FALSE,FALSE
"USP18",0.01,0.01,0,-0.05,FALSE,FALSE
"C22orf39",0.01,0.01,0,0.03,FALSE,FALSE
"GP1BB",0.01,0.01,0,-0.06,FALSE,FALSE
"ARVCF",0.01,0.01,0,-0.09,FALSE,FALSE
"DGCR8",0.01,0.02,0,-0.1,FALSE,FALSE
"LZTR1",0.01,0.04,0,-0.32,FALSE,FALSE
"HIC2",0.01,0.01,0,0.02,FALSE,FALSE
"YDJC",0.01,0.01,0,0,FALSE,FALSE
"PPIL2",0.01,0.02,0,-0.15,FALSE,FALSE
"CHCHD10",0.01,0.01,0,-0.02,FALSE,FALSE
"SLC2A11",0.01,0.01,0,-0.06,FALSE,FALSE
"DDTL",0.01,0.01,0,0.03,FALSE,FALSE
"HPS4",0.01,0.04,0,-0.31,FALSE,FALSE
"SRRD",0.01,0.02,0,-0.2,FALSE,FALSE
"TPST2",0.01,0.03,0,-0.18,FALSE,FALSE
"CHEK2",0.01,0.01,0,-0.02,FALSE,FALSE
"HSCB",0.01,0.03,0,-0.23,FALSE,FALSE
"CCDC117",0.01,0.02,0,-0.16,FALSE,FALSE
"ZNRF3",0.01,0.01,0,-0.01,FALSE,FALSE
"EMID1",0.01,0.03,0,-0.17,FALSE,FALSE
"ZMAT5",0.01,0.02,0,-0.07,FALSE,FALSE
"CASTOR1",0.01,0.02,0,-0.07,FALSE,FALSE
"TCN2",0.01,0.01,0,-0.09,FALSE,FALSE
"PRR14L",0.01,0.04,0,-0.36,FALSE,FALSE
"LARGE1",0.01,0.01,0,-0.05,FALSE,FALSE
"HMOX1",0.01,0.02,0,-0.08,FALSE,FALSE
"FOXRED2",0.01,0.01,0,-0.05,FALSE,FALSE
"IFT27",0.01,0.02,0,-0.04,FALSE,FALSE
"NCF4",0.01,0.02,0,-0.2,FALSE,FALSE
"TST",0.01,0.02,0,-0.16,FALSE,FALSE
"MPST",0.01,0.02,0,-0.2,FALSE,FALSE
"KCTD17",0.01,0.02,0,-0.13,FALSE,FALSE
"IL2RB",0.01,0.01,0,-0.09,FALSE,FALSE
"C1QTNF6",0.01,0,0,0.06,FALSE,FALSE
"POLR2F",0.01,0.02,0,-0.12,FALSE,FALSE
"PICK1",0.01,0.03,0,-0.2,FALSE,FALSE
"PLA2G6",0.01,0.02,0,-0.04,FALSE,FALSE
"CBY1",0.01,0.03,0,-0.14,FALSE,FALSE
"DNAL4",0.01,0.04,0,-0.31,FALSE,FALSE
"APOBEC3D",0.01,0.01,0,-0.06,FALSE,FALSE
"APOBEC3F",0.01,0.04,0,-0.32,FALSE,FALSE
"SYNGR1",0.01,0.04,0,-0.34,FALSE,FALSE
"MGAT3",0.01,0,0,0.06,FALSE,FALSE
"CACNA1I",0.01,0.01,0,0.02,FALSE,FALSE
"Z82206.1",0.01,0.01,0,-0.06,FALSE,FALSE
"FAM83F",0.01,0.02,0,-0.16,FALSE,FALSE
"ST13",0.01,0.02,0,-0.08,FALSE,FALSE
"PMM1",0.01,0.03,0,-0.14,FALSE,FALSE
"DESI1",0.01,0.02,0,-0.08,FALSE,FALSE
"SREBF2",0.01,0.05,0,-0.43,FALSE,FALSE
"TNFRSF13C",0.01,0.03,0,-0.33,FALSE,FALSE
"A4GALT",0.01,0.07,0,-0.56,FALSE,FALSE
"MPPED1",0.01,0.01,0,0.03,FALSE,FALSE
"PPARA",0.01,0.01,0,0.07,FALSE,FALSE
"GTSE1",0.01,0.01,0,0.04,FALSE,FALSE
"CELSR1",0.01,0.03,0,-0.23,FALSE,FALSE
"HDAC10",0.01,0.04,0,-0.32,FALSE,FALSE
"DENND6B",0.01,0,0,0.11,FALSE,FALSE
"SHANK3",0.01,0.03,0,-0.18,FALSE,FALSE
"SAMSN1",0.01,0.01,0,0.04,FALSE,FALSE
"BTG3",0.01,0.03,0,-0.23,FALSE,FALSE
"ADAMTS5",0.01,0,0,0.06,FALSE,FALSE
"N6AMT1",0.01,0.01,0,-0.06,FALSE,FALSE
"RWDD2B",0.01,0.03,0,-0.14,FALSE,FALSE
"URB1",0.01,0.03,0,-0.2,FALSE,FALSE
"EVA1C",0.01,0.05,0,-0.43,FALSE,FALSE
"SYNJ1",0.01,0.01,0,-0.02,FALSE,FALSE
"IL10RB",0.01,0.02,0,-0.15,FALSE,FALSE
"SLC5A3",0.01,0.03,0,-0.2,FALSE,FALSE
"RCAN1",0.01,0.02,0,-0.07,FALSE,FALSE
"SETD4",0.01,0.03,0,-0.28,FALSE,FALSE
"CBR1",0.01,0.03,0,-0.22,FALSE,FALSE
"CBR3",0.01,0.01,0,-0.05,FALSE,FALSE
"ERG",0.01,0.02,0,-0.08,FALSE,FALSE
"PSMG1",0.01,0,0,0.15,FALSE,FALSE
"BACE2",0.01,0.03,0,-0.2,FALSE,FALSE
"UBASH3A",0.01,0.02,0,-0.13,FALSE,FALSE
"PKNOX1",0.01,0.02,0,-0.07,FALSE,FALSE
"RRP1B",0.01,0.06,0,-0.51,FALSE,FALSE
"CFAP410",0.01,0.02,0,-0.2,FALSE,FALSE
"ADARB1",0.01,0.02,0,-0.07,FALSE,FALSE
"POFUT2",0.01,0.04,0,-0.32,FALSE,FALSE
"SPATC1L",0.01,0.01,0,-0.01,FALSE,FALSE
"LSS",0.01,0.02,0,-0.15,FALSE,FALSE
"YBEY",0.01,0.01,0,-0.05,FALSE,FALSE
"C21orf58",0.01,0.02,0,-0.08,FALSE,FALSE
"ENSG00000263264",0.01,0.01,0,0.03,FALSE,FALSE
"SAMD11",0,0,0,0,FALSE,FALSE
"NOC2L",0,0.01,0,-0.03,FALSE,FALSE
"KLHL17",0,0,0,0,FALSE,FALSE
"PLEKHN1",0,0,0,0,FALSE,FALSE
"PERM1",0,0,0,0,FALSE,FALSE
"C1orf159",0,0,0,0,FALSE,FALSE
"TTLL10",0,0,0,0,FALSE,FALSE
"TNFRSF18",0,0,0,0,FALSE,FALSE
"TNFRSF4",0,0,0,0,FALSE,FALSE
"B3GALT6",0,0,0,0,FALSE,FALSE
"C1QTNF12",0,0,0,0,FALSE,FALSE
"SCNN1D",0,0,0,0,FALSE,FALSE
"PUSL1",0,0.01,0,-0.11,FALSE,FALSE
"TAS1R3",0,0,0,0,FALSE,FALSE
"ANKRD65",0,0.01,0,-0.12,FALSE,FALSE
"ATAD3C",0,0,0,0,FALSE,FALSE
"ATAD3A",0,0.01,0,-0.11,FALSE,FALSE
"TMEM240",0,0.01,0,-0.07,FALSE,FALSE
"FNDC10",0,0,0,0,FALSE,FALSE
"MMP23B",0,0,0,0,FALSE,FALSE
"CDK11B",0,0.01,0,-0.14,FALSE,FALSE
"CDK11A",0,0,0,0,FALSE,FALSE
"CALML6",0,0,0,0,FALSE,FALSE
"TMEM52",0,0,0,0,FALSE,FALSE
"CFAP74",0,0,0,0,FALSE,FALSE
"PLCH2",0,0.01,0,-0.08,FALSE,FALSE
"HES5",0,0,0,0,FALSE,FALSE
"PRXL2B",0,0.01,0,-0.14,FALSE,FALSE
"PRDM16",0,0,0,0,FALSE,FALSE
"ARHGEF16",0,0,0,0,FALSE,FALSE
"SMIM1",0,0.01,0,-0.16,FALSE,FALSE
"CEP104",0,0.02,0,-0.3,FALSE,FALSE
"AJAP1",0,0,0,0,FALSE,FALSE
"NPHP4",0,0,0,0,FALSE,FALSE
"CHD5",0,0,0,0,FALSE,FALSE
"RNF207",0,0,0,0,FALSE,FALSE
"GPR153",0,0,0,-0.04,FALSE,FALSE
"ACOT7",0,0.01,0,-0.16,FALSE,FALSE
"HES2",0,0,0,0,FALSE,FALSE
"PLEKHG5",0,0.01,0,-0.12,FALSE,FALSE
"UTS2",0,0,0,0,FALSE,FALSE
"SLC45A1",0,0,0,0,FALSE,FALSE
"SLC2A5",0,0,0,0,FALSE,FALSE
"H6PD",0,0.01,0,-0.12,FALSE,FALSE
"SLC25A33",0,0.01,0,-0.12,FALSE,FALSE
"UBE4B",0,0.02,0,-0.21,FALSE,FALSE
"CASZ1",0,0.01,0,-0.03,FALSE,FALSE
"ANGPTL7",0,0,0,0,FALSE,FALSE
"DISP3",0,0,0,0,FALSE,FALSE
"NPPA",0,0,0,0,FALSE,FALSE
"TNFRSF8",0,0,0,0,FALSE,FALSE
"TNFRSF1B",0,0.03,0,-0.31,FALSE,FALSE
"C1orf158",0,0,0,0,FALSE,FALSE
"PRAMEF10",0,0,0,0,FALSE,FALSE
"PRAMEF14",0,0,0,0,FALSE,FALSE
"LRRC38",0,0,0,0,FALSE,FALSE
"PDPN",0,2.48,0,-4.69,TRUE,FALSE
"TMEM51",0,0.02,0,-0.21,FALSE,FALSE
"FHAD1",0,0,0,0,FALSE,FALSE
"AGMAT",0,0,0,0.05,FALSE,FALSE
"SLC25A34",0,0,0,0,FALSE,FALSE
"UQCRHL",0,0,0,0,FALSE,FALSE
"CPLANE2",0,0,0,0,FALSE,FALSE
"NBPF1",0,0,0,0,FALSE,FALSE
"MFAP2",0,0,0,0,FALSE,FALSE
"PADI2",0,0.01,0,-0.08,FALSE,FALSE
"PADI4",0,0,0,0,FALSE,FALSE
"IGSF21",0,0,0,0,FALSE,FALSE
"AKR7A2",0,0.01,0,-0.14,FALSE,FALSE
"HTR6",0,0,0,0,FALSE,FALSE
"PLA2G2A",0,0,0,0,FALSE,FALSE
"PLA2G5",0,0,0,0,FALSE,FALSE
"PLA2G2D",0,0,0,0,FALSE,FALSE
"UBXN10",0,0,0,0,FALSE,FALSE
"VWA5B1",0,0,0,0,FALSE,FALSE
"FAM43B",0,0,0,0,FALSE,FALSE
"CDA",0,0,0,0,FALSE,FALSE
"KIF17",0,0,0,0,FALSE,FALSE
"SH2D5",0,0,0,0,FALSE,FALSE
"NBPF3",0,0,0,0,FALSE,FALSE
"ALPL",0,0,0,0,FALSE,FALSE
"RAP1GAP",0,0,0,0,FALSE,FALSE
"WNT4",0,0.01,0,-0.12,FALSE,FALSE
"ZBTB40",0,0.02,0,-0.21,FALSE,FALSE
"EPHB2",0,0,0,0,FALSE,FALSE
"HTR1D",0,0,0,0,FALSE,FALSE
"ASAP3",0,0,0,0,FALSE,FALSE
"GALE",0,0.01,0,-0.16,FALSE,FALSE
"CNR2",0,0,0,0,FALSE,FALSE
"SRSF10",0,0,0,0,FALSE,FALSE
"IFNLR1",0,0,0,0,FALSE,FALSE
"GRHL3",0,0,0,0,FALSE,FALSE
"STPG1",0,0,0,0,FALSE,FALSE
"RHCE",0,0,0,0,FALSE,FALSE
"AUNIP",0,0,0,0,FALSE,FALSE
"TRIM63",0,0,0,0,FALSE,FALSE
"PDIK1L",0,0.03,0,-0.38,FALSE,FALSE
"FAM110D",0,0.01,0,-0.16,FALSE,FALSE
"C1orf232",0,0,0,0,FALSE,FALSE
"CNKSR1",0,0,0,0,FALSE,FALSE
"CATSPER4",0,0,0,0,FALSE,FALSE
"CRYBG2",0,0,0,0,FALSE,FALSE
"ZNF683",0,0.01,0,-0.16,FALSE,FALSE
"GPN2",0,0,0,-0.04,FALSE,FALSE
"NR0B2",0,0,0,0,FALSE,FALSE
"TENT5B",0,0,0,0,FALSE,FALSE
"TMEM222",0,0.01,0,-0.03,FALSE,FALSE
"MAP3K6",0,0.01,0,-0.11,FALSE,FALSE
"FCN3",0,0,0,0,FALSE,FALSE
"GPR3",0,0,0,0,FALSE,FALSE
"FGR",0,0,0,0,FALSE,FALSE
"RPA2",0,0,0,0,FALSE,FALSE
"SMPDL3B",0,0,0,0,FALSE,FALSE
"PTAFR",0,0,0,0,FALSE,FALSE
"MECR",0,0.02,0,-0.21,FALSE,FALSE
"PTPRU",0,0.01,0,-0.12,FALSE,FALSE
"MATN1",0,0,0,0,FALSE,FALSE
"NKAIN1",0,0,0,0,FALSE,FALSE
"HCRTR1",0,0,0,0,FALSE,FALSE
"CCDC28B",0,0.01,0,-0.03,FALSE,FALSE
"IQCC",0,0,0,0,FALSE,FALSE
"DCDC2B",0,0,0,0,FALSE,FALSE
"EIF3I",0,0,0,0,FALSE,FALSE
"FAM167B",0,0,0,0,FALSE,FALSE
"TSSK3",0,0,0,0,FALSE,FALSE
"FAM229A",0,0,0,0,FALSE,FALSE
"ZBTB8B",0,0,0,0,FALSE,FALSE
"RBBP4",0,0,0,0,FALSE,FALSE
"FNDC5",0,0,0,0,FALSE,FALSE
"TMEM54",0,0.03,0,-0.35,FALSE,FALSE
"TRIM62",0,0,0,0,FALSE,FALSE
"A3GALT2",0,0,0,0,FALSE,FALSE
"ZSCAN20",0,0.01,0,-0.03,FALSE,FALSE
"CSMD2",0,0,0,0,FALSE,FALSE
"GJB5",0,0,0,0,FALSE,FALSE
"GJB4",0,0,0,0,FALSE,FALSE
"ZMYM1",0,0.01,0,-0.12,FALSE,FALSE
"TFAP2E",0,0,0,0,FALSE,FALSE
"TEKT2",0,0.01,0,-0.07,FALSE,FALSE
"SH3D21",0,0,0,0,FALSE,FALSE
"OSCP1",0,0,0,0,FALSE,FALSE
"CSF3R",0,0,0,0,FALSE,FALSE
"GRIK3",0,0,0,0,FALSE,FALSE
"DNALI1",0,0.01,0,-0.14,FALSE,FALSE
"EPHA10",0,0,0,0,FALSE,FALSE
"MTF1",0,0.02,0,-0.25,FALSE,FALSE
"FHL3",0,0.03,0,-0.38,FALSE,FALSE
"POU3F1",0,0,0,0,FALSE,FALSE
"MYCBP",0,0.01,0,-0.11,FALSE,FALSE
"GJA9",0,0,0,0,FALSE,FALSE
"RHBDL2",0,0,0,0,FALSE,FALSE
"NT5C1A",0,0,0,0,FALSE,FALSE
"HPCAL4",0,0,0,0,FALSE,FALSE
"BMP8B",0,0,0,0,FALSE,FALSE
"OXCT2",0,0,0,0,FALSE,FALSE
"MYCL",0,0.01,0,-0.16,FALSE,FALSE
"MFSD2A",0,0,0,0,FALSE,FALSE
"CAP1",0,0.01,0,-0.19,FALSE,FALSE
"RLF",0,0.03,0,-0.35,FALSE,FALSE
"COL9A2",0,0,0,0,FALSE,FALSE
"ZFP69B",0,0,0,0,FALSE,FALSE
"ZFP69",0,0,0,0,FALSE,FALSE
"ZNF684",0,0,0,-0.04,FALSE,FALSE
"RIMS3",0,0,0,0,FALSE,FALSE
"KCNQ4",0,0,0,0,FALSE,FALSE
"SLFNL1",0,0,0,0,FALSE,FALSE
"EDN2",0,0,0,0,FALSE,FALSE
"RIMKLA",0,0,0,0,FALSE,FALSE
"ZMYND12",0,0,0,0,FALSE,FALSE
"PPIH",0,0,0,0,FALSE,FALSE
"CLDN19",0,0,0,0,FALSE,FALSE
"ERMAP",0,0.01,0,-0.11,FALSE,FALSE
"FAM183A",0,0,0,0,FALSE,FALSE
"CFAP57",0,0,0,0,FALSE,FALSE
"TMEM125",0,0,0,0,FALSE,FALSE
"C1orf210",0,0,0,0.01,FALSE,FALSE
"TIE1",0,0.04,0,-0.47,FALSE,FALSE
"ELOVL1",0,0.03,0,-0.37,FALSE,FALSE
"SZT2",0,0.01,0,-0.19,FALSE,FALSE
"B4GALT2",0,0.02,0,-0.23,FALSE,FALSE
"KLF18",0,0,0,0,FALSE,FALSE
"TMEM53",0,0,0,0,FALSE,FALSE
"ARMH1",0,0,0,0,FALSE,FALSE
"BTBD19",0,0.01,0,-0.11,FALSE,FALSE
"PTCH2",0,0,0,0,FALSE,FALSE
"ZSWIM5",0,0.01,0,-0.07,FALSE,FALSE
"HPDL",0,0,0,0,FALSE,FALSE
"MUTYH",0,0,0,0,FALSE,FALSE
"TESK2",0,0.01,0,-0.14,FALSE,FALSE
"CCDC163",0,0.01,0,-0.07,FALSE,FALSE
"MMACHC",0,0.01,0,-0.11,FALSE,FALSE
"CCDC17",0,0,0,0,FALSE,FALSE
"TMEM69",0,0.01,0,-0.14,FALSE,FALSE
"MAST2",0,0.01,0,-0.12,FALSE,FALSE
"TSPAN1",0,0,0,0.01,FALSE,FALSE
"CYP4B1",0,0.01,0,-0.03,FALSE,FALSE
"CYP4A11",0,0,0,0,FALSE,FALSE
"PDZK1IP1",0,0,0,0,FALSE,FALSE
"TAL1",0,0,0,0,FALSE,FALSE
"STIL",0,0,0,-0.04,FALSE,FALSE
"FOXD2",0,0,0,0,FALSE,FALSE
"TRABD2B",0,0,0,0,FALSE,FALSE
"ELAVL4",0,0,0,0,FALSE,FALSE
"DMRTA2",0,0,0,0,FALSE,FALSE
"C1orf185",0,0,0,0,FALSE,FALSE
"TTC39A",0,0,0,0,FALSE,FALSE
"RAB3B",0,0,0,0,FALSE,FALSE
"KTI12",0,0,0,0,FALSE,FALSE
"ORC1",0,0.01,0,-0.08,FALSE,FALSE
"SHISAL2A",0,0,0,0,FALSE,FALSE
"COA7",0,0.01,0,-0.19,FALSE,FALSE
"ZYG11A",0,0,0,0,FALSE,FALSE
"CPT2",0,0.02,0,-0.25,FALSE,FALSE
"GLIS1",0,0,0,0,FALSE,FALSE
"YIPF1",0,0.01,0,-0.11,FALSE,FALSE
"DIO1",0,0,0,0,FALSE,FALSE
"TCEANC2",0,0,0,0,FALSE,FALSE
"CDCP2",0,0,0,0,FALSE,FALSE
"CYB5RL",0,0.02,0,-0.18,FALSE,FALSE
"MROH7",0,0.01,0,-0.03,FALSE,FALSE
"PARS2",0,0,0,0,FALSE,FALSE
"LEXM",0,0,0,0,FALSE,FALSE
"TMEM61",0,0.01,0,-0.11,FALSE,FALSE
"BSND",0,0,0,0,FALSE,FALSE
"PRKAA2",0,0.01,0,-0.11,FALSE,FALSE
"DAB1",0,0,0,0,FALSE,FALSE
"CYP2J2",0,0,0,0,FALSE,FALSE
"C1orf87",0,0,0,0,FALSE,FALSE
"KANK4",0,0,0,0,FALSE,FALSE
"FOXD3",0,0,0,0,FALSE,FALSE
"ROR1",0,0.01,0,-0.11,FALSE,FALSE
"DNAJC6",0,0,0,0,FALSE,FALSE
"PDE4B",0,0.02,0,-0.18,FALSE,FALSE
"SGIP1",0,0,0,0,FALSE,FALSE
"TCTEX1D1",0,0,0,0,FALSE,FALSE
"DNAI4",0,0,0,0,FALSE,FALSE
"C1orf141",0,0,0,0,FALSE,FALSE
"IL12RB2",0,0,0,0,FALSE,FALSE
"DIRAS3",0,0.02,0,-0.21,FALSE,FALSE
"DEPDC1",0,0,0,0,FALSE,FALSE
"LRRIQ3",0,0,0,0,FALSE,FALSE
"TNNI3K",0,0,0,0,FALSE,FALSE
"LRRC53",0,0,0,0,FALSE,FALSE
"SLC44A5",0,0,0,0,FALSE,FALSE
"MSH4",0,0,0,0,FALSE,FALSE
"ST6GALNAC3",0,0,0,0,FALSE,FALSE
"ST6GALNAC5",0,0,0,0,FALSE,FALSE
"AK5",0,0,0,0,FALSE,FALSE
"GIPC2",0,0.01,0,-0.11,FALSE,FALSE
"PTGFR",0,0,0,0,FALSE,FALSE
"SAMD13",0,0,0,0,FALSE,FALSE
"SPATA1",0,0,0,0,FALSE,FALSE
"SSX2IP",0,0.02,0,-0.25,FALSE,FALSE
"DNAI3",0,0,0,0,FALSE,FALSE
"SYDE2",0,0.02,0,-0.18,FALSE,FALSE
"COL24A1",0,0,0,0,FALSE,FALSE
"CLCA2",0,0,0,0,FALSE,FALSE
"CLCA1",0,0,0,0,FALSE,FALSE
"CLCA4",0,0,0,0,FALSE,FALSE
"GBP7",0,0,0,0,FALSE,FALSE
"GBP6",0,0.01,0,-0.16,FALSE,FALSE
"HFM1",0,0.01,0,-0.07,FALSE,FALSE
"CDC7",0,0,0,-0.04,FALSE,FALSE
"EPHX4",0,0,0,0,FALSE,FALSE
"CCDC18",0,0.01,0,-0.11,FALSE,FALSE
"BCAR3",0,0.01,0,-0.11,FALSE,FALSE
"ABCA4",0,0,0,0,FALSE,FALSE
"TLCD4",0,0,0,0,FALSE,FALSE
"SNX7",0,0,0,0,FALSE,FALSE
"PLPPR5",0,0,0,0,FALSE,FALSE
"PLPPR4",0,0,0,0,FALSE,FALSE
"FRRS1",0,0,0,0,FALSE,FALSE
"SLC35A3",0,0.01,0,-0.07,FALSE,FALSE
"LRRC39",0,0,0,0,FALSE,FALSE
"GPR88",0,0,0,0,FALSE,FALSE
"VCAM1",0,1.68,0,-4.16,TRUE,FALSE
"OLFM3",0,0,0,0,FALSE,FALSE
"COL11A1",0,0,0,0,FALSE,FALSE
"PRMT6",0,0.02,0,-0.26,FALSE,FALSE
"NTNG1",0,0,0,0,FALSE,FALSE
"HENMT1",0,0.02,0,-0.18,FALSE,FALSE
"WDR47",0,0.01,0,-0.16,FALSE,FALSE
"TAF13",0,0.02,0,-0.26,FALSE,FALSE
"C1orf194",0,0,0,0,FALSE,FALSE
"ELAPOR1",0,0,0,0,FALSE,FALSE
"CELSR2",0,0,0,0,FALSE,FALSE
"PSRC1",0,0,0,0,FALSE,FALSE
"MYBPHL",0,0,0,0,FALSE,FALSE
"SYPL2",0,0,0,0,FALSE,FALSE
"ATXN7L2",0,0,0,0,FALSE,FALSE
"CYB561D1",0,0,0,0,FALSE,FALSE
"GPR61",0,0,0,0,FALSE,FALSE
"SLC6A17",0,0,0,0,FALSE,FALSE
"SLC16A4",0,0.01,0,-0.07,FALSE,FALSE
"KCNA10",0,0,0,0,FALSE,FALSE
"KCNA2",0,0.01,0,-0.11,FALSE,FALSE
"OVGP1",0,0,0,0,FALSE,FALSE
"C1orf162",0,0.01,0,-0.14,FALSE,FALSE
"TMIGD3",0,0,0,0,FALSE,FALSE
"ADORA3",0,0,0,0,FALSE,FALSE
"KCND3",0,0,0,0,FALSE,FALSE
"WNT2B",0,0,0,0,FALSE,FALSE
"ST7L",0,0.01,0,-0.07,FALSE,FALSE
"CAPZA1",0,0,0,0,FALSE,FALSE
"PPM1J",0,0,0,0,FALSE,FALSE
"DCLRE1B",0,0,0,0,FALSE,FALSE
"BCAS2",0,0,0,0,FALSE,FALSE
"NGF",0,0,0,0,FALSE,FALSE
"NHLH2",0,0,0,0,FALSE,FALSE
"SLC22A15",0,0.01,0,-0.08,FALSE,FALSE
"CD101",0,0,0,0,FALSE,FALSE
"TRIM45",0,0.01,0,-0.19,FALSE,FALSE
"VTCN1",0,0,0,0,FALSE,FALSE
"SPAG17",0,0,0,0,FALSE,FALSE
"TBX15",0,0,0,0,FALSE,FALSE
"HAO2",0,0,0,0,FALSE,FALSE
"HSD3B2",0,0,0,0,FALSE,FALSE
"ZNF697",0,0.01,0,-0.03,FALSE,FALSE
"HMGCS2",0,0,0,0,FALSE,FALSE
"ADAM30",0,0,0,0,FALSE,FALSE
"FCGR1B",0,0,0,0,FALSE,FALSE
"NBPF20",0,0,0,0,FALSE,FALSE
"PDZK1",0,0,0,0,FALSE,FALSE
"CD160",0,0,0,0,FALSE,FALSE
"NUDT17",0,0,0,0.01,FALSE,FALSE
"ANKRD35",0,0.01,0,-0.16,FALSE,FALSE
"ITGA10",0,0,0,0,FALSE,FALSE
"RBM8A",0,0.01,0,-0.03,FALSE,FALSE
"ANKRD34A",0,0,0,0,FALSE,FALSE
"HJV",0,0,0,0,FALSE,FALSE
"PRKAB2",0,0.02,0,-0.18,FALSE,FALSE
"FMO5",0,0,0,0,FALSE,FALSE
"BCL9",0,0.01,0,-0.08,FALSE,FALSE
"GPR89B",0,0.01,0,-0.19,FALSE,FALSE
"NBPF11",0,0,0,0,FALSE,FALSE
"PPIAL4G",0,0,0,0,FALSE,FALSE
"NBPF19",0,0,0,0,FALSE,FALSE
"H2BC21",0,0.01,0,-0.07,FALSE,FALSE
"SV2A",0,0,0,0,FALSE,FALSE
"MTMR11",0,0,0,0,FALSE,FALSE
"C1orf54",0,0.01,0,-0.16,FALSE,FALSE
"ADAMTSL4",0,0.01,0,-0.12,FALSE,FALSE
"CTXND2",0,0,0,0,FALSE,FALSE
"PRUNE1",0,0.02,0,-0.18,FALSE,FALSE
"BNIPL",0,0,0,0,FALSE,FALSE
"TNFAIP8L2",0,0.02,0,-0.21,FALSE,FALSE
"LYSMD1",0,0,0,0,FALSE,FALSE
"ZNF687",0,0.01,0,-0.08,FALSE,FALSE
"CGN",0,0,0,0,FALSE,FALSE
"TUFT1",0,0.01,0,-0.07,FALSE,FALSE
"CELF3",0,0,0,0,FALSE,FALSE
"RIIAD1",0,0,0,0,FALSE,FALSE
"OAZ3",0,0,0,0,FALSE,FALSE
"LINGO4",0,0,0,0,FALSE,FALSE
"C2CD4D",0,0,0,0,FALSE,FALSE
"THEM4",0,0,0,-0.04,FALSE,FALSE
"FLG",0,0,0,0,FALSE,FALSE
"LCE3D",0,0,0,0,FALSE,FALSE
"LCE2B",0,0,0,0,FALSE,FALSE
"LCE1C",0,0,0,0,FALSE,FALSE
"IVL",0,0,0,0,FALSE,FALSE
"SPRR3",0,0,0,0,FALSE,FALSE
"SPRR2F",0,0,0,0,FALSE,FALSE
"LORICRIN",0,0,0,0,FALSE,FALSE
"PGLYRP3",0,0,0,0,FALSE,FALSE
"S100A9",0,2.74,0,-4.83,TRUE,FALSE
"S100A12",0,0.07,0,-0.68,FALSE,FALSE
"S100A3",0,0,0,0,FALSE,FALSE
"S100A2",0,0,0,0,FALSE,FALSE
"CREB3L4",0,0,0,0.05,FALSE,FALSE
"TDRD10",0,0.01,0,-0.08,FALSE,FALSE
"CHRNB2",0,0,0,0,FALSE,FALSE
"KCNN3",0,0,0,0,FALSE,FALSE
"DCST2",0,0,0,0,FALSE,FALSE
"EFNA4",0,0,0,0,FALSE,FALSE
"EFNA3",0,0,0,0,FALSE,FALSE
"MUC1",0,0,0,0,FALSE,FALSE
"MTX1",0,0,0,0.05,FALSE,FALSE
"FAM189B",0,0,0,0.05,FALSE,FALSE
"HCN3",0,0,0,0,FALSE,FALSE
"SYT11",0,0.01,0,-0.07,FALSE,FALSE
"UBQLN4",0,0,0,0,FALSE,FALSE
"MEX3A",0,0,0,0,FALSE,FALSE
"SEMA4A",0,0.01,0,-0.12,FALSE,FALSE
"PAQR6",0,0,0,0,FALSE,FALSE
"TMEM79",0,0.01,0,-0.16,FALSE,FALSE
"TSACC",0,0,0,0,FALSE,FALSE
"MIR9-1HG",0,0,0,0,FALSE,FALSE
"IQGAP3",0,0,0,0,FALSE,FALSE
"TTC24",0,0,0,0,FALSE,FALSE
"HAPLN2",0,0,0,0,FALSE,FALSE
"ISG20L2",0,0,0,-0.04,FALSE,FALSE
"SH2D2A",0,0.03,0,-0.33,FALSE,FALSE
"NTRK1",0,0,0,0,FALSE,FALSE
"INSRR",0,0,0,0,FALSE,FALSE
"LRRC71",0,0,0,0,FALSE,FALSE
"ARHGEF11",0,0.01,0,-0.14,FALSE,FALSE
"FCRL3",0,0,0,0,FALSE,FALSE
"FCRL2",0,0,0,0,FALSE,FALSE
"CD5L",0,0,0,0,FALSE,FALSE
"OR10T2",0,0,0,0,FALSE,FALSE
"OR10K2",0,0,0,0,FALSE,FALSE
"OR10R2",0,0,0,0,FALSE,FALSE
"OR6P1",0,0,0,0,FALSE,FALSE
"OR10X1",0,0,0,0,FALSE,FALSE
"SPTA1",0,0,0,0,FALSE,FALSE
"OR6K2",0,0,0,0,FALSE,FALSE
"MNDA",0,0,0,0,FALSE,FALSE
"CADM3",0,0,0,0,FALSE,FALSE
"FCER1A",0,0.01,0,-0.16,FALSE,FALSE
"APCS",0,0,0,0,FALSE,FALSE
"FCRL6",0,0,0,0,FALSE,FALSE
"SLAMF8",0,0,0,0,FALSE,FALSE
"VSIG8",0,0,0,0,FALSE,FALSE
"CFAP45",0,0,0,0,FALSE,FALSE
"IGSF9",0,0,0,0,FALSE,FALSE
"SLAMF9",0,0,0,0,FALSE,FALSE
"PIGM",0,0.01,0,-0.14,FALSE,FALSE
"ATP1A4",0,0,0,0,FALSE,FALSE
"NHLH1",0,0,0,0,FALSE,FALSE
"CD244",0,0,0,0,FALSE,FALSE
"ITLN2",0,0,0,0,FALSE,FALSE
"NECTIN4",0,0,0,0,FALSE,FALSE
"B4GALT3",0,0.01,0,-0.16,FALSE,FALSE
"ADAMTS4",0,0,0,0,FALSE,FALSE
"TOMM40L",0,0.01,0,-0.11,FALSE,FALSE
"PCP4L1",0,0,0,0,FALSE,FALSE
"CFAP126",0,0,0,0,FALSE,FALSE
"HSPA6",0,0,0,0,FALSE,FALSE
"FCGR3A",0,0,0,0,FALSE,FALSE
"FCGR2B",0,0.01,0,-0.07,FALSE,FALSE
"NOS1AP",0,0,0,0,FALSE,FALSE
"C1orf226",0,0,0,0,FALSE,FALSE
"SH2D1B",0,0,0,0,FALSE,FALSE
"RGS4",0,0,0,0,FALSE,FALSE
"RXRG",0,0,0,0,FALSE,FALSE
"FAM78B",0,0,0,0,FALSE,FALSE
"ILDR2",0,0,0,0,FALSE,FALSE
"MAEL",0,0,0,0,FALSE,FALSE
"GPA33",0,0,0,0,FALSE,FALSE
"POU2F1",0,0.02,0,-0.25,FALSE,FALSE
"ADCY10",0,0,0,0,FALSE,FALSE
"TBX19",0,0,0,0.05,FALSE,FALSE
"XCL2",0,0,0,0,FALSE,FALSE
"XCL1",0,0,0,0,FALSE,FALSE
"CCDC181",0,0,0,0,FALSE,FALSE
"F5",0,0,0,0,FALSE,FALSE
"SELE",0,0,0,0,FALSE,FALSE
"METTL18",0,0.01,0,-0.07,FALSE,FALSE
"SCYL3",0,0.03,0,-0.38,FALSE,FALSE
"FMO3",0,0.01,0,-0.14,FALSE,FALSE
"FMO4",0,0.02,0,-0.23,FALSE,FALSE
"DNM3",0,0,0,0.01,FALSE,FALSE
"FASLG",0,0,0,0,FALSE,FALSE
"TNFSF18",0,0,0,0,FALSE,FALSE
"TNFSF4",0,0,0,0,FALSE,FALSE
"ANKRD45",0,0.01,0,-0.16,FALSE,FALSE
"TEX50",0,0,0,0,FALSE,FALSE
"TNN",0,0,0,0,FALSE,FALSE
"TNR",0,0,0,0,FALSE,FALSE
"COP1",0,0.01,0,-0.03,FALSE,FALSE
"PAPPA2",0,0,0,0,FALSE,FALSE
"ASTN1",0,0,0,0,FALSE,FALSE
"SEC16B",0,0,0,0,FALSE,FALSE
"CLEC20A",0,0,0,0,FALSE,FALSE
"ABL2",0,0.02,0,-0.25,FALSE,FALSE
"AXDND1",0,0,0,0,FALSE,FALSE
"TDRD5",0,0,0,0,FALSE,FALSE
"KIAA1614",0,0,0,0,FALSE,FALSE
"RGS16",0,0.02,0,-0.18,FALSE,FALSE
"NPL",0,0.01,0,-0.07,FALSE,FALSE
"NMNAT2",0,0,0,0,FALSE,FALSE
"COLGALT2",0,0.01,0,-0.03,FALSE,FALSE
"TSEN15",0,0.02,0,-0.18,FALSE,FALSE
"NIBAN1",0,0.01,0,-0.12,FALSE,FALSE
"RNF2",0,0.02,0,-0.26,FALSE,FALSE
"IVNS1ABP",0,0.01,0,-0.14,FALSE,FALSE
"PRG4",0,0,0,0,FALSE,FALSE
"PLA2G4A",0,0.01,0,-0.16,FALSE,FALSE
"BRINP3",0,0,0,0,FALSE,FALSE
"RGS18",0,0,0,0,FALSE,FALSE
"UCHL5",0,0.06,0,-0.6,FALSE,FALSE
"B3GALT2",0,0,0,0,FALSE,FALSE
"KCNT2",0,0,0,0,FALSE,FALSE
"CFHR4",0,0,0,0,FALSE,FALSE
"F13B",0,0,0,0,FALSE,FALSE
"CRB1",0,0,0,0,FALSE,FALSE
"C1orf53",0,0,0,0,FALSE,FALSE
"ATP6V1G3",0,0,0,0,FALSE,FALSE
"NR5A2",0,0.02,0,-0.18,FALSE,FALSE
"GPR25",0,0,0,0,FALSE,FALSE
"IGFN1",0,0,0,0,FALSE,FALSE
"TNNT2",0,0,0,0,FALSE,FALSE
"TNNI1",0,0,0,0.05,FALSE,FALSE
"SHISA4",0,0,0,0,FALSE,FALSE
"GPR37L1",0,0,0,0,FALSE,FALSE
"LGR6",0,0,0,0,FALSE,FALSE
"SYT2",0,0,0,0,FALSE,FALSE
"RABIF",0,0.02,0,-0.18,FALSE,FALSE
"PPFIA4",0,0,0,0,FALSE,FALSE
"MYOG",0,0,0,0,FALSE,FALSE
"ADORA1",0,0,0,0,FALSE,FALSE
"MYBPH",0,0,0,0,FALSE,FALSE
"CHIT1",0,0,0,0,FALSE,FALSE
"LAX1",0,0.02,0,-0.21,FALSE,FALSE
"SOX13",0,0.01,0,-0.03,FALSE,FALSE
"ETNK2",0,0.01,0,-0.07,FALSE,FALSE
"LRRN2",0,0,0,0,FALSE,FALSE
"TMEM81",0,0,0,0,FALSE,FALSE
"TMCC2",0,0.01,0,-0.07,FALSE,FALSE
"NUAK2",0,0,0,0,FALSE,FALSE
"CDK18",0,0,0,0.05,FALSE,FALSE
"MFSD4A",0,0,0,0,FALSE,FALSE
"SLC45A3",0,0,0,0,FALSE,FALSE
"PM20D1",0,0,0,0,FALSE,FALSE
"SLC26A9",0,0,0,0,FALSE,FALSE
"CTSE",0,0,0,0,FALSE,FALSE
"RHEX",0,0,0,0,FALSE,FALSE
"DYRK3",0,0.01,0,-0.11,FALSE,FALSE
"IL10",0,0,0,0,FALSE,FALSE
"IL20",0,0,0,0,FALSE,FALSE
"IL24",0,0,0,0,FALSE,FALSE
"PIGR",0,0,0,0,FALSE,FALSE
"C1orf116",0,0,0,0,FALSE,FALSE
"C4BPB",0,0,0,0,FALSE,FALSE
"CR2",0,0,0,0,FALSE,FALSE
"CR1",0,0,0,0,FALSE,FALSE
"CR1L",0,0,0,0,FALSE,FALSE
"HSD11B1",0,0,0,0,FALSE,FALSE
"C1orf74",0,0.01,0,-0.14,FALSE,FALSE
"SYT14",0,0,0,0,FALSE,FALSE
"SERTAD4",0,0,0,-0.04,FALSE,FALSE
"NEK2",0,0,0,0,FALSE,FALSE
"PACC1",0,0.01,0,-0.14,FALSE,FALSE
"BATF3",0,0,0,0,FALSE,FALSE
"ANGEL2",0,0.03,0,-0.31,FALSE,FALSE
"PROX1",0,0,0,0,FALSE,FALSE
"KCNK2",0,0,0,0,FALSE,FALSE
"ESRRG",0,0,0,0,FALSE,FALSE
"SPATA17",0,0,0,0,FALSE,FALSE
"SLC30A10",0,0,0,0,FALSE,FALSE
"MARK1",0,0.02,0,-0.18,FALSE,FALSE
"HLX",0,0,0,0,FALSE,FALSE
"FAM177B",0,0,0,0,FALSE,FALSE
"DISP1",0,0,0,0,FALSE,FALSE
"TLR5",0,0.01,0,-0.12,FALSE,FALSE
"SUSD4",0,0,0,0.01,FALSE,FALSE
"NVL",0,0.02,0,-0.25,FALSE,FALSE
"CNIH4",0,0,0,0,FALSE,FALSE
"CNIH3",0,0,0,0,FALSE,FALSE
"DNAH14",0,0.01,0,-0.11,FALSE,FALSE
"LEFTY1",0,0,0,0,FALSE,FALSE
"LEFTY2",0,0,0,0,FALSE,FALSE
"MIXL1",0,0,0,0,FALSE,FALSE
"PSEN2",0,0,0,0,FALSE,FALSE
"WNT9A",0,0,0,0,FALSE,FALSE
"TRIM17",0,0,0,0,FALSE,FALSE
"H2AW",0,0,0,0,FALSE,FALSE
"ACTA1",0,0,0,0,FALSE,FALSE
"URB2",0,0.02,0,-0.23,FALSE,FALSE
"PGBD5",0,0.01,0,-0.16,FALSE,FALSE
"AGT",0,0.01,0,-0.07,FALSE,FALSE
"C1orf131",0,0.01,0,-0.08,FALSE,FALSE
"DISC1",0,0.01,0,-0.19,FALSE,FALSE
"MAP10",0,0.02,0,-0.23,FALSE,FALSE
"MAP3K21",0,0,0,0,FALSE,FALSE
"KCNK1",0,0,0,0,FALSE,FALSE
"SLC35F3",0,0,0,0,FALSE,FALSE
"TBCE.1",0,0.01,0,-0.03,FALSE,FALSE
"B3GALNT2",0,0.01,0,-0.03,FALSE,FALSE
"GNG4",0,0,0,0,FALSE,FALSE
"ACTN2",0,0,0,0,FALSE,FALSE
"RYR2",0,0,0,0,FALSE,FALSE
"ZP4",0,0,0,0,FALSE,FALSE
"FMN2",0,0,0,0,FALSE,FALSE
"GREM2",0,0,0,0,FALSE,FALSE
"KMO",0,0,0,0,FALSE,FALSE
"OPN3",0,0.01,0,-0.12,FALSE,FALSE
"CHML",0,0.01,0,-0.08,FALSE,FALSE
"EXO1",0,0.01,0,-0.03,FALSE,FALSE
"MAP1LC3C",0,0,0,0,FALSE,FALSE
"PLD5",0,0,0,0,FALSE,FALSE
"CATSPERE",0,0,0,0,FALSE,FALSE
"KIF26B",0,0,0,0,FALSE,FALSE
"TFB2M",0,0.01,0,-0.07,FALSE,FALSE
"AHCTF1",0,0,0,0,FALSE,FALSE
"ZNF695",0,0,0,0,FALSE,FALSE
"ZNF670",0,0,0,0,FALSE,FALSE
"ZNF669",0,0,0,0,FALSE,FALSE
"ZNF124",0,0,0,0,FALSE,FALSE
"NLRP3",0,0,0,0,FALSE,FALSE
"GCSAML",0,0,0,0,FALSE,FALSE
"OR2C3",0,0,0,0,FALSE,FALSE
"OR2G2",0,0,0,0,FALSE,FALSE
"OR14K1",0,0,0,0,FALSE,FALSE
"OR14A16",0,0,0,0,FALSE,FALSE
"TRIM58",0,0,0,0,FALSE,FALSE
"OR2AJ1",0,0,0,0,FALSE,FALSE
"OR2L3",0,0,0,0,FALSE,FALSE
"OR2M4",0,0,0,0,FALSE,FALSE
"OR2G6",0,0,0,0,FALSE,FALSE
"OR14I1",0,0,0,0,FALSE,FALSE
"ZNF672",0,0.03,0,-0.28,FALSE,FALSE
"FAM110C",0,0,0,0,FALSE,FALSE
"ACP1",0,0,0,0,FALSE,FALSE
"ALKAL2",0,0,0,0,FALSE,FALSE
"SNTG2",0,0,0,0,FALSE,FALSE
"DCDC2C",0,0.01,0,-0.14,FALSE,FALSE
"RSAD2",0,0.01,0,-0.11,FALSE,FALSE
"GRHL1",0,0,0,0,FALSE,FALSE
"CYS1",0,0,0,0,FALSE,FALSE
"ATP6V1C2",0,0,0,0,FALSE,FALSE
"C2orf50",0,0,0,0,FALSE,FALSE
"GREB1",0,0,0,0,FALSE,FALSE
"MYCNOS",0,0,0,0,FALSE,FALSE
"RAD51AP2",0,0,0,0,FALSE,FALSE
"VSNL1",0,0.01,0,-0.07,FALSE,FALSE
"KCNS3",0,0,0,0,FALSE,FALSE
"NT5C1B",0,0,0,0,FALSE,FALSE
"OSR1",0,0.01,0,-0.03,FALSE,FALSE
"TTC32",0,0.01,0,-0.07,FALSE,FALSE
"MATN3",0,0,0,0,FALSE,FALSE
"HS1BP3",0,0,0,0,FALSE,FALSE
"GDF7",0,0,0,0,FALSE,FALSE
"APOB",0,0,0,0,FALSE,FALSE
"TDRD15",0,0,0,0,FALSE,FALSE
"FKBP1B",0,0,0,0,FALSE,FALSE
"PFN4",0,0,0,0,FALSE,FALSE
"FAM228A",0,0,0,0,FALSE,FALSE
"EFR3B",0,0,0,0,FALSE,FALSE
"POMC",0,0,0,0,FALSE,FALSE
"KIF3C",0,0,0,0,FALSE,FALSE
"GAREM2",0,0,0,0,FALSE,FALSE
"DRC1",0,0,0,0,FALSE,FALSE
"FAM166C",0,0,0,0,FALSE,FALSE
"CIB4",0,0,0,0,FALSE,FALSE
"KCNK3",0,0,0,0,FALSE,FALSE
"CENPA",0,0.01,0,-0.08,FALSE,FALSE
"CGREF1",0,0,0,0,FALSE,FALSE
"ABHD1",0,0,0,0,FALSE,FALSE
"SLC5A6",0,0.01,0,-0.14,FALSE,FALSE
"CAD",0,0.01,0,-0.19,FALSE,FALSE
"UCN",0,0,0,0,FALSE,FALSE
"FNDC4",0,0,0,0,FALSE,FALSE
"C2orf16",0,0,0,0,FALSE,FALSE
"CCDC121",0,0,0,0.01,FALSE,FALSE
"SUPT7L",0,0.04,0,-0.41,FALSE,FALSE
"RBKS",0,0,0,0,FALSE,FALSE
"PLB1",0,0,0,0,FALSE,FALSE
"TOGARAM2",0,0,0,0,FALSE,FALSE
"GALNT14",0,0,0,0,FALSE,FALSE
"CAPN14",0,0,0,0,FALSE,FALSE
"EHD3",0,0.01,0,-0.07,FALSE,FALSE
"NLRC4",0,0,0,0,FALSE,FALSE
"VIT",0,0.01,0,-0.08,FALSE,FALSE
"ARHGEF33",0,0,0,0,FALSE,FALSE
"TMEM178A",0,0,0,0,FALSE,FALSE
"THUMPD2",0,0.01,0,-0.12,FALSE,FALSE
"C2orf91",0,0,0,0,FALSE,FALSE
"KCNG3",0,0,0,0,FALSE,FALSE
"OXER1",0,0,0,0,FALSE,FALSE
"PLEKHH2",0,0.01,0,-0.16,FALSE,FALSE
"ABCG5",0,0,0,0,FALSE,FALSE
"SIX2",0,0.02,0,-0.25,FALSE,FALSE
"ATP6V1E2",0,0,0,0,FALSE,FALSE
"KCNK12",0,0,0,0,FALSE,FALSE
"LHCGR",0,0,0,0,FALSE,FALSE
"FSHR",0,0,0,0,FALSE,FALSE
"NRXN1",0,0.01,0,-0.14,FALSE,FALSE
"CHAC2",0,0,0,0,FALSE,FALSE
"C2orf73",0,0,0,0,FALSE,FALSE
"EML6",0,0,0,0,FALSE,FALSE
"CCDC85A",0,0,0,0,FALSE,FALSE
"PUS10",0,0,0,0,FALSE,FALSE
"PROKR1",0,0,0,0,FALSE,FALSE
"BMP10",0,0,0,0,FALSE,FALSE
"GKN2",0,0,0,0,FALSE,FALSE
"GKN1",0,0,0,0,FALSE,FALSE
"ASPRV1",0,0,0,-0.04,FALSE,FALSE
"FAM136A",0,0.02,0,-0.18,FALSE,FALSE
"TGFA",0,0,0,0,FALSE,FALSE
"ADD2",0,0,0,0,FALSE,FALSE
"CLEC4F",0,0,0,0,FALSE,FALSE
"CD207",0,0,0,0,FALSE,FALSE
"ANKRD53",0,0,0,0,FALSE,FALSE
"DYSF",0,0.01,0,-0.11,FALSE,FALSE
"SFXN5",0,0,0,0.01,FALSE,FALSE
"RAB11FIP5",0,0.03,0,-0.31,FALSE,FALSE
"FBXO41",0,0.01,0,-0.12,FALSE,FALSE
"TET3",0,0.01,0,-0.11,FALSE,FALSE
"BOLA3",0,0,0,0,FALSE,FALSE
"MTHFD2",0,0.01,0,-0.19,FALSE,FALSE
"SLC4A5",0,0,0,0,FALSE,FALSE
"C2orf81",0,0,0,0,FALSE,FALSE
"CCDC142",0,0,0,0,FALSE,FALSE
"TTC31",0,0,0,0.01,FALSE,FALSE
"DQX1",0,0,0,0,FALSE,FALSE
"HTRA2",0,0.04,0,-0.41,FALSE,FALSE
"LOXL3",0,0,0,0,FALSE,FALSE
"M1AP",0,0,0,0,FALSE,FALSE
"HK2",0,0,0,0,FALSE,FALSE
"TACR1",0,0.02,0,-0.3,FALSE,FALSE
"GCFC2",0,0.03,0,-0.28,FALSE,FALSE
"LRRTM4",0,0,0,0,FALSE,FALSE
"CTNNA2",0,0,0,0,FALSE,FALSE
"DNAH6",0,0,0,0,FALSE,FALSE
"TRABD2A",0,0.01,0,-0.07,FALSE,FALSE
"TCF7L1",0,0.02,0,-0.25,FALSE,FALSE
"GGCX",0,0.04,0,-0.47,FALSE,FALSE
"TMEM150A",0,0.01,0,-0.14,FALSE,FALSE
"REEP1",0,0,0,0,FALSE,FALSE
"AC092835.1",0,0.01,0,-0.07,FALSE,FALSE
"PROM2",0,0.02,0,-0.18,FALSE,FALSE
"TRIM43",0,0,0,0,FALSE,FALSE
"GPAT2",0,0,0,0,FALSE,FALSE
"ADRA2B",0,0,0,0,FALSE,FALSE
"ASTL",0,0,0,0,FALSE,FALSE
"ITPRIPL1",0,0,0,0,FALSE,FALSE
"NEURL3",0,0,0,0,FALSE,FALSE
"FER1L5",0,0,0,0,FALSE,FALSE
"LMAN2L",0,0.03,0,-0.28,FALSE,FALSE
"ANKRD39",0,0,0,0,FALSE,FALSE
"FAM178B",0,0,0,0,FALSE,FALSE
"FAHD2B",0,0.01,0,-0.03,FALSE,FALSE
"VWA3B",0,0,0,0,FALSE,FALSE
"CNGA3",0,0,0,0,FALSE,FALSE
"CRACDL",0,0,0,0,FALSE,FALSE
"C2orf15",0,0,0,0,FALSE,FALSE
"LYG1",0,0,0,0,FALSE,FALSE
"TXNDC9",0,0.01,0,-0.08,FALSE,FALSE
"AFF3",0,0.01,0,-0.03,FALSE,FALSE
"LONRF2",0,0,0,0,FALSE,FALSE
"NPAS2",0,0,0,0,FALSE,FALSE
"CREG2",0,0,0,0,FALSE,FALSE
"RFX8",0,0,0,0,FALSE,FALSE
"IL1RL2",0,0,0,0,FALSE,FALSE
"IL18R1",0,0,0,-0.04,FALSE,FALSE
"IL18RAP",0,0,0,0,FALSE,FALSE
"SLC9A2",0,0,0,0,FALSE,FALSE
"MFSD9",0,0.01,0,-0.03,FALSE,FALSE
"TMEM182",0,0.01,0,-0.19,FALSE,FALSE
"POU3F3",0,0,0,0,FALSE,FALSE
"RGPD3",0,0,0,0,FALSE,FALSE
"ST6GAL2",0,0,0,0,FALSE,FALSE
"SLC5A7",0,0,0,0,FALSE,FALSE
"SULT1C3",0,0,0,0,FALSE,FALSE
"SULT1C2",0,0,0,0,FALSE,FALSE
"EDAR",0,0,0,0,FALSE,FALSE
"SH3RF3",0,0.01,0,-0.16,FALSE,FALSE
"MALL",0,0,0,0,FALSE,FALSE
"NPHP1",0,0.01,0,-0.03,FALSE,FALSE
"BUB1",0,0.02,0,-0.18,FALSE,FALSE
"ANAPC1",0,0,0,0,FALSE,FALSE
"IL1A",0,0,0,0,FALSE,FALSE
"IL1B",0,0,0,0,FALSE,FALSE
"IL36G",0,0,0,0,FALSE,FALSE
"IL36A",0,0,0,0,FALSE,FALSE
"IL1RN",0,0,0,0,FALSE,FALSE
"DPP10",0,0,0,0,FALSE,FALSE
"MARCO",0,0,0,0,FALSE,FALSE
"CFAP221",0,0,0,0,FALSE,FALSE
"INHBB",0,0,0,0,FALSE,FALSE
"TFCP2L1",0,0,0,0,FALSE,FALSE
"CNTNAP5",0,0,0,0,FALSE,FALSE
"PROC",0,0,0,0,FALSE,FALSE
"MYO7B",0,0,0,0,FALSE,FALSE
"POLR2D",0,0.01,0,-0.19,FALSE,FALSE
"LYPD1",0,0,0,0,FALSE,FALSE
"TMEM163",0,0.01,0,-0.08,FALSE,FALSE
"R3HDM1",0,0.03,0,-0.35,FALSE,FALSE
"LCT",0,0,0,0,FALSE,FALSE
"THSD7B",0,0,0,0,FALSE,FALSE
"LRP1B",0,0.01,0,-0.19,FALSE,FALSE
"KIF5C",0,0,0,0,FALSE,FALSE
"LYPD6B",0,0,0,0,FALSE,FALSE
"LYPD6",0,0,0,0,FALSE,FALSE
"MMADHC",0,0,0,0.01,FALSE,FALSE
"TNFAIP6",0,0,0,0,FALSE,FALSE
"NEB",0,0,0,0,FALSE,FALSE
"ARL5A",0,0.01,0,-0.14,FALSE,FALSE
"RPRM",0,0,0,0,FALSE,FALSE
"GALNT13",0,0,0,0,FALSE,FALSE
"KCNJ3",0,0,0,0,FALSE,FALSE
"GALNT5",0,0,0,0,FALSE,FALSE
"ERMN",0,0,0,0,FALSE,FALSE
"ACVR1C",0,0,0,0,FALSE,FALSE
"ITGB6",0,0,0,0,FALSE,FALSE
"SLC4A10",0,0,0,0,FALSE,FALSE
"DPP4",0,0,0,0,FALSE,FALSE
"FAP",0,0,0,0,FALSE,FALSE
"KCNH7",0,0,0,0,FALSE,FALSE
"FIGN",0,0,0,0,FALSE,FALSE
"GRB14",0,0,0,0,FALSE,FALSE
"SLC38A11",0,0.01,0,-0.08,FALSE,FALSE
"SCN3A",0,0,0,0,FALSE,FALSE
"SCN2A",0,0,0,0,FALSE,FALSE
"CSRNP3",0,0.01,0,-0.07,FALSE,FALSE
"SCN1A",0,0,0,0,FALSE,FALSE
"SCN9A",0,0,0,0,FALSE,FALSE
"XIRP2",0,0,0,0,FALSE,FALSE
"B3GALT1",0,0,0,0,FALSE,FALSE
"DHRS9",0,0,0,0,FALSE,FALSE
"KLHL41",0,0,0,0,FALSE,FALSE
"FASTKD1",0,0,0,0,FALSE,FALSE
"KLHL23",0,0.01,0,-0.14,FALSE,FALSE
"MYO3B",0,0.01,0,-0.11,FALSE,FALSE
"SP5",0,0,0,0,FALSE,FALSE
"ERICH2",0,0,0,0,FALSE,FALSE
"GAD1",0,0,0,0,FALSE,FALSE
"METAP1D",0,0,0,0.05,FALSE,FALSE
"DLX1",0,0,0,0,FALSE,FALSE
"DLX2",0,0,0,0,FALSE,FALSE
"RAPGEF4",0,0,0,0,FALSE,FALSE
"CHRNA1",0,0,0,0,FALSE,FALSE
"CHN1",0,0.01,0,-0.14,FALSE,FALSE
"HOXD10",0,0,0,0,FALSE,FALSE
"HOXD9",0,0,0,0,FALSE,FALSE
"HOXD8",0,0.02,0,-0.25,FALSE,FALSE
"HOXD3",0,0,0,0,FALSE,FALSE
"HOXD4",0,0,0,0,FALSE,FALSE
"HOXD1",0,0,0,0,FALSE,FALSE
"MTX2",0,0.03,0,-0.28,FALSE,FALSE
"TTC30B",0,0,0,0,FALSE,FALSE
"TTC30A",0,0,0,0,FALSE,FALSE
"PDE11A",0,0,0,0,FALSE,FALSE
"PJVK",0,0.01,0,-0.12,FALSE,FALSE
"ZNF385B",0,0,0,0,FALSE,FALSE
"CERKL",0,0,0,0,FALSE,FALSE
"NEUROD1",0,0,0,0,FALSE,FALSE
"PPP1R1C",0,0,0,0,FALSE,FALSE
"DUSP19",0,0,0,0,FALSE,FALSE
"NUP35",0,0.01,0,-0.14,FALSE,FALSE
"ZNF804A",0,0,0,0,FALSE,FALSE
"FSIP2",0,0,0,0,FALSE,FALSE
"DIRC1",0,0,0,0,FALSE,FALSE
"ANKAR",0,0.03,0,-0.28,FALSE,FALSE
"OSGEPL1",0,0.04,0,-0.44,FALSE,FALSE
"C2orf88",0,0,0,0,FALSE,FALSE
"MSTN",0,0,0,0,FALSE,FALSE
"TMEFF2",0,0,0,0,FALSE,FALSE
"DNAH7",0,0,0,0,FALSE,FALSE
"CCDC150",0,0,0,0,FALSE,FALSE
"C2orf66",0,0,0,0,FALSE,FALSE
"PGAP1",0,0.01,0,-0.08,FALSE,FALSE
"RFTN2",0,0.01,0,-0.12,FALSE,FALSE
"MARS2",0,0,0,0,FALSE,FALSE
"BOLL",0,0,0,0,FALSE,FALSE
"SATB2",0,0,0,0,FALSE,FALSE
"FTCDNL1",0,0,0,0,FALSE,FALSE
"C2orf69",0,0,0,0,FALSE,FALSE
"KCTD18",0,0.01,0,-0.11,FALSE,FALSE
"SGO2",0,0,0,0,FALSE,FALSE
"AOX1",0,0.02,0,-0.25,FALSE,FALSE
"FAM126B",0,0.01,0,-0.14,FALSE,FALSE
"FLACC1",0,0,0,0,FALSE,FALSE
"STRADB",0,0,0,0,FALSE,FALSE
"C2CD6",0,0,0,0,FALSE,FALSE
"CDK15",0,0,0,0,FALSE,FALSE
"KIAA2012",0,0,0,0,FALSE,FALSE
"WDR12",0,0.02,0,-0.18,FALSE,FALSE
"CD28",0,1.93,0,-4.34,TRUE,FALSE
"CTLA4",0,0.01,0,-0.12,TRUE,FALSE
"NRP2",0,0.02,0,-0.21,FALSE,FALSE
"MDH1B",0,0,0,0,FALSE,FALSE
"CPO",0,0,0,0,FALSE,FALSE
"CRYGB",0,0,0,0,FALSE,FALSE
"IDH1",0,0.01,0,-0.12,FALSE,FALSE
"PTH2R",0,0,0,0,FALSE,FALSE
"UNC80",0,0,0,0,FALSE,FALSE
"MYL1",0,0,0,0,FALSE,FALSE
"CPS1",0,0,0,0,FALSE,FALSE
"ERBB4",0,0,0,0,FALSE,FALSE
"VWC2L",0,0,0,0,FALSE,FALSE
"BARD1",0,0,0,0,FALSE,FALSE
"ABCA12",0,0,0,0,FALSE,FALSE
"TMEM169",0,0,0,0,FALSE,FALSE
"SMARCAL1",0,0.01,0,-0.11,FALSE,FALSE
"RUFY4",0,0.01,0,-0.07,FALSE,FALSE
"SLC11A1",0,0,0,0,FALSE,FALSE
"PLCD4",0,0,0,0,FALSE,FALSE
"STK36",0,0.01,0,-0.16,FALSE,FALSE
"WNT6",0,0,0,0,FALSE,FALSE
"WNT10A",0,0.01,0,-0.08,FALSE,FALSE
"NHEJ1",0,0.02,0,-0.18,FALSE,FALSE
"SLC23A3",0,0,0,0,FALSE,FALSE
"GLB1L",0,0.01,0,-0.08,FALSE,FALSE
"STK16",0,0.02,0,-0.3,FALSE,FALSE
"ASIC4",0,0,0,0,FALSE,FALSE
"TMEM198",0,0,0,0,FALSE,FALSE
"INHA",0,0,0,0,FALSE,FALSE
"STK11IP",0,0.02,0,-0.21,FALSE,FALSE
"SLC4A3",0,0,0,0,FALSE,FALSE
"SGPP2",0,0.01,0,-0.16,FALSE,FALSE
"KCNE4",0,0.01,0,-0.16,FALSE,FALSE
"SCG2",0,0,0,0,FALSE,FALSE
"AP1S3",0,0.01,0,-0.11,FALSE,FALSE
"FAM124B",0,0,0,0,FALSE,FALSE
"COL4A3",0,0,0,0,FALSE,FALSE
"SLC19A3",0,0,0,0,FALSE,FALSE
"SCYGR8",0,0,0,0,FALSE,FALSE
"CCL20",0,0,0,0,FALSE,FALSE
"DAW1",0,0,0,0,FALSE,FALSE
"SPHKAP",0,0,0,0,FALSE,FALSE
"FBXO36",0,0,0,0,FALSE,FALSE
"SP140L",0,0.01,0,-0.16,FALSE,FALSE
"GPR55",0,0,0,0,FALSE,FALSE
"C2orf72",0,0,0,0,FALSE,FALSE
"HTR2B",0,0,0,0,FALSE,FALSE
"ARMC9",0,0.01,0,-0.03,FALSE,FALSE
"B3GNT7",0,0,0,0,FALSE,FALSE
"NMUR1",0,0,0,0,FALSE,FALSE
"ECEL1",0,0,0,0,FALSE,FALSE
"CHRNG",0,0,0,0,FALSE,FALSE
"TIGD1",0,0,0,0,FALSE,FALSE
"SNORC",0,0,0,0,FALSE,FALSE
"ATG16L1",0,0.01,0,-0.11,FALSE,FALSE
"SAG",0,0,0,0,FALSE,FALSE
"DGKD",0,0.03,0,-0.35,FALSE,FALSE
"UGT1A9",0,0,0,0,FALSE,FALSE
"UGT1A1",0,0,0,0,FALSE,FALSE
"TRPM8",0,0,0,0,FALSE,FALSE
"RAB17",0,0,0,0,FALSE,FALSE
"RBM44",0,0,0,0,FALSE,FALSE
"UBE2F",0,0,0,-0.04,FALSE,FALSE
"ESPNL",0,0,0,0,FALSE,FALSE
"KLHL30",0,0,0,0,FALSE,FALSE
"ERFE",0,0,0,0,FALSE,FALSE
"TWIST2",0,0,0,0,FALSE,FALSE
"OR6B2",0,0,0,0,FALSE,FALSE
"OTOS",0,0,0,0,FALSE,FALSE
"DUSP28",0,0.01,0,-0.12,FALSE,FALSE
"GPR35",0,0,0,0.01,FALSE,FALSE
"KIF1A",0,0,0,0,FALSE,FALSE
"MAB21L4",0,0,0,0,FALSE,FALSE
"BOK",0,0.02,0,-0.18,FALSE,FALSE
"PDCD1",0,0.02,0,-0.25,FALSE,FALSE
"RTP5",0,0,0,0,FALSE,FALSE
"CHL1",0,0,0,0.01,FALSE,FALSE
"IL5RA",0,0,0,0,FALSE,FALSE
"GRM7",0,0,0,0,FALSE,FALSE
"SSUH2",0,0,0,0,FALSE,FALSE
"OXTR",0,0,0,0,FALSE,FALSE
"RAD18",0,0.02,0,-0.18,FALSE,FALSE
"RPUSD3",0,0.01,0,-0.16,FALSE,FALSE
"JAGN1",0,0.01,0,-0.03,FALSE,FALSE
"FANCD2",0,0,0,0,FALSE,FALSE
"GHRL",0,0,0,0,FALSE,FALSE
"ATP2B2",0,0,0,0,FALSE,FALSE
"HRH1",0,0.01,0,-0.07,FALSE,FALSE
"SYN2",0,0,0,0,FALSE,FALSE
"MKRN2OS",0,0,0,0,FALSE,FALSE
"TMEM40",0,0,0,0,FALSE,FALSE
"CAND2",0,0.01,0,-0.07,FALSE,FALSE
"HDAC11",0,0.03,0,-0.31,FALSE,FALSE
"WNT7A",0,0,0,0,FALSE,FALSE
"CHCHD4",0,0,0,0,FALSE,FALSE
"GRIP2",0,0.01,0,-0.16,FALSE,FALSE
"RBSN",0,0,0,0,FALSE,FALSE
"COLQ",0,0,0,0,FALSE,FALSE
"HACL1",0,0,0,0,FALSE,FALSE
"DAZL",0,0,0,0,FALSE,FALSE
"KCNH8",0,0,0,0,FALSE,FALSE
"EFHB",0,0,0,0,FALSE,FALSE
"PP2D1",0,0,0,0,FALSE,FALSE
"SGO1",0,0,0,0,FALSE,FALSE
"ZNF385D",0,0.01,0,-0.12,FALSE,FALSE
"RARB",0,0.01,0,-0.12,FALSE,FALSE
"NEK10",0,0,0,0,FALSE,FALSE
"ZCWPW2",0,0,0,0,FALSE,FALSE
"GADL1",0,0,0,0,FALSE,FALSE
"ZNF860",0,0,0,0,FALSE,FALSE
"TMPPE",0,0,0,0,FALSE,FALSE
"FBXL2",0,0.01,0,-0.11,FALSE,FALSE
"STAC",0,0,0,0,FALSE,FALSE
"DCLK3",0,0,0,0,FALSE,FALSE
"VILL",0,0.02,0,-0.18,FALSE,FALSE
"DLEC1",0,0,0,0,FALSE,FALSE
"SLC22A14",0,0,0,0,FALSE,FALSE
"EXOG",0,0,0,0,FALSE,FALSE
"SCN11A",0,0,0,0,FALSE,FALSE
"CX3CR1",0,0,0,0,FALSE,FALSE
"CCR8",0,0,0,0,FALSE,FALSE
"MYRIP",0,0.01,0,-0.19,FALSE,FALSE
"ENTPD3",0,0,0,0,FALSE,FALSE
"ZNF620",0,0,0,0,FALSE,FALSE
"LYZL4",0,0,0,0,FALSE,FALSE
"HHATL",0,0.01,0,-0.16,FALSE,FALSE
"CCDC13",0,0,0,0,FALSE,FALSE
"ACKR2",0,0,0,0,FALSE,FALSE
"KRBOX1",0,0,0,0,FALSE,FALSE
"GASK1A",0,0.01,0,-0.16,FALSE,FALSE
"POMGNT2",0,0.01,0,-0.03,FALSE,FALSE
"TOPAZ1",0,0,0,0,FALSE,FALSE
"ZNF852",0,0,0,0,FALSE,FALSE
"ZNF660",0,0,0,0,FALSE,FALSE
"ZNF197",0,0.03,0,-0.37,FALSE,FALSE
"ZNF35",0,0,0,0,FALSE,FALSE
"TMEM42",0,0.01,0,-0.03,FALSE,FALSE
"CLEC3B",0,0.01,0,-0.16,FALSE,FALSE
"CDCP1",0,0,0,0,FALSE,FALSE
"TMEM158",0,0,0,0,FALSE,FALSE
"SLC6A20",0,0,0,0,FALSE,FALSE
"XCR1",0,0,0,0,FALSE,FALSE
"CCR3",0,0,0,0,FALSE,FALSE
"CCR1",0,0,0,0,FALSE,FALSE
"CCR2",0,0.01,0,-0.14,FALSE,FALSE
"CCRL2",0,0,0,0,FALSE,FALSE
"FAM240A",0,0,0,0,FALSE,FALSE
"TMIE",0,0,0,0,FALSE,FALSE
"PRSS45P",0,0.01,0,-0.14,FALSE,FALSE
"MYL3",0,0,0,0,FALSE,FALSE
"PTH1R",0,0,0,0,FALSE,FALSE
"NBEAL2",0,0.03,0,-0.28,FALSE,FALSE
"CSPG5",0,0,0,0,FALSE,FALSE
"CDC25A",0,0.01,0,-0.11,FALSE,FALSE
"CCDC51",0,0.01,0,-0.14,FALSE,FALSE
"PFKFB4",0,0,0,0,FALSE,FALSE
"SLC26A6",0,0.01,0,-0.19,FALSE,FALSE
"CELSR3",0,0,0,0,FALSE,FALSE
"ARIH2OS",0,0,0,0,FALSE,FALSE
"IHO1",0,0,0,0,FALSE,FALSE
"C3orf62",0,0,0,0,FALSE,FALSE
"BSN",0,0,0,0,FALSE,FALSE
"INKA1",0,0.02,0,-0.18,FALSE,FALSE
"TRAIP",0,0.01,0,-0.07,FALSE,FALSE
"CAMKV",0,0,0,0,FALSE,FALSE
"MST1R",0,0.02,0,-0.25,FALSE,FALSE
"MON1A",0,0,0,0,FALSE,FALSE
"SLC38A3",0,0,0,0,FALSE,FALSE
"SEMA3B",0,0,0,0,FALSE,FALSE
"LSMEM2",0,0,0,0,FALSE,FALSE
"HYAL3",0,0,0,0,FALSE,FALSE
"HYAL1",0,0,0,0,FALSE,FALSE
"ZMYND10",0,0,0,0,FALSE,FALSE
"CACNA2D2",0,0,0,0,FALSE,FALSE
"C3orf18",0,0,0,0,FALSE,FALSE
"MAPKAPK3",0,0.02,0,-0.21,FALSE,FALSE
"DOCK3",0,0,0,0,FALSE,FALSE
"GRM2",0,0,0,0,FALSE,FALSE
"GPR62",0,0,0,0,FALSE,FALSE
"ALAS1",0,0.01,0,-0.14,FALSE,FALSE
"TLR9",0,0,0,0,FALSE,FALSE
"DNAH1",0,0,0,0.01,FALSE,FALSE
"SMIM4",0,0,0,0,FALSE,FALSE
"ITIH3",0,0,0,0,FALSE,FALSE
"SFMBT1",0,0.01,0,-0.11,FALSE,FALSE
"PRKCD",0,0.05,0,-0.58,FALSE,FALSE
"CACNA1D",0,0,0,0,FALSE,FALSE
"CHDH",0,0,0,0,FALSE,FALSE
"IL17RB",0,0,0,0,FALSE,FALSE
"ERC2",0,0,0,0,FALSE,FALSE
"CCDC66",0,0.04,0,-0.47,FALSE,FALSE
"IL17RD",0,0.01,0,-0.12,FALSE,FALSE
"HESX1",0,0,0,0,FALSE,FALSE
"ASB14",0,0,0,0,FALSE,FALSE
"DNAH12",0,0,0,0,FALSE,FALSE
"DNASE1L3",0,0.02,0,-0.18,FALSE,FALSE
"RPP14",0,0,0,0,FALSE,FALSE
"KCTD6",0,0,0,0,FALSE,FALSE
"FAM3D",0,0,0,0,FALSE,FALSE
"CFAP20DC",0,0,0,0,FALSE,FALSE
"C3orf14",0,0,0,0,FALSE,FALSE
"FEZF2",0,0,0,0,FALSE,FALSE
"CADPS",0,0,0,0,FALSE,FALSE
"KBTBD8",0,0,0,0,FALSE,FALSE
"MITF",0,0,0,0.01,FALSE,FALSE
"GPR27",0,0.01,0,-0.16,FALSE,FALSE
"PROK2",0,0,0,0,FALSE,FALSE
"CNTN3",0,0.01,0,-0.07,FALSE,FALSE
"CADM2",0,0,0,0,FALSE,FALSE
"POU1F1",0,0,0,0,FALSE,FALSE
"CSNKA2IP",0,0,0,0,FALSE,FALSE
"PROS1",0,0,0,0,FALSE,FALSE
"ARL13B",0,0.01,0,-0.16,FALSE,FALSE
"STX19",0,0,0,0,FALSE,FALSE
"EPHA6",0,0,0,0,FALSE,FALSE
"CRYBG3",0,0.01,0,-0.07,FALSE,FALSE
"GABRR3",0,0,0,0,FALSE,FALSE
"OR5K4",0,0,0,0,FALSE,FALSE
"GPR15",0,0,0,0,FALSE,FALSE
"ST3GAL6",0,0.01,0,-0.12,FALSE,FALSE
"LNP1",0,0,0,0,FALSE,FALSE
"TMEM45A",0,0.02,0,-0.23,FALSE,FALSE
"ADGRG7",0,0,0,0,FALSE,FALSE
"IMPG2",0,0,0,0,FALSE,FALSE
"NXPE3",0,0.02,0,-0.18,FALSE,FALSE
"ZPLD1",0,0,0,0,FALSE,FALSE
"HHLA2",0,0,0,0,FALSE,FALSE
"DPPA4",0,0,0,0,FALSE,FALSE
"PLCXD2",0,0,0,0,FALSE,FALSE
"TAGLN3",0,0,0,0,FALSE,FALSE
"TMPRSS7",0,0,0,0,FALSE,FALSE
"C3orf52",0,0.01,0,-0.08,FALSE,FALSE
"SLC9C1",0,0,0,0,FALSE,FALSE
"BTLA",0,0,0,0,FALSE,FALSE
"CD200R1L",0,0,0,0,FALSE,FALSE
"CFAP44",0,0.01,0,-0.11,FALSE,FALSE
"SPICE1",0,0.02,0,-0.23,FALSE,FALSE
"NAA50",0,0,0,0,FALSE,FALSE
"ZDHHC23",0,0,0,0,FALSE,FALSE
"CCDC191",0,0,0,0,FALSE,FALSE
"ZNF80",0,0,0,0,FALSE,FALSE
"GAP43",0,0,0,0,FALSE,FALSE
"IGSF11",0,0,0,0,FALSE,FALSE
"TEX55",0,0,0,0,FALSE,FALSE
"CD80",0,0,0,0,FALSE,FALSE
"ADPRH",0,0.01,0,-0.07,FALSE,FALSE
"PLA1A",0,0,0,0,FALSE,FALSE
"POPDC2",0,0,0,0,FALSE,FALSE
"CFAP91",0,0,0,0,FALSE,FALSE
"GPR156",0,0,0,0,FALSE,FALSE
"NDUFB4",0,0,0,0,FALSE,FALSE
"HGD",0,0,0,0,FALSE,FALSE
"GTF2E1",0,0.03,0,-0.28,FALSE,FALSE
"STXBP5L",0,0,0,0,FALSE,FALSE
"POLQ",0,0.01,0,-0.07,FALSE,FALSE
"FBXO40",0,0,0,0,FALSE,FALSE
"SLC15A2",0,0.01,0,-0.11,FALSE,FALSE
"ILDR1",0,0,0,0,FALSE,FALSE
"CD86",0,0,0,0,FALSE,FALSE
"CASR",0,0,0,0,FALSE,FALSE
"WDR5B",0,0.01,0,-0.16,FALSE,FALSE
"PARP15",0,0.01,0,-0.12,FALSE,FALSE
"SEMA5B",0,0,0,0,FALSE,FALSE
"SEC22A",0,0.01,0,-0.14,FALSE,FALSE
"SLC12A8",0,0,0,0,FALSE,FALSE
"ALG1L",0,0,0,0,FALSE,FALSE
"ROPN1B",0,0,0,0,FALSE,FALSE
"KLF15",0,0.01,0,-0.12,FALSE,FALSE
"CFAP100",0,0,0,0,FALSE,FALSE
"PLXNA1",0,0.02,0,-0.18,FALSE,FALSE
"C3orf56",0,0,0,0,FALSE,FALSE
"PODXL2",0,0,0,0,FALSE,FALSE
"KBTBD12",0,0,0,0,FALSE,FALSE
"GATA2",0,0.03,0,-0.28,FALSE,FALSE
"CFAP92",0,0,0,0,FALSE,FALSE
"EFCC1",0,0,0,0,FALSE,FALSE
"ASTE1",0,0.03,0,-0.37,FALSE,FALSE
"NEK11",0,0.01,0,-0.12,FALSE,FALSE
"CPNE4",0,0,0,0,FALSE,FALSE
"ACP3",0,0,0,0,FALSE,FALSE
"ACKR4",0,0,0,0,FALSE,FALSE
"TMEM108",0,0.01,0,-0.12,FALSE,FALSE
"TOPBP1",0,0.01,0,-0.14,FALSE,FALSE
"TF",0,0,0,0,FALSE,FALSE
"RAB6B",0,0.01,0,-0.14,FALSE,FALSE
"EPHB1",0,0,0,0,FALSE,FALSE
"KY",0,0.01,0,-0.08,FALSE,FALSE
"IL20RB",0,0,0,0,FALSE,FALSE
"NME9",0,0,0,0,FALSE,FALSE
"SPSB4",0,0,0,0,FALSE,FALSE
"GRK7",0,0,0,0,FALSE,FALSE
"PLS1",0,0,0,0,FALSE,FALSE
"TRPC1",0,0.03,0,-0.31,FALSE,FALSE
"PAQR9",0,0,0,0,FALSE,FALSE
"CHST2",0,0.02,0,-0.23,FALSE,FALSE
"PLSCR2",0,0,0,0,FALSE,FALSE
"PLSCR5",0,0,0,0,FALSE,FALSE
"CPB1",0,0,0,0,FALSE,FALSE
"CP",0,0.02,0,-0.18,FALSE,FALSE
"TM4SF18",0,0.02,0,-0.18,FALSE,FALSE
"TM4SF4",0,0,0,0,FALSE,FALSE
"ERICH6",0,0,0,0,FALSE,FALSE
"MINDY4B",0,0,0,0,FALSE,FALSE
"CLRN1",0,0,0,0,FALSE,FALSE
"MED12L",0,0,0,0,FALSE,FALSE
"GPR171",0,0.01,0,-0.08,FALSE,FALSE
"P2RY14",0,0,0,0,FALSE,FALSE
"P2RY13",0,0,0,0,FALSE,FALSE
"P2RY12",0,0,0,0,FALSE,FALSE
"AADACL2",0,0,0,0,FALSE,FALSE
"AADAC",0,0,0,0,FALSE,FALSE
"SUCNR1",0,0.01,0,-0.03,FALSE,FALSE
"P2RY1",0,0,0,0,FALSE,FALSE
"GPR149",0,0,0,0,FALSE,FALSE
"STRIT1",0,0,0,0,FALSE,FALSE
"PLCH1",0,0.01,0,-0.03,FALSE,FALSE
"VEPH1",0,0,0,0,FALSE,FALSE
"PTX3",0,0,0,0,FALSE,FALSE
"SLC66A1L",0,0,0,0,FALSE,FALSE
"SHOX2",0,0,0,0,FALSE,FALSE
"MLF1",0,0.01,0,-0.16,FALSE,FALSE
"RARRES1",0,0,0,0,FALSE,FALSE
"C3orf80",0,0,0,0,FALSE,FALSE
"ARL14",0,0,0,0,FALSE,FALSE
"SPTSSB",0,0,0,0,FALSE,FALSE
"SLITRK3",0,0,0,0,FALSE,FALSE
"ZBBX",0,0,0,0,FALSE,FALSE
"SERPINI2",0,0,0,0,FALSE,FALSE
"WDR49",0,0,0,0,FALSE,FALSE
"MECOM",0,0.02,0,-0.18,FALSE,FALSE
"TERC",0,0,0,0,FALSE,FALSE
"ACTRT3",0,0,0,0,FALSE,FALSE
"LRRC34",0,0,0,0,FALSE,FALSE
"LRRIQ4",0,0,0,0,FALSE,FALSE
"LRRC31",0,0,0,0,FALSE,FALSE
"GPR160",0,0,0,0,FALSE,FALSE
"CLDN11",0,0.01,0,-0.11,FALSE,FALSE
"SLC7A14",0,0,0,0,FALSE,FALSE
"SLC2A2",0,0,0,0,FALSE,FALSE
"NLGN1",0,0,0,0,FALSE,FALSE
"KCNMB2",0,0,0,0,FALSE,FALSE
"KCNMB3",0,0,0,0,FALSE,FALSE
"MFN1",0,0.01,0,-0.11,FALSE,FALSE
"USP13",0,0.02,0,-0.25,FALSE,FALSE
"PEX5L",0,0,0,0,FALSE,FALSE
"CCDC39",0,0,0,0,FALSE,FALSE
"SOX2",0,0,0,0,FALSE,FALSE
"MCF2L2",0,0,0,0,FALSE,FALSE
"MAP6D1",0,0,0,0,FALSE,FALSE
"EEF1AKMT4",0,0,0,0,FALSE,FALSE
"THPO",0,0,0,0,FALSE,FALSE
"CHRD",0,0,0,0,FALSE,FALSE
"EPHB3",0,0.01,0,-0.03,FALSE,FALSE
"C3orf70",0,0.01,0,-0.16,FALSE,FALSE
"EHHADH",0,0.01,0,-0.12,FALSE,FALSE
"TMEM41A",0,0.02,0,-0.3,FALSE,FALSE
"LIPH",0,0,0,0,FALSE,FALSE
"IGF2BP2",0,0,0,0,FALSE,FALSE
"DGKG",0,0,0,0,FALSE,FALSE
"CRYGS",0,0,0,0,FALSE,FALSE
"TBCCD1",0,0,0,0,FALSE,FALSE
"RFC4",0,0.01,0,-0.14,FALSE,FALSE
"ADIPOQ",0,0,0,0,FALSE,FALSE
"MASP1",0,0,0,0,FALSE,FALSE
"RTP4",0,0,0,0.01,FALSE,FALSE
"AC072022.2",0,0,0,0,FALSE,FALSE
"TPRG1",0,0,0,0,FALSE,FALSE
"CLDN16",0,0,0,0,FALSE,FALSE
"IL1RAP",0,0.01,0,-0.19,FALSE,FALSE
"GMNC",0,0,0,0,FALSE,FALSE
"UTS2B",0,0,0,0,FALSE,FALSE
"FGF12",0,0,0,0,FALSE,FALSE
"MB21D2",0,0.01,0,-0.08,FALSE,FALSE
"PLAAT1",0,0,0,0,FALSE,FALSE
"TMEM44",0,0,0,-0.04,FALSE,FALSE
"FAM43A",0,0.01,0,-0.14,FALSE,FALSE
"MUC4",0,0,0,0,FALSE,FALSE
"SLC51A",0,0,0,0,FALSE,FALSE
"NRROS",0,0.01,0,-0.19,FALSE,FALSE
"NCBP2AS2",0,0.02,0,-0.25,FALSE,FALSE
"PIGZ",0,0.02,0,-0.23,FALSE,FALSE
"MELTF",0,0,0,0.01,FALSE,FALSE
"RUBCN",0,0,0,0,FALSE,FALSE
"IQCG",0,0.01,0,-0.03,FALSE,FALSE
"LMLN",0,0,0,0,FALSE,FALSE
"ZNF718",0,0,0,0,FALSE,FALSE
"PDE6B",0,0.03,0,-0.31,FALSE,FALSE
"SLC49A3",0,0,0,0,FALSE,FALSE
"CPLX1",0,0,0,0,FALSE,FALSE
"FGFRL1",0,0,0,0,FALSE,FALSE
"RNF212",0,0.03,0,-0.33,FALSE,FALSE
"FAM53A",0,0,0,0,FALSE,FALSE
"FGFR3",0,0,0,0,FALSE,FALSE
"LETM1",0,0,0,0.01,FALSE,FALSE
"C4orf48",0,0,0,-0.04,FALSE,FALSE
"NAT8L",0,0,0,0,FALSE,FALSE
"POLN",0,0,0,0,FALSE,FALSE
"SH3BP2",0,0.01,0,-0.08,FALSE,FALSE
"MSANTD1",0,0,0,0,FALSE,FALSE
"DOK7",0,0,0,0,FALSE,FALSE
"ADRA2C",0,0,0,0,FALSE,FALSE
"ZBTB49",0,0,0,0,FALSE,FALSE
"MSX1",0,0,0,0,FALSE,FALSE
"CYTL1",0,0,0,0.01,FALSE,FALSE
"STK32B",0,0.01,0,-0.14,FALSE,FALSE
"CRMP1",0,0,0,0,FALSE,FALSE
"C4orf50",0,0,0,0,FALSE,FALSE
"PPP2R2C",0,0.01,0,-0.11,FALSE,FALSE
"S100P",0,0,0,0,FALSE,FALSE
"CCDC96",0,0,0,0,FALSE,FALSE
"USP17L15",0,0,0,0,FALSE,FALSE
"HS3ST1",0,0.02,0,-0.21,FALSE,FALSE
"BST1",0,0.01,0,-0.19,FALSE,FALSE
"FGFBP1",0,0,0,0,FALSE,FALSE
"FGFBP2",0,0,0,0,FALSE,FALSE
"PROM1",0,0,0,0,FALSE,FALSE
"CLRN2",0,0,0,0,FALSE,FALSE
"SLC34A2",0,0,0,0,FALSE,FALSE
"CCKAR",0,0,0,0,FALSE,FALSE
"DTHD1",0,0,0,0,FALSE,FALSE
"NWD2",0,0,0,0,FALSE,FALSE
"C4orf19",0,0,0,0,FALSE,FALSE
"PGM2",0,0.04,0,-0.41,FALSE,FALSE
"PTTG2",0,0,0,0,FALSE,FALSE
"TLR1",0,0.01,0,-0.11,FALSE,FALSE
"TLR6",0,0,0,0,FALSE,FALSE
"KLB",0,0,0,0,FALSE,FALSE
"CHRNA9",0,0,0,0,FALSE,FALSE
"NSUN7",0,0,0,0,FALSE,FALSE
"BEND4",0,0,0,0,FALSE,FALSE
"SHISA3",0,0,0,0,FALSE,FALSE
"GRXCR1",0,0,0,0,FALSE,FALSE
"KCTD8",0,0,0,0,FALSE,FALSE
"YIPF7",0,0,0,0,FALSE,FALSE
"GABRG1",0,0,0,0,FALSE,FALSE
"GABRA2",0,0.03,0,-0.28,FALSE,FALSE
"COX7B2",0,0,0,0,FALSE,FALSE
"GABRA4",0,0,0,0,FALSE,FALSE
"GABRB1",0,0,0,0,FALSE,FALSE
"ATP10D",0,0.01,0,-0.07,FALSE,FALSE
"CORIN",0,0,0,0,FALSE,FALSE
"NIPAL1",0,0,0,0,FALSE,FALSE
"TXK",0,0.01,0,-0.03,FALSE,FALSE
"TEC",0,0.02,0,-0.3,FALSE,FALSE
"SLC10A4",0,0,0,0,FALSE,FALSE
"LRRC66",0,0,0,0,FALSE,FALSE
"NMU",0,0,0,0,FALSE,FALSE
"CRACD",0,0,0,0,FALSE,FALSE
"PAICS",0,0,0,0,FALSE,FALSE
"ARL9",0,0,0,0,FALSE,FALSE
"SPINK2",0,0,0,0,FALSE,FALSE
"GNRHR",0,0,0,0,FALSE,FALSE
"TMPRSS11D",0,0,0,0,FALSE,FALSE
"TMPRSS11A",0,0,0,0,FALSE,FALSE
"TMPRSS11E",0,0,0,0,FALSE,FALSE
"UGT2A1",0,0,0,0,FALSE,FALSE
"SULT1B1",0,0,0,0,FALSE,FALSE
"SULT1E1",0,0,0,0,FALSE,FALSE
"PRR27",0,0,0,0,FALSE,FALSE
"ODAM",0,0,0,0,FALSE,FALSE
"FDCSP",0,0,0,0,FALSE,FALSE
"CABS1",0,0,0,0,FALSE,FALSE
"MUC7",0,0,0,0,FALSE,FALSE
"GC",0,0,0,0,FALSE,FALSE
"NPFFR2",0,0.02,0,-0.21,FALSE,FALSE
"ADAMTS3",0,0,0,0,FALSE,FALSE
"ALB",0,0,0,0,FALSE,FALSE
"AFM",0,0,0,0,FALSE,FALSE
"CXCL6",0,0,0,0,FALSE,FALSE
"PPBP",0,0,0,0,FALSE,FALSE
"CXCL5",0,0,0,0,FALSE,FALSE
"CXCL3",0,0,0,0,FALSE,FALSE
"CXCL2",0,0,0,0,FALSE,FALSE
"EPGN",0,0,0,0,FALSE,FALSE
"EREG",0,0,0,0,FALSE,FALSE
"AREG",0,0,0,0,FALSE,FALSE
"BTC",0,0,0,0,FALSE,FALSE
"ODAPH",0,0,0,0,FALSE,FALSE
"CDKL2",0,0,0,0,FALSE,FALSE
"ART3",0,0,0,0,FALSE,FALSE
"CXCL11",0,0,0,0,FALSE,FALSE
"FAM47E",0,0,0,0,FALSE,FALSE
"CCDC158",0,0,0,0,FALSE,FALSE
"SHROOM3",0,0.01,0,-0.03,FALSE,FALSE
"SOWAHB",0,0,0,0,FALSE,FALSE
"CXCL13",0,0,0,0,FALSE,FALSE
"GK2",0,0,0,0,FALSE,FALSE
"PRDM8",0,0.01,0,-0.12,FALSE,FALSE
"FGF5",0,0,0,0,FALSE,FALSE
"BMP3",0,0,0,0,FALSE,FALSE
"PRKG2",0,0,0,0,FALSE,FALSE
"RASGEF1B",0,0.01,0,-0.11,FALSE,FALSE
"TMEM150C",0,0.01,0,-0.07,FALSE,FALSE
"THAP9",0,0,0,0.01,FALSE,FALSE
"PLAC8",0,0,0,0,FALSE,FALSE
"COQ2",0,0.01,0,-0.03,FALSE,FALSE
"GPAT3",0,0.01,0,-0.07,FALSE,FALSE
"SLC10A6",0,0,0,0,FALSE,FALSE
"C4orf36",0,0,0,0,FALSE,FALSE
"HSD17B13",0,0,0,0,FALSE,FALSE
"DMP1",0,0,0,0,FALSE,FALSE
"MEPE",0,0,0,0,FALSE,FALSE
"SPP1",0,0.03,0,-0.37,FALSE,FALSE
"ABCG2",0,0,0,0.01,FALSE,FALSE
"MMRN1",0,0.04,0,-0.46,FALSE,FALSE
"CCSER1",0,0.01,0,-0.14,FALSE,FALSE
"GRID2",0,0,0,0,FALSE,FALSE
"ATOH1",0,0,0,0,FALSE,FALSE
"HPGDS",0,0.01,0,-0.12,FALSE,FALSE
"BMPR1B",0,0,0,0,FALSE,FALSE
"STPG2",0,0,0,0,FALSE,FALSE
"TSPAN5",0,0,0,0,FALSE,FALSE
"ADH1C",0,0,0,0,FALSE,FALSE
"ADH7",0,0,0,0,FALSE,FALSE
"C4orf17",0,0,0,0,FALSE,FALSE
"TRMT10A",0,0.01,0,-0.19,FALSE,FALSE
"MTTP",0,0,0,0,FALSE,FALSE
"SLC9B1",0,0,0,0,FALSE,FALSE
"CXXC4",0,0,0,0,FALSE,FALSE
"ARHGEF38",0,0,0,0,FALSE,FALSE
"GIMD1",0,0,0,0,FALSE,FALSE
"DKK2",0,0.01,0,-0.08,FALSE,FALSE
"SGMS2",0,0.01,0,-0.16,FALSE,FALSE
"OSTC",0,0.01,0,-0.12,FALSE,FALSE
"CFI",0,0.03,0,-0.4,FALSE,FALSE
"RRH",0,0,0,0,FALSE,FALSE
"LRIT3",0,0,0,0,FALSE,FALSE
"EGF",0,0,0,0,FALSE,FALSE
"ELOVL6",0,0.01,0,-0.08,FALSE,FALSE
"ZGRF1",0,0.02,0,-0.26,FALSE,FALSE
"TRAM1L1",0,0,0,0,FALSE,FALSE
"NDST3",0,0,0,0,FALSE,FALSE
"MYOZ2",0,0,0,0,FALSE,FALSE
"MAD2L1",0,0,0,0,FALSE,FALSE
"TNIP3",0,0,0,0,FALSE,FALSE
"TRPC3",0,0,0,0,FALSE,FALSE
"ADAD1",0,0,0,0,FALSE,FALSE
"IL2",0,0,0,0,FALSE,FALSE
"IL21",0,0,0,0,FALSE,FALSE
"ANKRD50",0,0.02,0,-0.21,FALSE,FALSE
"PLK4",0,0,0,0,FALSE,FALSE
"PCDH10",0,0,0,0,FALSE,FALSE
"SLC7A11",0,0,0,0,FALSE,FALSE
"NOCT",0,0,0,0,FALSE,FALSE
"MGARP",0,0,0,0,FALSE,FALSE
"CLGN",0,0,0,0,FALSE,FALSE
"INPP4B",0,0,0,0,FALSE,FALSE
"GYPE",0,0,0,0,FALSE,FALSE
"GYPA",0,0,0,0,FALSE,FALSE
"HHIP",0,0.01,0,-0.14,FALSE,FALSE
"ABCE1",0,0.01,0,-0.03,FALSE,FALSE
"ZNF827",0,0,0,-0.04,FALSE,FALSE
"REELD1",0,0,0,0,FALSE,FALSE
"SLC10A7",0,0.04,0,-0.41,FALSE,FALSE
"TTC29",0,0,0,0,FALSE,FALSE
"IQCM",0,0,0,0,FALSE,FALSE
"MAB21L2",0,0,0,0,FALSE,FALSE
"PRSS48",0,0,0,0,FALSE,FALSE
"TIGD4",0,0,0,0,FALSE,FALSE
"FHDC1",0,0,0,0,FALSE,FALSE
"MND1",0,0.01,0,-0.07,FALSE,FALSE
"TLR2",0,0,0,0,FALSE,FALSE
"RNF175",0,0,0,0,FALSE,FALSE
"DCHS2",0,0,0,0,FALSE,FALSE
"FGG",0,0,0,0,FALSE,FALSE
"LRAT",0,0,0,0,FALSE,FALSE
"RBM46",0,0,0,0,FALSE,FALSE
"MAP9",0,0,0,0,FALSE,FALSE
"ASIC5",0,0,0,0,FALSE,FALSE
"GLRB",0,0,0,0,FALSE,FALSE
"GRIA2",0,0,0,0,FALSE,FALSE
"TMEM144",0,0,0,0,FALSE,FALSE
"C4orf46",0,0,0,0,FALSE,FALSE
"FNIP2",0,0.03,0,-0.28,FALSE,FALSE
"FSTL5",0,0,0,0,FALSE,FALSE
"NPY1R",0,0,0,-0.04,FALSE,FALSE
"NPY5R",0,0,0,0,FALSE,FALSE
"SMIM31",0,0,0,0,FALSE,FALSE
"TRIM61",0,0,0,0,FALSE,FALSE
"FAM218A",0,0,0,0,FALSE,FALSE
"TMEM192",0,0.02,0,-0.23,FALSE,FALSE
"MSMO1",0,0,0,0,FALSE,FALSE
"TLL1",0,0.01,0,-0.12,FALSE,FALSE
"SPOCK3",0,0,0,0,FALSE,FALSE
"HPF1",0,0.01,0,-0.08,FALSE,FALSE
"MFAP3L",0,0,0,0,FALSE,FALSE
"GALNTL6",0,0,0,0,FALSE,FALSE
"HAND2",0,0.01,0,-0.19,FALSE,FALSE
"GLRA3",0,0,0,0,FALSE,FALSE
"GPM6A",0,0,0,0,FALSE,FALSE
"CLDN22",0,0,0,0,FALSE,FALSE
"CENPU",0,0.02,0,-0.25,FALSE,FALSE
"SNX25",0,0,0,0.01,FALSE,FALSE
"LRP2BP",0,0,0,0,FALSE,FALSE
"C4orf47",0,0,0,0,FALSE,FALSE
"CCDC110",0,0,0,0,FALSE,FALSE
"PDLIM3",0,0,0,0.01,FALSE,FALSE
"FAM149A",0,0.01,0,-0.16,FALSE,FALSE
"KLKB1",0,0,0,0,FALSE,FALSE
"F11",0,0,0,0,FALSE,FALSE
"PLEKHG4B",0,0,0,0,FALSE,FALSE
"AHRR",0,0,0,0,FALSE,FALSE
"TPPP",0,0,0,0,FALSE,FALSE
"ZDHHC11B",0,0,0,0,FALSE,FALSE
"TRIP13",0,0.01,0,-0.08,FALSE,FALSE
"TERT",0,0,0,0,FALSE,FALSE
"IRX1",0,0.02,0,-0.18,FALSE,FALSE
"ADAMTS16",0,0,0,0,FALSE,FALSE
"UBE2QL1",0,0,0,0,FALSE,FALSE
"ADCY2",0,0,0,0,FALSE,FALSE
"C5orf49",0,0,0,0,FALSE,FALSE
"ROPN1L",0,0,0,0,FALSE,FALSE
"CTNND2",0,0,0,0,FALSE,FALSE
"OTULINL",0,0.03,0,-0.28,FALSE,FALSE
"FBXL7",0,0.01,0,-0.08,FALSE,FALSE
"RETREG1",0,0.02,0,-0.18,FALSE,FALSE
"TAF11L6",0,0,0,0,FALSE,FALSE
"TAF11L8",0,0,0,0,FALSE,FALSE
"CDH18",0,0,0,0,FALSE,FALSE
"CDH10",0,0,0,0,FALSE,FALSE
"CDH9",0,0,0,0,FALSE,FALSE
"TARS1",0,0.01,0,-0.14,FALSE,FALSE
"ADAMTS12",0,0,0,0.01,FALSE,FALSE
"C1QTNF3",0,0,0,0,FALSE,FALSE
"TTC23L",0,0,0,0,FALSE,FALSE
"PRLR",0,0,0,0,FALSE,FALSE
"IL7R",0,5.78,0,-5.88,TRUE,FALSE
"CAPSL",0,0,0,0,FALSE,FALSE
"UGT3A2",0,0,0,0,FALSE,FALSE
"SKP2",0,0,0,0,FALSE,FALSE
"RANBP3L",0,0,0,0,FALSE,FALSE
"SLC1A3",0,0,0,0,FALSE,FALSE
"GDNF",0,0,0,0,FALSE,FALSE
"C9",0,0,0,0,FALSE,FALSE
"MROH2B",0,0,0,0,FALSE,FALSE
"C6",0,0,0,0,FALSE,FALSE
"PLCXD3",0,0,0,-0.04,FALSE,FALSE
"ZNF131",0,0.01,0,-0.07,FALSE,FALSE
"NIM1K",0,0,0,0,FALSE,FALSE
"HMGCS1",0,0.01,0,-0.16,FALSE,FALSE
"CCL28",0,0.01,0,-0.07,FALSE,FALSE
"C5orf34",0,0,0,0,FALSE,FALSE
"PAIP1",0,0.01,0,-0.07,FALSE,FALSE
"HCN1",0,0,0,0,FALSE,FALSE
"HSPB3",0,0,0,0,FALSE,FALSE
"ESM1",0,0,0,0,FALSE,FALSE
"CDC20B",0,0,0,0,FALSE,FALSE
"MCIDAS",0,0,0,0,FALSE,FALSE
"SLC38A9",0,0.02,0,-0.3,FALSE,FALSE
"DDX4",0,0,0,0,FALSE,FALSE
"ANKRD55",0,0.01,0,-0.08,FALSE,FALSE
"SETD9",0,0,0,0,FALSE,FALSE
"GAPT",0,0,0,0,FALSE,FALSE
"RAB3C",0,0,0,0,FALSE,FALSE
"ELOVL7",0,0.02,0,-0.26,FALSE,FALSE
"RGS7BP",0,0,0,0,FALSE,FALSE
"SHISAL2B",0,0,0,0,FALSE,FALSE
"ADAMTS6",0,0,0,0,FALSE,FALSE
"CENPK",0,0.01,0,-0.12,FALSE,FALSE
"SHLD3",0,0,0,0,FALSE,FALSE
"CD180",0,0.02,0,-0.23,FALSE,FALSE
"CENPH",0,0.01,0,-0.11,FALSE,FALSE
"TAF9",0,0.01,0,-0.07,FALSE,FALSE
"FOXD1",0,0,0,0,FALSE,FALSE
"BTF3",0,0,0,0,FALSE,FALSE
"UTP15",0,0,0,0,FALSE,FALSE
"ANKRD31",0,0,0,0,FALSE,FALSE
"ANKDD1B",0,0,0,0,FALSE,FALSE
"F2RL2",0,0,0,0,FALSE,FALSE
"F2R",0,0,0,0,FALSE,FALSE
"F2RL1",0,0,0,0,FALSE,FALSE
"S100Z",0,0,0,0,FALSE,FALSE
"CRHBP",0,0,0,0,FALSE,FALSE
"PDE8B",0,0,0,0,FALSE,FALSE
"ARSB",0,0,0,0.05,FALSE,FALSE
"DMGDH",0,0,0,0,FALSE,FALSE
"HOMER1",0,0.01,0,-0.12,FALSE,FALSE
"FAM151B",0,0,0,0,FALSE,FALSE
"CKMT2",0,0,0,0.01,FALSE,FALSE
"ACOT12",0,0,0,0,FALSE,FALSE
"HAPLN1",0,0,0,0,FALSE,FALSE
"EDIL3",0,0.01,0,-0.11,FALSE,FALSE
"CCNH",0,0.01,0,-0.07,FALSE,FALSE
"MBLAC2",0,0,0,0,FALSE,FALSE
"POLR3G",0,0,0,0,FALSE,FALSE
"POU5F2",0,0.01,0,-0.08,FALSE,FALSE
"FAM81B",0,0,0,0,FALSE,FALSE
"ARSK",0,0,0,0,FALSE,FALSE
"GPR150",0,0,0,0,FALSE,FALSE
"SPATA9",0,0,0,0,FALSE,FALSE
"PCSK1",0,0,0,0,FALSE,FALSE
"ERAP2",0,0,0,0.01,FALSE,FALSE
"SLCO4C1",0,0,0,0,FALSE,FALSE
"MACIR",0,0,0,0,FALSE,FALSE
"NUDT12",0,0.01,0,-0.11,FALSE,FALSE
"TSLP",0,0,0,0,FALSE,FALSE
"STARD4",0,0.01,0,-0.03,FALSE,FALSE
"MCC",0,0.03,0,-0.28,FALSE,FALSE
"TSSK1B",0,0,0,0,FALSE,FALSE
"KCNN2",0,0,0,0,FALSE,FALSE
"CCDC112",0,0,0,0.01,FALSE,FALSE
"TICAM2",0,0,0,0,FALSE,FALSE
"CDO1",0,0.01,0,-0.07,FALSE,FALSE
"LVRN",0,0,0,0,FALSE,FALSE
"ARL14EPL",0,0,0,0,FALSE,FALSE
"DTWD2",0,0,0,0,FALSE,FALSE
"PRR16",0,0,0,0,FALSE,FALSE
"ZNF474",0,0,0,0,FALSE,FALSE
"SNCAIP",0,0.01,0,-0.07,FALSE,FALSE
"PRDM6",0,0,0,0,FALSE,FALSE
"MARCHF3",0,0,0,0,FALSE,FALSE
"MEGF10",0,0,0,0,FALSE,FALSE
"CCDC192",0,0,0,0,FALSE,FALSE
"FBN2",0,0,0,0,FALSE,FALSE
"MINAR2",0,0,0,0,FALSE,FALSE
"CHSY3",0,0,0,0,FALSE,FALSE
"MEIKIN",0,0,0,0,FALSE,FALSE
"ACSL6",0,0,0,0,FALSE,FALSE
"SLC22A4",0,0,0,0,FALSE,FALSE
"SLC22A5",0,0.01,0,-0.14,FALSE,FALSE
"IL5",0,0,0,0,FALSE,FALSE
"CCNI2",0,0.01,0,-0.03,FALSE,FALSE
"GDF9",0,0,0,0,FALSE,FALSE
"LEAP2",0,0,0,0,FALSE,FALSE
"FSTL4",0,0,0,0,FALSE,FALSE
"CDKL3",0,0,0,0,FALSE,FALSE
"CDKN2AIPNL",0,0.03,0,-0.28,FALSE,FALSE
"CATSPER3",0,0,0,0,FALSE,FALSE
"TIFAB",0,0,0,0,FALSE,FALSE
"MYOT",0,0,0,0,FALSE,FALSE
"PKD2L2",0,0,0,0,FALSE,FALSE
"REEP2",0,0,0,0,FALSE,FALSE
"ETF1",0,0.01,0,-0.14,FALSE,FALSE
"LRRTM2",0,0,0,0,FALSE,FALSE
"SLC23A1",0,0,0,0,FALSE,FALSE
"PROB1",0,0,0,0,FALSE,FALSE
"SPATA24",0,0.01,0,-0.08,FALSE,FALSE
"PSD2",0,0,0,0,FALSE,FALSE
"NRG2",0,0.01,0,-0.03,FALSE,FALSE
"HBEGF",0,0,0,-0.04,FALSE,FALSE
"EIF4EBP3",0,0.01,0,-0.12,FALSE,FALSE
"CD14",0,0.03,0,-0.33,TRUE,FALSE
"DND1",0,0,0,0,FALSE,FALSE
"PCDHA3",0,0,0,0,FALSE,FALSE
"PCDHA4",0,0,0,0,FALSE,FALSE
"PCDHA6",0,0,0,0,FALSE,FALSE
"PCDHA10",0,0,0,0,FALSE,FALSE
"PCDHB1",0,0,0,0,FALSE,FALSE
"PCDHB2",0,0,0,0,FALSE,FALSE
"PCDHB3",0,0,0,0,FALSE,FALSE
"PCDHB4",0,0,0,0,FALSE,FALSE
"PCDHB5",0,0,0,0,FALSE,FALSE
"PCDHB6",0,0,0,0,FALSE,FALSE
"PCDHB7",0,0.01,0,-0.08,FALSE,FALSE
"PCDHB8",0,0,0,0,FALSE,FALSE
"PCDHB9",0,0,0,0,FALSE,FALSE
"PCDHB10",0,0,0,0,FALSE,FALSE
"PCDHB11",0,0,0,0,FALSE,FALSE
"PCDHB12",0,0,0,0,FALSE,FALSE
"PCDHB13",0,0,0,0,FALSE,FALSE
"PCDHB14",0,0.01,0,-0.19,FALSE,FALSE
"PCDHB15",0,0,0,0,FALSE,FALSE
"PCDHGA1",0,0,0,0,FALSE,FALSE
"PCDHGA3",0,0,0,0,FALSE,FALSE
"PCDHGB2",0,0,0,0,FALSE,FALSE
"PCDHGA6",0,0,0,0,FALSE,FALSE
"PCDHGA7",0,0.01,0,-0.12,FALSE,FALSE
"PCDHGA8",0,0,0,0,FALSE,FALSE
"PCDHGA9",0,0,0,0,FALSE,FALSE
"PCDHGB7",0,0.02,0,-0.21,FALSE,FALSE
"PCDHGA11",0,0,0,0,FALSE,FALSE
"PCDHGC5",0,0,0,0,FALSE,FALSE
"RELL2",0,0,0,0,FALSE,FALSE
"FCHSD1",0,0.03,0,-0.31,FALSE,FALSE
"ARAP3",0,0.01,0,-0.08,FALSE,FALSE
"PCDH12",0,0,0,0,FALSE,FALSE
"FGF1",0,0,0,0.01,FALSE,FALSE
"HMHB1",0,0,0,0,FALSE,FALSE
"KCTD16",0,0,0,0,FALSE,FALSE
"PLAC8L1",0,0,0,0,FALSE,FALSE
"POU4F3",0,0,0,0,FALSE,FALSE
"GPR151",0,0,0,0,FALSE,FALSE
"STK32A",0,0,0,0,FALSE,FALSE
"JAKMIP2",0,0.01,0,-0.03,FALSE,FALSE
"SCGB3A2",0,0,0,0,FALSE,FALSE
"C5orf46",0,0,0,0,FALSE,FALSE
"SPINK7",0,0,0,0,FALSE,FALSE
"HTR4",0,0,0,0,FALSE,FALSE
"SH3TC2",0,0,0,0,FALSE,FALSE
"ARHGEF37",0,0,0,0,FALSE,FALSE
"TIGD6",0,0.01,0,-0.08,FALSE,FALSE
"CSF1R",0,0.05,0,-0.55,TRUE,FALSE
"PDGFRB",0,4.45,0,-5.51,TRUE,FALSE
"CDX1",0,0,0,0,FALSE,FALSE
"ARSI",0,0,0,0,FALSE,FALSE
"MYOZ3",0,0,0,0,FALSE,FALSE
"RBM22",0,0.01,0,-0.14,FALSE,FALSE
"SMIM3",0,0.02,0,-0.23,FALSE,FALSE
"ZNF300",0,0.01,0,-0.08,FALSE,FALSE
"MFAP3",0,0,0,0,FALSE,FALSE
"SGCD",0,0.01,0,-0.03,FALSE,FALSE
"TIMD4",0,0,0,0,FALSE,FALSE
"HAVCR2",0,0,0,0,FALSE,FALSE
"NIPAL4",0,0,0,0,FALSE,FALSE
"SOX30",0,0,0,0,FALSE,FALSE
"LSM11",0,0.02,0,-0.21,FALSE,FALSE
"RNF145",0,0.02,0,-0.23,FALSE,FALSE
"IL12B",0,0,0,0,FALSE,FALSE
"ADRA1B",0,0,0,0,FALSE,FALSE
"CCNJL",0,0,0,0,FALSE,FALSE
"C1QTNF2",0,0,0,0,FALSE,FALSE
"PTTG1",0,0.01,0,-0.14,FALSE,FALSE
"ATP10B",0,0,0,0,FALSE,FALSE
"GABRB2",0,0,0,0,FALSE,FALSE
"GABRA6",0,0,0,0,FALSE,FALSE
"GABRG2",0,0,0,0,FALSE,FALSE
"TENM2",0,0.01,0,-0.14,FALSE,FALSE
"WWC1",0,0,0,0,FALSE,FALSE
"FBLL1",0,0,0,0,FALSE,FALSE
"SPDL1",0,0,0,0,FALSE,FALSE
"FOXI1",0,0,0,0,FALSE,FALSE
"KCNIP1",0,0,0,0,FALSE,FALSE
"GABRP",0,0,0,0,FALSE,FALSE
"FGF18",0,0.01,0,-0.03,FALSE,FALSE
"STC2",0,0,0,0,FALSE,FALSE
"BOD1",0,0,0,0,FALSE,FALSE
"DRD1",0,0,0,0,FALSE,FALSE
"HRH2",0,0,0,0,FALSE,FALSE
"GPRIN1",0,0,0,0,FALSE,FALSE
"UNC5A",0,0,0,0,FALSE,FALSE
"HK3",0,0,0,0,FALSE,FALSE
"FGFR4",0,0,0,0,FALSE,FALSE
"RAB24",0,0.01,0,-0.14,FALSE,FALSE
"MXD3",0,0.02,0,-0.25,FALSE,FALSE
"PRR7",0,0,0,0.01,FALSE,FALSE
"DOK3",0,0,0,0,FALSE,FALSE
"DDX41",0,0,0,0,FALSE,FALSE
"N4BP3",0,0,0,0,FALSE,FALSE
"COL23A1",0,0,0,0,FALSE,FALSE
"ZNF354A",0,0.01,0,-0.07,FALSE,FALSE
"ZNF354B",0,0,0,-0.04,FALSE,FALSE
"ZFP2",0,0,0,0,FALSE,FALSE
"ZNF454",0,0,0,0,FALSE,FALSE
"ZNF879",0,0,0,0,FALSE,FALSE
"ADAMTS2",0,0.02,0,-0.23,FALSE,FALSE
"LTC4S",0,0,0,0,FALSE,FALSE
"SCGB3A1",0,0,0,0,FALSE,FALSE
"OR2V1",0,0,0,0,FALSE,FALSE
"OR2V2",0,0,0,0,FALSE,FALSE
"TRIM7",0,0.01,0,-0.11,FALSE,FALSE
"HUS1B",0,0,0,0,FALSE,FALSE
"FOXQ1",0,0,0,0,FALSE,FALSE
"FOXF2",0,0,0,0,FALSE,FALSE
"MYLK4",0,0,0,0,FALSE,FALSE
"NQO2",0,0.01,0,-0.08,FALSE,FALSE
"TUBB2A",0,0,0,0,FALSE,FALSE
"TUBB2B",0,0,0,0,FALSE,FALSE
"FAM217A",0,0,0,0,FALSE,FALSE
"RPP40",0,0.01,0,-0.08,FALSE,FALSE
"PPP1R3G",0,0,0,0,FALSE,FALSE
"EEF1E1",0,0.01,0,-0.16,FALSE,FALSE
"TFAP2A",0,0,0,0,FALSE,FALSE
"GCNT2",0,0.01,0,-0.19,FALSE,FALSE
"C6orf52",0,0,0,0,FALSE,FALSE
"MAK",0,0,0,0,FALSE,FALSE
"SYCP2L",0,0,0,0,FALSE,FALSE
"ELOVL2",0,0.01,0,-0.19,FALSE,FALSE
"SMIM13",0,0,0,0.01,FALSE,FALSE
"TMEM170B",0,0,0,0,FALSE,FALSE
"ADTRP",0,0.01,0,-0.07,FALSE,FALSE
"EDN1",0,0,0,0,FALSE,FALSE
"RNF182",0,0,0,0,FALSE,FALSE
"RBM24",0,0.02,0,-0.25,FALSE,FALSE
"FAM8A1",0,0.01,0,-0.14,FALSE,FALSE
"NHLRC1",0,0,0,0,FALSE,FALSE
"TPMT",0,0,0,0,FALSE,FALSE
"E2F3",0,0.02,0,-0.18,FALSE,FALSE
"PRL",0,0,0,0,FALSE,FALSE
"DCDC2",0,0,0,0,FALSE,FALSE
"KIAA0319",0,0,0,0,FALSE,FALSE
"ARMH2",0,0,0,0,FALSE,FALSE
"SCGN",0,0,0,0,FALSE,FALSE
"SLC17A4",0,0,0,0,FALSE,FALSE
"SLC17A1",0,0,0,0,FALSE,FALSE
"H1-1",0,0,0,0,FALSE,FALSE
"H2BC3",0,0.01,0,-0.07,FALSE,FALSE
"HFE",0,0.01,0,-0.16,FALSE,FALSE
"H4C3",0,0.03,0,-0.35,FALSE,FALSE
"H3C6",0,0,0,0,FALSE,FALSE
"H3C8",0,0,0,0,FALSE,FALSE
"BTN2A1",0,0.02,0,-0.18,FALSE,FALSE
"ABT1",0,0.01,0,-0.07,FALSE,FALSE
"H2AC11",0,0,0,0,FALSE,FALSE
"ZNF391",0,0.01,0,-0.19,FALSE,FALSE
"ZNF184",0,0.03,0,-0.31,FALSE,FALSE
"H3C10",0,0,0,0,FALSE,FALSE
"H4C11",0,0,0,-0.04,FALSE,FALSE
"H2BC15",0,0,0,0,FALSE,FALSE
"OR2B6",0,0,0,0,FALSE,FALSE
"ZNF165",0,0,0,0,FALSE,FALSE
"ZSCAN9",0,0.01,0,-0.08,FALSE,FALSE
"ZKSCAN4",0,0.01,0,-0.11,FALSE,FALSE
"NKAPL",0,0,0,0,FALSE,FALSE
"PGBD1",0,0,0,0.01,FALSE,FALSE
"ZSCAN31",0,0,0,0,FALSE,FALSE
"ZSCAN12",0,0.01,0,-0.03,FALSE,FALSE
"ZSCAN23",0,0,0,0,FALSE,FALSE
"ZBED9",0,0,0,0,FALSE,FALSE
"ZNF311",0,0,0,0,FALSE,FALSE
"OR2J2",0,0,0,0,FALSE,FALSE
"OR5V1",0,0,0,0,FALSE,FALSE
"OR12D3",0,0,0,0,FALSE,FALSE
"OR12D2",0,0,0,0,FALSE,FALSE
"OR2H1",0,0,0,0,FALSE,FALSE
"MAS1L",0,0,0,0,FALSE,FALSE
"OR2H2",0,0,0,0,FALSE,FALSE
"RNF39",0,0,0,0,FALSE,FALSE
"TRIM10",0,0,0,0,FALSE,FALSE
"TRIM39",0,0.01,0,-0.03,FALSE,FALSE
"PRR3",0,0.03,0,-0.28,FALSE,FALSE
"C6orf136",0,0,0,0,FALSE,FALSE
"VARS2",0,0.02,0,-0.18,FALSE,FALSE
"PSORS1C1",0,0,0,0,FALSE,FALSE
"TCF19",0,0.01,0,-0.03,FALSE,FALSE
"MICB",0,0,0,0,FALSE,FALSE
"ATP6V1G2",0,0,0,0,FALSE,FALSE
"LTA",0,0,0,0,FALSE,FALSE
"TNF",0,0,0,0,FALSE,FALSE
"NCR3",0,0,0,0,FALSE,FALSE
"APOM",0,0,0,0,FALSE,FALSE
"LY6G5C",0,0,0,0,FALSE,FALSE
"LY6G6E",0,0,0,0,FALSE,FALSE
"MPIG6B",0,0,0,0,FALSE,FALSE
"MSH5",0,0.03,0,-0.31,FALSE,FALSE
"SAPCD1",0,0,0,0,FALSE,FALSE
"VWA7",0,0,0,0,FALSE,FALSE
"HSPA1L",0,0,0,0,FALSE,FALSE
"SLC44A4",0,0,0,0,FALSE,FALSE
"NELFE",0,0,0,0,FALSE,FALSE
"SKIV2L",0,0.01,0,-0.11,FALSE,FALSE
"DXO",0,0.01,0,-0.03,FALSE,FALSE
"C4B",0,0,0,0,FALSE,FALSE
"CYP21A2",0,0.01,0,-0.11,FALSE,FALSE
"FKBPL",0,0,0,0,FALSE,FALSE
"EGFL8",0,0,0,0.05,FALSE,FALSE
"BTNL2",0,0,0,0,FALSE,FALSE
"COL11A2",0,0,0,0,FALSE,FALSE
"B3GALT4",0,0.01,0,-0.14,FALSE,FALSE
"IP6K3",0,0,0,0,FALSE,FALSE
"GRM4",0,0,0,0,FALSE,FALSE
"HMGA1",0,0.01,0,-0.03,FALSE,FALSE
"PACSIN1",0,0,0,0,FALSE,FALSE
"UHRF1BP1",0,0.01,0,-0.14,FALSE,FALSE
"SCUBE3",0,0,0,0,FALSE,FALSE
"PPARD",0,0.02,0,-0.21,FALSE,FALSE
"FANCE",0,0.01,0,-0.16,FALSE,FALSE
"ARMC12",0,0,0,0,FALSE,FALSE
"BNIP5",0,0,0,0,FALSE,FALSE
"RAB44",0,0,0,0,FALSE,FALSE
"CPNE5",0,0.01,0,-0.07,FALSE,FALSE
"TMEM217",0,0,0,0,FALSE,FALSE
"MDGA1",0,0.01,0,-0.19,FALSE,FALSE
"DNAH8",0,0,0,0,FALSE,FALSE
"SAYSD1",0,0.01,0,-0.03,FALSE,FALSE
"KCNK5",0,0,0,0,FALSE,FALSE
"KCNK17",0,0,0,0,FALSE,FALSE
"KIF6",0,0,0,0,FALSE,FALSE
"MOCS1",0,0,0,0.05,FALSE,FALSE
"UNC5CL",0,0,0,0,FALSE,FALSE
"TSPO2",0,0,0,0,FALSE,FALSE
"TREML1",0,0,0,0,FALSE,FALSE
"TREM2",0,0,0,0,FALSE,FALSE
"TREML2",0,0,0,0,FALSE,FALSE
"TREM1",0,0,0,0,FALSE,FALSE
"MDFI",0,0.01,0,-0.07,FALSE,FALSE
"FRS3",0,0.03,0,-0.33,FALSE,FALSE
"USP49",0,0,0,0,FALSE,FALSE
"BYSL",0,0.01,0,-0.19,FALSE,FALSE
"C6orf132",0,0,0,0,FALSE,FALSE
"GUCA1B",0,0,0,0,FALSE,FALSE
"PRPH2",0,0,0,0,FALSE,FALSE
"PTCRA",0,0.01,0,-0.11,FALSE,FALSE
"GNMT",0,0,0,0,FALSE,FALSE
"CUL7",0,0.01,0,-0.08,FALSE,FALSE
"TJAP1",0,0.03,0,-0.31,FALSE,FALSE
"LRRC73",0,0,0,0,FALSE,FALSE
"RSPH9",0,0,0,0,FALSE,FALSE
"CAPN11",0,0,0,0,FALSE,FALSE
"MYMX",0,0,0,0,FALSE,FALSE
"NFKBIE",0,0,0,0.01,FALSE,FALSE
"TMEM151B",0,0,0,0,FALSE,FALSE
"TCTE1",0,0,0,0,FALSE,FALSE
"SPATS1",0,0,0,0,FALSE,FALSE
"RUNX2",0,0.01,0,-0.07,FALSE,FALSE
"ENPP5",0,0.01,0,-0.16,FALSE,FALSE
"CYP39A1",0,0,0,0,FALSE,FALSE
"TDRD6",0,0,0,0,FALSE,FALSE
"PLA2G7",0,0,0,0,FALSE,FALSE
"ANKRD66",0,0,0,0,FALSE,FALSE
"MEP1A",0,0,0,0,FALSE,FALSE
"ADGRF1",0,0,0,0,FALSE,FALSE
"ADGRF4",0,0,0,0,FALSE,FALSE
"PTCHD4",0,0,0,0,FALSE,FALSE
"RHAG",0,0,0,0,FALSE,FALSE
"CRISP2",0,0,0,0,FALSE,FALSE
"CRISP3",0,0,0,0,FALSE,FALSE
"DEFB133",0,0,0,0,FALSE,FALSE
"DEFB112",0,0,0,0,FALSE,FALSE
"PAQR8",0,0,0,-0.04,FALSE,FALSE
"GSTA1",0,0,0,0,FALSE,FALSE
"GCM1",0,0,0,0,FALSE,FALSE
"KLHL31",0,0,0,0,FALSE,FALSE
"MLIP",0,0,0,0,FALSE,FALSE
"TINAG",0,0,0,0,FALSE,FALSE
"HMGCLL1",0,0.01,0,-0.16,FALSE,FALSE
"BMP5",0,0.02,0,-0.18,FALSE,FALSE
"BEND6",0,0,0,0,FALSE,FALSE
"BAG2",0,0.02,0,-0.18,FALSE,FALSE
"EYS",0,0,0,0,FALSE,FALSE
"ADGRB3",0,0,0,0,FALSE,FALSE
"COL19A1",0,0,0,0,FALSE,FALSE
"COL9A1",0,0,0,0,FALSE,FALSE
"FAM135A",0,0.01,0,-0.14,FALSE,FALSE
"B3GAT2",0,0,0,0,FALSE,FALSE
"KCNQ5",0,0,0,0,FALSE,FALSE
"KHDC1",0,0,0,0,FALSE,FALSE
"DPPA5",0,0,0,0,FALSE,FALSE
"OOEP",0,0,0,0,FALSE,FALSE
"DDX43",0,0,0,0,FALSE,FALSE
"MEI4",0,0,0,0,FALSE,FALSE
"IRAK1BP1",0,0.01,0,-0.07,FALSE,FALSE
"TENT5A",0,0.02,0,-0.25,FALSE,FALSE
"UBE3D",0,0,0,0,FALSE,FALSE
"PRSS35",0,0,0,0,FALSE,FALSE
"SNAP91",0,0,0,0,FALSE,FALSE
"RIPPLY2",0,0,0,0,FALSE,FALSE
"MRAP2",0,0,0,0.01,FALSE,FALSE
"NT5E",0,0.02,0,-0.18,FALSE,FALSE
"SYNCRIP",0,0,0,0,FALSE,FALSE
"CFAP206",0,0,0,0,FALSE,FALSE
"ORC3",0,0.01,0,-0.11,FALSE,FALSE
"SRSF12",0,0,0,0,FALSE,FALSE
"GABRR2",0,0,0,0,FALSE,FALSE
"LYRM2",0,0,0,0,FALSE,FALSE
"EPHA7",0,0,0,0,FALSE,FALSE
"GPR63",0,0,0,0,FALSE,FALSE
"KLHL32",0,0,0,0,FALSE,FALSE
"MMS22L",0,0,0,0,FALSE,FALSE
"COQ3",0,0,0,0,FALSE,FALSE
"SIM1",0,0,0,0,FALSE,FALSE
"GRIK2",0,0,0,0,FALSE,FALSE
"LIN28B",0,0,0,0,FALSE,FALSE
"BVES",0,0,0,0,FALSE,FALSE
"POPDC3",0,0,0,0,FALSE,FALSE
"RTN4IP1",0,0,0,0,FALSE,FALSE
"QRSL1",0,0.01,0,-0.12,FALSE,FALSE
"CD24",0,0.02,0,-0.18,FALSE,FALSE
"MTRES1",0,0,0,0,FALSE,FALSE
"BEND3",0,0,0,0,FALSE,FALSE
"AFG1L",0,0.01,0,-0.14,FALSE,FALSE
"ARMC2",0,0.02,0,-0.23,FALSE,FALSE
"CD164",0,0.01,0,-0.03,FALSE,FALSE
"PPIL6",0,0,0,0,FALSE,FALSE
"ZBTB24",0,0,0,0.01,FALSE,FALSE
"WASF1",0,0.01,0,-0.14,FALSE,FALSE
"CDC40",0,0.01,0,-0.07,FALSE,FALSE
"METTL24",0,0,0,0,FALSE,FALSE
"DDO",0,0,0,0,FALSE,FALSE
"SLC22A16",0,0,0,0,FALSE,FALSE
"CDK19",0,0,0,0,FALSE,FALSE
"GTF3C6",0,0,0,0,FALSE,FALSE
"MFSD4B",0,0.01,0,-0.07,FALSE,FALSE
"TRAF3IP2",0,0.02,0,-0.18,FALSE,FALSE
"CCN6",0,0,0,0,FALSE,FALSE
"COL10A1",0,0,0,0,FALSE,FALSE
"CALHM6",0,0,0,0,FALSE,FALSE
"TRAPPC3L",0,0,0,0,FALSE,FALSE
"CALHM5",0,0,0,0,FALSE,FALSE
"CALHM4",0,0,0,0,FALSE,FALSE
"RSPH4A",0,0,0,0,FALSE,FALSE
"GPRC6A",0,0,0,0,FALSE,FALSE
"SLC35F1",0,0,0,0,FALSE,FALSE
"FAM184A",0,0,0,0,FALSE,FALSE
"PKIB",0,0,0,0,FALSE,FALSE
"SMPDL3A",0,0.01,0,-0.19,FALSE,FALSE
"TRDN",0,0,0,0,FALSE,FALSE
"HEY2",0,0,0,0,FALSE,FALSE
"KIAA0408",0,0,0,0,FALSE,FALSE
"SOGA3",0,0.01,0,-0.03,FALSE,FALSE
"C6orf58",0,0,0,0,FALSE,FALSE
"TMEM244",0,0,0,0,FALSE,FALSE
"TMEM200A",0,0.01,0,-0.07,FALSE,FALSE
"AKAP7",0,0.01,0,-0.07,FALSE,FALSE
"ARG1",0,0,0,0,FALSE,FALSE
"MOXD1",0,0.02,0,-0.26,FALSE,FALSE
"TAAR6",0,0,0,0,FALSE,FALSE
"TAAR2",0,0,0,0,FALSE,FALSE
"VNN2",0,0,0,-0.04,FALSE,FALSE
"TCF21",0,0,0,0,FALSE,FALSE
"SLC2A12",0,0.01,0,-0.07,FALSE,FALSE
"ALDH8A1",0,0,0,0,FALSE,FALSE
"MTFR2",0,0,0,0,FALSE,FALSE
"PEX7",0,0,0,0.01,FALSE,FALSE
"IL20RA",0,0,0,0,FALSE,FALSE
"IL22RA2",0,0,0,0,FALSE,FALSE
"ARFGEF3",0,0,0,0,FALSE,FALSE
"NHSL1",0,0,0,0,FALSE,FALSE
"ECT2L",0,0,0,0,FALSE,FALSE
"TXLNB",0,0.02,0,-0.26,FALSE,FALSE
"NMBR",0,0,0,0,FALSE,FALSE
"GJE1",0,0,0,0,FALSE,FALSE
"FUCA2",0,0.03,0,-0.37,FALSE,FALSE
"ZC2HC1B",0,0,0,0,FALSE,FALSE
"STX11",0,0.02,0,-0.18,FALSE,FALSE
"ADGB",0,0,0,0,FALSE,FALSE
"SAMD5",0,0,0,0,FALSE,FALSE
"SUMO4",0,0,0,0,FALSE,FALSE
"ZC3H12D",0,0.02,0,-0.26,FALSE,FALSE
"ULBP3",0,0,0,0,FALSE,FALSE
"PPP1R14C",0,0,0,0,FALSE,FALSE
"CCDC170",0,0,0,0,FALSE,FALSE
"MYCT1",0,0.01,0,-0.03,FALSE,FALSE
"VIP",0,0,0,0,FALSE,FALSE
"MTRF1L",0,0,0,0,FALSE,FALSE
"TIAM2",0,0,0,0,FALSE,FALSE
"SYNJ2",0,0.01,0,-0.16,FALSE,FALSE
"TULP4",0,0.03,0,-0.31,FALSE,FALSE
"FNDC1",0,0,0,0,FALSE,FALSE
"ACAT2",0,0.02,0,-0.18,FALSE,FALSE
"PNLDC1",0,0,0,0,FALSE,FALSE
"SLC22A1",0,0,0,0,FALSE,FALSE
"SLC22A2",0,0,0,0,FALSE,FALSE
"AGPAT4",0,0,0,0,FALSE,FALSE
"PACRG",0,0.02,0,-0.18,FALSE,FALSE
"C6orf118",0,0,0,0,FALSE,FALSE
"PDE10A",0,0,0,0.01,FALSE,FALSE
"TTLL2",0,0,0,0,FALSE,FALSE
"DACT2",0,0,0,-0.04,FALSE,FALSE
"WDR27",0,0.03,0,-0.43,FALSE,FALSE
"DYNLT2",0,0,0,0,FALSE,FALSE
"DLL1",0,0.01,0,-0.14,FALSE,FALSE
"ADAP1",0,0,0,0,FALSE,FALSE
"CYP2W1",0,0,0,0,FALSE,FALSE
"GPER1",0,0,0,-0.04,FALSE,FALSE
"TMEM184A",0,0,0,0,FALSE,FALSE
"ELFN1",0,0,0,0,FALSE,FALSE
"RADIL",0,0,0,0,FALSE,FALSE
"FBXL18",0,0,0,0,FALSE,FALSE
"AIMP2",0,0.01,0,-0.19,FALSE,FALSE
"USP42",0,0,0,-0.04,FALSE,FALSE
"CYTH3",0,0.02,0,-0.21,FALSE,FALSE
"GRID2IP",0,0,0,0,FALSE,FALSE
"ZNF853",0,0,0,0,FALSE,FALSE
"C1GALT1",0,0,0,0,FALSE,FALSE
"COL28A1",0,0,0,0.05,FALSE,FALSE
"RPA3",0,0,0,0,FALSE,FALSE
"THSD7A",0,0.01,0,-0.12,FALSE,FALSE
"VWDE",0,0,0,0,FALSE,FALSE
"SCIN",0,0,0,0,FALSE,FALSE
"DGKB",0,0,0,0,FALSE,FALSE
"AGMO",0,0,0,0,FALSE,FALSE
"CRPPA",0,0,0,0.01,FALSE,FALSE
"SOSTDC1",0,0,0,0,FALSE,FALSE
"LRRC72",0,0,0,0,FALSE,FALSE
"AGR2",0,0,0,0,FALSE,FALSE
"AGR3",0,0,0,0,FALSE,FALSE
"TWIST1",0,0,0,0,FALSE,FALSE
"MACC1",0,0,0,0,FALSE,FALSE
"ABCB5",0,0,0,0,FALSE,FALSE
"DNAH11",0,0,0,0,FALSE,FALSE
"IL6",0,0,0,0,FALSE,FALSE
"IGF2BP3",0,0,0,0,FALSE,FALSE
"CCDC126",0,0.01,0,-0.08,FALSE,FALSE
"FAM221A",0,0.02,0,-0.21,FALSE,FALSE
"STK31",0,0,0,0,FALSE,FALSE
"NPY",0,0,0,0,FALSE,FALSE
"C7orf31",0,0.02,0,-0.18,FALSE,FALSE
"NPVF",0,0,0,0,FALSE,FALSE
"SKAP2",0,0.01,0,-0.14,FALSE,FALSE
"HOXA1",0,0,0,0,FALSE,FALSE
"HOXA2",0,0.01,0,-0.11,FALSE,FALSE
"HOXA4",0,0.02,0,-0.21,FALSE,FALSE
"HOXA5",0,0,0,0,FALSE,FALSE
"HOXA9",0,0,0,0,FALSE,FALSE
"HOXA10",0,0,0,0,FALSE,FALSE
"TRIL",0,0,0,0,FALSE,FALSE
"MINDY4",0,0.01,0,-0.16,FALSE,FALSE
"AQP1",0,15.11,0,-7.25,TRUE,FALSE
"ADCYAP1R1",0,0.01,0,-0.11,FALSE,FALSE
"NEUROD6",0,0,0,0,FALSE,FALSE
"PDE1C",0,0.01,0,-0.19,FALSE,FALSE
"RP9",0,0.01,0,-0.11,FALSE,FALSE
"BMPER",0,0.01,0,-0.08,FALSE,FALSE
"SEPTIN7",0,0,0,0,FALSE,FALSE
"EEPD1",0,0.03,0,-0.33,FALSE,FALSE
"AOAH",0,0.03,0,-0.37,FALSE,FALSE
"GPR141",0,0,0,0,FALSE,FALSE
"NME8",0,0,0,0,FALSE,FALSE
"TRGJP2",0,0,0,0,FALSE,FALSE
"TRGC1",0,0,0,0,FALSE,FALSE
"AMPH",0,0.01,0,-0.11,FALSE,FALSE
"POU6F2",0,0,0,0,FALSE,FALSE
"SUGCT",0,0.01,0,-0.03,FALSE,FALSE
"INHBA",0,0,0,0,FALSE,FALSE
"GCK",0,0,0,0,FALSE,FALSE
"CAMK2B",0,0,0,0,FALSE,FALSE
"NACAD",0,0,0,0,FALSE,FALSE
"ADCY1",0,0,0,0,FALSE,FALSE
"IGFBP1",0,0,0,0,FALSE,FALSE
"PKD1L1",0,0,0,0,FALSE,FALSE
"UPP1",0,0.01,0,-0.07,FALSE,FALSE
"ABCA13",0,0,0,0,FALSE,FALSE
"VWC2",0,0,0,0,FALSE,FALSE
"ZPBP",0,0,0,0,FALSE,FALSE
"COBL",0,0,0,0,FALSE,FALSE
"SEPTIN14",0,0,0,0,FALSE,FALSE
"PHKG1",0,0,0,0,FALSE,FALSE
"NUPR2",0,0,0,0,FALSE,FALSE
"ZNF727",0,0.01,0,-0.14,FALSE,FALSE
"ZNF736",0,0.01,0,-0.12,FALSE,FALSE
"ZNF117",0,0.01,0,-0.12,FALSE,FALSE
"ZNF92",0,0.01,0,-0.11,FALSE,FALSE
"SBDS",0,0,0,0,FALSE,FALSE
"TYW1",0,0,0,0,FALSE,FALSE
"CALN1",0,0.02,0,-0.25,FALSE,FALSE
"TYW1B",0,0,0,0,FALSE,FALSE
"POM121",0,0.01,0,-0.03,FALSE,FALSE
"VPS37D",0,0,0,0,FALSE,FALSE
"DNAJC30",0,0.01,0,-0.08,FALSE,FALSE
"STX1A",0,0.01,0,-0.12,FALSE,FALSE
"CLDN3",0,0,0,0,FALSE,FALSE
"METTL27",0,0,0,0,FALSE,FALSE
"CASTOR2",0,0.01,0,-0.07,FALSE,FALSE
"POM121C",0,0,0,0,FALSE,FALSE
"HIP1",0,0.01,0,-0.11,FALSE,FALSE
"SSC4D",0,0,0,0,FALSE,FALSE
"ZP3",0,0,0,0,FALSE,FALSE
"UPK3B",0,0,0,0,FALSE,FALSE
"MAGI2",0,0,0,0,FALSE,FALSE
"HGF",0,0,0,0,FALSE,FALSE
"SEMA3A",0,0,0,0,FALSE,FALSE
"SEMA3D",0,0,0,0,FALSE,FALSE
"GRM3",0,0,0,0,FALSE,FALSE
"ELAPOR2",0,0.03,0,-0.37,FALSE,FALSE
"TMEM243",0,0.01,0,-0.08,FALSE,FALSE
"CROT",0,0,0,0,FALSE,FALSE
"ABCB4",0,0,0,0,FALSE,FALSE
"RUNDC3B",0,0,0,0,FALSE,FALSE
"ZNF804B",0,0,0,0,FALSE,FALSE
"STEAP1",0,0,0,0,FALSE,FALSE
"MTERF1",0,0.01,0,-0.03,FALSE,FALSE
"LRRD1",0,0,0,0,FALSE,FALSE
"ANKIB1",0,0.01,0,-0.14,FALSE,FALSE
"RBM48",0,0,0,0,FALSE,FALSE
"FAM133B",0,0,0,0,FALSE,FALSE
"HEPACAM2",0,0,0,0,FALSE,FALSE
"CALCR",0,0,0,0,FALSE,FALSE
"GNGT1",0,0,0,0,FALSE,FALSE
"TFPI2",0,0.01,0,-0.16,FALSE,FALSE
"COL1A2",0,12.19,0,-6.94,TRUE,FALSE
"PPP1R9A",0,0.01,0,-0.11,FALSE,FALSE
"ASB4",0,0,0,0,FALSE,FALSE
"DLX5",0,0,0,0,FALSE,FALSE
"TAC1",0,0,0,0,FALSE,FALSE
"OCM2",0,0,0,0,FALSE,FALSE
"NPTX2",0,0,0,0,FALSE,FALSE
"TMEM130",0,0,0,0,FALSE,FALSE
"KPNA7",0,0,0,0,FALSE,FALSE
"TMEM225B",0,0,0,0,FALSE,FALSE
"CYP3A5",0,0,0,0,FALSE,FALSE
"OR2AE1",0,0,0,0,FALSE,FALSE
"GJC3",0,0,0,0,FALSE,FALSE
"GAL3ST4",0,0.01,0,-0.03,FALSE,FALSE
"STAG3",0,0,0,0,FALSE,FALSE
"CASTOR3",0,0,0,0.05,FALSE,FALSE
"PILRA",0,0,0,0,FALSE,FALSE
"C7orf61",0,0,0,0,FALSE,FALSE
"NYAP1",0,0,0,0,FALSE,FALSE
"FBXO24",0,0,0,0,FALSE,FALSE
"TFR2",0,0,0,0,FALSE,FALSE
"ACTL6B",0,0,0,0,FALSE,FALSE
"UFSP1",0,0,0,0,FALSE,FALSE
"MUC17",0,0,0,0,FALSE,FALSE
"COL26A1",0,0,0,0,FALSE,FALSE
"SH2B2",0,0,0,0,FALSE,FALSE
"FAM185A",0,0.01,0,-0.11,FALSE,FALSE
"ARMC10",0,0.03,0,-0.38,FALSE,FALSE
"SLC26A5",0,0,0,0,FALSE,FALSE
"RELN",0,0,0,0,FALSE,FALSE
"EFCAB10",0,0,0,0,FALSE,FALSE
"CDHR3",0,0,0,0,FALSE,FALSE
"NAMPT",0,0.01,0,-0.11,FALSE,FALSE
"PRKAR2B",0,0.03,0,-0.35,FALSE,FALSE
"DUS4L",0,0.01,0,-0.16,FALSE,FALSE
"BCAP29",0,0.02,0,-0.21,FALSE,FALSE
"SLC26A4",0,0,0,0,FALSE,FALSE
"SLC26A3",0,0,0,0,FALSE,FALSE
"LAMB4",0,0,0,0,FALSE,FALSE
"THAP5",0,0,0,0,FALSE,FALSE
"LSMEM1",0,0,0,0,FALSE,FALSE
"GPR85",0,0,0,0,FALSE,FALSE
"FOXP2",0,0,0,0,FALSE,FALSE
"TFEC",0,0,0,0,FALSE,FALSE
"WNT2",0,0,0,0,FALSE,FALSE
"CFTR",0,0,0,0,FALSE,FALSE
"ANKRD7",0,0,0,0,FALSE,FALSE
"KCND2",0,0,0,0,FALSE,FALSE
"TSPAN12",0,0.04,0,-0.44,FALSE,FALSE
"PTPRZ1",0,0,0,0.01,FALSE,FALSE
"IQUB",0,0,0,0,FALSE,FALSE
"NDUFA5",0,0.01,0,-0.11,FALSE,FALSE
"SPAM1",0,0,0,0,FALSE,FALSE
"GPR37",0,0,0,0,FALSE,FALSE
"C7orf77",0,0,0,0,FALSE,FALSE
"GRM8",0,0,0,0,FALSE,FALSE
"FSCN3",0,0,0,0,FALSE,FALSE
"LRRC4",0,0.01,0,-0.11,FALSE,FALSE
"LEP",0,0,0,0,FALSE,FALSE
"PRRT4",0,0,0,0,FALSE,FALSE
"HILPDA",0,0.01,0,-0.11,FALSE,FALSE
"FAM71F2",0,0,0,0,FALSE,FALSE
"FAM71F1",0,0,0,0,FALSE,FALSE
"CCDC136",0,0.01,0,-0.12,FALSE,FALSE
"KCP",0,0,0,0,FALSE,FALSE
"ATP6V1FNB",0,0,0,0,FALSE,FALSE
"IRF5",0,0,0,0,FALSE,FALSE
"SMKR1",0,0,0,0,FALSE,FALSE
"ZC3HC1",0,0.04,0,-0.44,FALSE,FALSE
"MEST",0,0,0,0,FALSE,FALSE
"PLXNA4",0,0,0,0,FALSE,FALSE
"LRGUK",0,0.01,0,-0.08,FALSE,FALSE
"AGBL3",0,0,0,0,FALSE,FALSE
"FAM180A",0,0,0,0,FALSE,FALSE
"CHRM2",0,0,0,0,FALSE,FALSE
"DGKI",0,0,0,0,FALSE,FALSE
"SVOPL",0,0,0,0,FALSE,FALSE
"ATP6V0A4",0,0,0,0,FALSE,FALSE
"TTC26",0,0.01,0,-0.19,FALSE,FALSE
"CLEC2L",0,0,0,0,FALSE,FALSE
"TBXAS1",0,0,0,0,FALSE,FALSE
"RAB19",0,0,0,0,FALSE,FALSE
"AGK",0,0.01,0,-0.07,FALSE,FALSE
"TAS2R4",0,0.01,0,-0.12,FALSE,FALSE
"CLEC5A",0,0,0,0,FALSE,FALSE
"TRPV6",0,0,0,0,FALSE,FALSE
"KEL",0,0,0,0,FALSE,FALSE
"TAS2R39",0,0,0,0,FALSE,FALSE
"CLCN1",0,0,0,0,FALSE,FALSE
"FAM131B",0,0,0,0,FALSE,FALSE
"OR6B1",0,0,0,0,FALSE,FALSE
"TPK1",0,0.01,0,-0.19,FALSE,FALSE
"ZNF786",0,0,0,0.05,FALSE,FALSE
"ZNF425",0,0,0,0,FALSE,FALSE
"ZNF777",0,0,0,0.05,FALSE,FALSE
"KRBA1",0,0,0,0,FALSE,FALSE
"ZNF467",0,0.02,0,-0.18,FALSE,FALSE
"ATP6V0E2",0,0,0,0,FALSE,FALSE
"LRRC61",0,0.01,0,-0.14,FALSE,FALSE
"ZNF775",0,0,0,0.05,FALSE,FALSE
"AC073111.3",0,0.03,0,-0.38,FALSE,FALSE
"AOC1",0,0,0,0,FALSE,FALSE
"KCNH2",0,0,0,0,FALSE,FALSE
"NOS3",0,0,0,0,FALSE,FALSE
"ATG9B",0,0,0,0,FALSE,FALSE
"ASIC3",0,0,0,0,FALSE,FALSE
"CDK5",0,0.02,0,-0.23,FALSE,FALSE
"H2BE1",0,0,0,0,FALSE,FALSE
"WDR86",0,0,0,0,FALSE,FALSE
"CRYGN",0,0,0,0,FALSE,FALSE
"RHEB",0,0.01,0,-0.12,FALSE,FALSE
"XRCC2",0,0,0,0,FALSE,FALSE
"HTR5A",0,0,0,0,FALSE,FALSE
"RNF32",0,0,0,0,FALSE,FALSE
"PTPRN2",0,0,0,0,FALSE,FALSE
"VIPR2",0,0.01,0,-0.07,FALSE,FALSE
"XG",0,0,0,0.01,FALSE,FALSE
"GYG2",0,0,0,0,FALSE,FALSE
"ARSL",0,0,0,0,FALSE,FALSE
"MXRA5",0,0.03,0,-0.28,FALSE,FALSE
"PRKX",0,0,0,0,FALSE,FALSE
"NLGN4X",0,0.01,0,-0.19,FALSE,FALSE
"PUDP",0,0,0,0,FALSE,FALSE
"PNPLA4",0,0.01,0,-0.03,FALSE,FALSE
"FRMPD4",0,0,0,0,FALSE,FALSE
"TLR7",0,0,0,0,FALSE,FALSE
"EGFL6",0,0,0,0,FALSE,FALSE
"TCEANC",0,0,0,0,FALSE,FALSE
"GPM6B",0,0,0,0,FALSE,FALSE
"MOSPD2",0,0.02,0,-0.21,FALSE,FALSE
"ASB9",0,0.01,0,-0.07,FALSE,FALSE
"VEGFD",0,0,0,0,FALSE,FALSE
"BMX",0,0,0,0,FALSE,FALSE
"ACE2",0,0,0,0,FALSE,FALSE
"CLTRN",0,0,0,0,FALSE,FALSE
"REPS2",0,0,0,0,FALSE,FALSE
"NHS",0,0.01,0,-0.07,FALSE,FALSE
"RAI2",0,0.01,0,-0.19,FALSE,FALSE
"SCML2",0,0,0,0,FALSE,FALSE
"MAP7D2",0,0,0,0,FALSE,FALSE
"EIF1AX",0,0,0,0,FALSE,FALSE
"CNKSR2",0,0,0,0,FALSE,FALSE
"SMPX",0,0,0,0,FALSE,FALSE
"YY2",0,0,0,0,FALSE,FALSE
"PHEX",0,0,0,0,FALSE,FALSE
"PTCHD1",0,0,0,0,FALSE,FALSE
"APOO",0,0,0,0,FALSE,FALSE
"CXorf58",0,0,0,0,FALSE,FALSE
"PCYT1B",0,0,0,0,FALSE,FALSE
"IL1RAPL1",0,0,0,0,FALSE,FALSE
"TASL",0,0.01,0,-0.12,FALSE,FALSE
"TMEM47",0,0.01,0,-0.11,FALSE,FALSE
"CFAP47",0,0,0,0,FALSE,FALSE
"PRRG1",0,0.01,0,-0.07,FALSE,FALSE
"LANCL3",0,0,0,0,FALSE,FALSE
"XK",0,0,0,0,FALSE,FALSE
"OTC",0,0,0,0,FALSE,FALSE
"MID1IP1",0,0.02,0,-0.3,FALSE,FALSE
"FUNDC1",0,0,0,0,FALSE,FALSE
"ZNF674",0,0,0,0,FALSE,FALSE
"CHST7",0,0.01,0,-0.12,FALSE,FALSE
"SLC9A7",0,0.02,0,-0.25,FALSE,FALSE
"RGN",0,0.01,0,-0.14,FALSE,FALSE
"ZNF157",0,0,0,0,FALSE,FALSE
"SYN1",0,0,0,0,FALSE,FALSE
"SLC38A5",0,0.02,0,-0.18,FALSE,FALSE
"TBC1D25",0,0,0,0,FALSE,FALSE
"GATA1",0,0,0,0,FALSE,FALSE
"SLC35A2",0,0,0,0,FALSE,FALSE
"KCND1",0,0,0,0,FALSE,FALSE
"MAGIX",0,0,0,0,FALSE,FALSE
"CACNA1F",0,0,0,0,FALSE,FALSE
"FOXP3",0,0,0,0,FALSE,FALSE
"USP27X",0,0,0,0,FALSE,FALSE
"CCNB3",0,0,0,0,FALSE,FALSE
"SHROOM4",0,0.01,0,-0.07,FALSE,FALSE
"BMP15",0,0,0,0,FALSE,FALSE
"EZHIP",0,0,0,0,FALSE,FALSE
"GPR173",0,0,0,0,FALSE,FALSE
"RIBC1",0,0,0,0,FALSE,FALSE
"WNK3",0,0,0,0,FALSE,FALSE
"PFKFB1",0,0,0,0,FALSE,FALSE
"ALAS2",0,0,0,0,FALSE,FALSE
"USP51",0,0.01,0,-0.11,FALSE,FALSE
"FAAH2",0,0.02,0,-0.25,FALSE,FALSE
"ZXDB",0,0,0,0,FALSE,FALSE
"ZXDA",0,0,0,0,FALSE,FALSE
"ASB12",0,0,0,0,FALSE,FALSE
"ZC4H2",0,0.01,0,-0.07,FALSE,FALSE
"ZC3H12B",0,0,0,0,FALSE,FALSE
"LAS1L",0,0.02,0,-0.25,FALSE,FALSE
"VSIG4",0,0.01,0,-0.12,FALSE,FALSE
"HEPH",0,0.02,0,-0.25,FALSE,FALSE
"EDA2R",0,0,0,0,FALSE,FALSE
"OPHN1",0,0,0,0.01,FALSE,FALSE
"STARD8",0,0.03,0,-0.37,FALSE,FALSE
"FAM155B",0,0,0,0,FALSE,FALSE
"IGBP1",0,0.03,0,-0.31,FALSE,FALSE
"KIF4A",0,0,0,0.01,FALSE,FALSE
"TEX11",0,0,0,0,FALSE,FALSE
"FOXO4",0,0.01,0,-0.14,FALSE,FALSE
"CXorf65",0,0,0,0,FALSE,FALSE
"NLGN3",0,0,0,0,FALSE,FALSE
"NONO",0,0,0,0,FALSE,FALSE
"ITGB1BP2",0,0.01,0,-0.14,FALSE,FALSE
"GCNA",0,0,0,0,FALSE,FALSE
"CXCR3",0,0.02,0,-0.23,FALSE,FALSE
"RTL5",0,0,0,0,FALSE,FALSE
"ERCC6L",0,0,0,0,FALSE,FALSE
"RLIM",0,0,0,0,FALSE,FALSE
"NEXMIF",0,0,0,0,FALSE,FALSE
"MAGEE2",0,0,0,0,FALSE,FALSE
"FGF16",0,0,0,0,FALSE,FALSE
"PGK1",0,0,0,0,FALSE,FALSE
"CYSLTR1",0,0,0,0.01,FALSE,FALSE
"LPAR4",0,0,0,0,FALSE,FALSE
"TENT5D",0,0,0,0,FALSE,FALSE
"HDX",0,0.02,0,-0.23,FALSE,FALSE
"POF1B",0,0,0,0,FALSE,FALSE
"CHM",0,0,0,-0.04,FALSE,FALSE
"KLHL4",0,0,0,0,FALSE,FALSE
"PABPC5",0,0.01,0,-0.19,FALSE,FALSE
"RPA4",0,0,0,0,FALSE,FALSE
"TNMD",0,0,0,0.01,FALSE,FALSE
"CSTF2",0,0,0,0,FALSE,FALSE
"NOX1",0,0,0,0,FALSE,FALSE
"XKRX",0,0,0,0,FALSE,FALSE
"TMEM35A",0,0,0,0,FALSE,FALSE
"DRP2",0,0,0,0,FALSE,FALSE
"TAF7L",0,0,0,0,FALSE,FALSE
"GLA",0,0.01,0,-0.12,FALSE,FALSE
"BEX5",0,0.03,0,-0.37,FALSE,FALSE
"TMSB15A",0,0,0,0,FALSE,FALSE
"TCEAL5",0,0,0,0,FALSE,FALSE
"BEX2",0,0,0,0,FALSE,FALSE
"TCEAL7",0,0.01,0,-0.19,FALSE,FALSE
"GLRA4",0,0,0,0,FALSE,FALSE
"PLP1",0,0.01,0,-0.07,FALSE,FALSE
"TMSB15B",0,0,0,0.05,FALSE,FALSE
"TMSB15B.1",0,0,0,0,FALSE,FALSE
"SLC25A53",0,0,0,0,FALSE,FALSE
"ZCCHC18",0,0,0,0,FALSE,FALSE
"NRK",0,0,0,0,FALSE,FALSE
"RADX",0,0.01,0,-0.08,FALSE,FALSE
"RNF128",0,0.01,0,-0.07,FALSE,FALSE
"TBC1D8B",0,0.01,0,-0.03,FALSE,FALSE
"NUP62CL",0,0,0,0,FALSE,FALSE
"DNAAF6",0,0,0,0,FALSE,FALSE
"MID2",0,0.02,0,-0.3,FALSE,FALSE
"VSIG1",0,0,0,0,FALSE,FALSE
"GUCY2F",0,0,0,0,FALSE,FALSE
"AMMECR1",0,0.01,0,-0.11,FALSE,FALSE
"PAK3",0,0,0,0,FALSE,FALSE
"CAPN6",0,0,0,0,FALSE,FALSE
"DCX",0,0,0,0,FALSE,FALSE
"LHFPL1",0,0,0,0,FALSE,FALSE
"IL13RA2",0,0.01,0,-0.07,FALSE,FALSE
"LRCH2",0,0.01,0,-0.03,FALSE,FALSE
"AGTR2",0,0,0,0,FALSE,FALSE
"SLC6A14",0,0,0,0,FALSE,FALSE
"LONRF3",0,0,0,0,FALSE,FALSE
"SOWAHD",0,0,0,0,FALSE,FALSE
"TMEM255A",0,0,0,0,FALSE,FALSE
"ATP1B4",0,0,0,0,FALSE,FALSE
"GRIA3",0,0,0,0,FALSE,FALSE
"TENM1",0,0.01,0,-0.11,FALSE,FALSE
"DCAF12L2",0,0,0,0,FALSE,FALSE
"DCAF12L1",0,0,0,0,FALSE,FALSE
"XPNPEP2",0,0,0,0,FALSE,FALSE
"ZDHHC9",0,0.01,0,-0.14,FALSE,FALSE
"UTP14A",0,0,0,0,FALSE,FALSE
"BCORL1",0,0,0,0,FALSE,FALSE
"RAB33A",0,0,0,0,FALSE,FALSE
"SLC25A14",0,0.01,0,-0.11,FALSE,FALSE
"IGSF1",0,0,0,0,FALSE,FALSE
"HS6ST2",0,0,0,0,FALSE,FALSE
"CCDC160",0,0,0,0,FALSE,FALSE
"FAM122C",0,0.01,0,-0.14,FALSE,FALSE
"MOSPD1",0,0.01,0,-0.08,FALSE,FALSE
"RTL8B",0,0,0,0,FALSE,FALSE
"SMIM10L2B",0,0,0,0,FALSE,FALSE
"ZNF449",0,0,0,-0.04,FALSE,FALSE
"SMIM10L2A",0,0,0,0,FALSE,FALSE
"MMGT1",0,0.01,0,-0.08,FALSE,FALSE
"FGF13",0,0.01,0,-0.16,FALSE,FALSE
"MCF2",0,0,0,0,FALSE,FALSE
"SLITRK2",0,0,0,0,FALSE,FALSE
"FMR1NB",0,0,0,0,FALSE,FALSE
"EOLA1",0,0.02,0,-0.18,FALSE,FALSE
"MAMLD1",0,0,0,0,FALSE,FALSE
"MTM1",0,0.02,0,-0.21,FALSE,FALSE
"HMGB3",0,0,0,0,FALSE,FALSE
"PRRG3",0,0,0,0,FALSE,FALSE
"FATE1",0,0,0,0,FALSE,FALSE
"ZNF185",0,0.01,0,-0.03,FALSE,FALSE
"PNMA3",0,0,0,0,FALSE,FALSE
"ZFP92",0,0,0,0,FALSE,FALSE
"CCNQ",0,0.01,0,-0.03,FALSE,FALSE
"PNCK",0,0,0,0,FALSE,FALSE
"ABCD1",0,0.02,0,-0.3,FALSE,FALSE
"SRPK3",0,0,0,0,FALSE,FALSE
"PDZD4",0,0,0,0,FALSE,FALSE
"AVPR2",0,0,0,0,FALSE,FALSE
"TMEM187",0,0.01,0,-0.03,FALSE,FALSE
"DNASE1L1",0,0.02,0,-0.25,FALSE,FALSE
"PLXNA3",0,0.05,0,-0.58,FALSE,FALSE
"UBL4A",0,0.01,0,-0.16,FALSE,FALSE
"F8",0,0.01,0,-0.03,FALSE,FALSE
"MTCP1",0,0,0,0,FALSE,FALSE
"SPRY3",0,0,0,0,FALSE,FALSE
"IL9R",0,0,0,0,FALSE,FALSE
"ZNF596",0,0,0,0,FALSE,FALSE
"DLGAP2",0,0,0,0,FALSE,FALSE
"MYOM2",0,0,0,0,FALSE,FALSE
"XKR5",0,0,0,0,FALSE,FALSE
"DEFB1",0,0,0,0,FALSE,FALSE
"DEFA4",0,0,0,0,FALSE,FALSE
"PRAG1",0,0.02,0,-0.23,FALSE,FALSE
"CLDN23",0,0,0,-0.04,FALSE,FALSE
"PPP1R3B",0,0.04,0,-0.46,FALSE,FALSE
"SOX7",0,0.03,0,-0.31,FALSE,FALSE
"SLC35G5",0,0,0,0,FALSE,FALSE
"FAM167A",0,0,0,0,FALSE,FALSE
"GATA4",0,0,0,0,FALSE,FALSE
"DEFB135",0,0,0,0,FALSE,FALSE
"C8orf48",0,0,0,0,FALSE,FALSE
"SGCZ",0,0.01,0,-0.03,FALSE,FALSE
"MSR1",0,0,0,0,FALSE,FALSE
"FGF20",0,0,0,0,FALSE,FALSE
"MTMR7",0,0,0,0,FALSE,FALSE
"NAT1",0,0,0,0,FALSE,FALSE
"NAT2",0,0,0,0,FALSE,FALSE
"LPL",0,0,0,0.01,FALSE,FALSE
"GFRA2",0,0,0,0,FALSE,FALSE
"NPM2",0,0,0,0,FALSE,FALSE
"FGF17",0,0,0,0,FALSE,FALSE
"DMTN",0,0.03,0,-0.4,FALSE,FALSE
"NUDT18",0,0.01,0,-0.19,FALSE,FALSE
"HR",0,0,0,0,FALSE,FALSE
"REEP4",0,0,0,0,FALSE,FALSE
"LGI3",0,0,0,0,FALSE,FALSE
"SFTPC",0,0,0,0,FALSE,FALSE
"PHYHIP",0,0,0,0,FALSE,FALSE
"PIWIL2",0,0,0,0,FALSE,FALSE
"SLC39A14",0,0,0,0,FALSE,FALSE
"PEBP4",0,0,0,0,FALSE,FALSE
"TNFRSF10C",0,0,0,0,FALSE,FALSE
"TNFRSF10D",0,0.01,0,-0.08,FALSE,FALSE
"TNFRSF10A",0,0.04,0,-0.46,FALSE,FALSE
"NKX3-1",0,0,0,0,FALSE,FALSE
"ADAMDEC1",0,0,0,0,FALSE,FALSE
"NEFM",0,0.01,0,-0.12,FALSE,FALSE
"GNRH1",0,0,0,-0.04,FALSE,FALSE
"EBF2",0,0.02,0,-0.21,FALSE,FALSE
"PNMA2",0,0,0,0,FALSE,FALSE
"ADRA1A",0,0,0,0,FALSE,FALSE
"CHRNA2",0,0,0,0,FALSE,FALSE
"CLU",0,28.69,0,-8.17,TRUE,FALSE
"ESCO2",0,0,0,0,FALSE,FALSE
"PBK",0,0.01,0,-0.07,FALSE,FALSE
"NUGGC",0,0,0,0,FALSE,FALSE
"PNOC",0,0,0,0,FALSE,FALSE
"FBXO16",0,0,0,0,FALSE,FALSE
"DUSP4",0,0.01,0,-0.08,FALSE,FALSE
"SMIM18",0,0,0,0,FALSE,FALSE
"UBXN8",0,0.01,0,-0.11,FALSE,FALSE
"TEX15",0,0,0,0,FALSE,FALSE
"PURG",0,0,0,0,FALSE,FALSE
"NRG1",0,0.01,0,-0.14,FALSE,FALSE
"DUSP26",0,0,0,0,FALSE,FALSE
"UNC5D",0,0,0,0,FALSE,FALSE
"KCNU1",0,0,0,0,FALSE,FALSE
"EIF4EBP1",0,0.01,0,-0.14,FALSE,FALSE
"STAR",0,0.01,0,-0.07,FALSE,FALSE
"BAG4",0,0.01,0,-0.07,FALSE,FALSE
"NSD3",0,0.02,0,-0.3,FALSE,FALSE
"LETM2",0,0,0,0,FALSE,FALSE
"ADAM9",0,0.03,0,-0.28,FALSE,FALSE
"ADAM32",0,0,0,0,FALSE,FALSE
"ADAM2",0,0,0,0,FALSE,FALSE
"IDO1",0,0,0,0,FALSE,FALSE
"IDO2",0,0,0,0,FALSE,FALSE
"ZMAT4",0,0.01,0,-0.07,FALSE,FALSE
"GINS4",0,0,0,0,FALSE,FALSE
"NKX6-3",0,0,0,0,FALSE,FALSE
"ANK1",0,0,0,0,FALSE,FALSE
"DKK4",0,0,0,0,FALSE,FALSE
"CHRNB3",0,0,0,0,FALSE,FALSE
"CHRNA6",0,0,0,0,FALSE,FALSE
"THAP1",0,0.01,0,-0.12,FALSE,FALSE
"EFCAB1",0,0,0,0,FALSE,FALSE
"SNTG1",0,0,0,0,FALSE,FALSE
"PXDNL",0,0,0,0,FALSE,FALSE
"OPRK1",0,0,0,0,FALSE,FALSE
"RGS20",0,0,0,0,FALSE,FALSE
"SOX17",0,0.02,0,-0.25,FALSE,FALSE
"XKR4",0,0,0,0,FALSE,FALSE
"MOS",0,0,0,0,FALSE,FALSE
"SDR16C5",0,0,0,0,FALSE,FALSE
"FAM110B",0,0.03,0,-0.4,FALSE,FALSE
"CYP7A1",0,0,0,0,FALSE,FALSE
"CA8",0,0,0,0,FALSE,FALSE
"CHD7",0,0.02,0,-0.25,FALSE,FALSE
"CLVS1",0,0,0,0,FALSE,FALSE
"NKAIN3",0,0,0,0,FALSE,FALSE
"TTPA",0,0,0,0,FALSE,FALSE
"MTFR1",0,0.01,0,-0.14,FALSE,FALSE
"DNAJC5B",0,0,0,0,FALSE,FALSE
"TRIM55",0,0,0,0,FALSE,FALSE
"VXN",0,0,0,0,FALSE,FALSE
"MYBL1",0,0.01,0,-0.16,FALSE,FALSE
"MCMDC2",0,0,0,0,FALSE,FALSE
"PPP1R42",0,0,0,0,FALSE,FALSE
"CPA6",0,0,0,0,FALSE,FALSE
"C8orf34",0,0.01,0,-0.12,FALSE,FALSE
"SULF1",0,0.01,0,-0.19,FALSE,FALSE
"XKR9",0,0,0,0,FALSE,FALSE
"MSC",0,0.01,0,-0.08,FALSE,FALSE
"KCNB2",0,0,0,0,FALSE,FALSE
"SBSPON",0,0.01,0,-0.08,FALSE,FALSE
"C8orf89",0,0,0,0,FALSE,FALSE
"PI15",0,0,0,0,FALSE,FALSE
"ZFHX4",0,0.02,0,-0.26,FALSE,FALSE
"IL7",0,0,0,0,TRUE,FALSE
"STMN2",0,0,0,0,FALSE,FALSE
"PMP2",0,0,0,0,FALSE,FALSE
"SLC10A5",0,0,0,0,FALSE,FALSE
"RALYL",0,0,0,0,FALSE,FALSE
"E2F5",0,0,0,0.05,FALSE,FALSE
"CA13",0,0,0,0,FALSE,FALSE
"CA1",0,0,0,0,FALSE,FALSE
"CA3",0,0,0,0,FALSE,FALSE
"ATP6V0D2",0,0,0,0,FALSE,FALSE
"CNBD1",0,0,0,0,FALSE,FALSE
"RIPK2",0,0.01,0,-0.11,FALSE,FALSE
"CALB1",0,0,0,0,FALSE,FALSE
"LRRC69",0,0,0,0,FALSE,FALSE
"SLC26A7",0,0,0,0,FALSE,FALSE
"RUNX1T1",0,0.01,0,-0.14,FALSE,FALSE
"RBM12B",0,0,0,0,FALSE,FALSE
"CDH17",0,0,0,0,FALSE,FALSE
"RAD54B",0,0.01,0,-0.03,FALSE,FALSE
"DPY19L4",0,0.04,0,-0.44,FALSE,FALSE
"MTERF3",0,0.02,0,-0.18,FALSE,FALSE
"TSPYL5",0,0.01,0,-0.19,FALSE,FALSE
"ERICH5",0,0,0,0,FALSE,FALSE
"RIDA",0,0,0,0,FALSE,FALSE
"POP1",0,0.01,0,-0.19,FALSE,FALSE
"RGS22",0,0,0,0,FALSE,FALSE
"FBXO43",0,0,0,0,FALSE,FALSE
"SPAG1",0,0,0,0,FALSE,FALSE
"RRM2B",0,0,0,0,FALSE,FALSE
"ODF1",0,0,0,0,FALSE,FALSE
"BAALC",0,0,0,0,FALSE,FALSE
"CTHRC1",0,0.02,0,-0.21,FALSE,FALSE
"RIMS2",0,0,0,0,FALSE,FALSE
"ZFPM2",0,0.02,0,-0.18,FALSE,FALSE
"ABRA",0,0,0,0,FALSE,FALSE
"RSPO2",0,0,0,0,FALSE,FALSE
"EIF3E",0,0,0,0,FALSE,FALSE
"TMEM74",0,0,0,0,FALSE,FALSE
"TRHR",0,0,0,0,FALSE,FALSE
"SYBU",0,0.01,0,-0.11,FALSE,FALSE
"SAMD12",0,0.01,0,-0.14,FALSE,FALSE
"TNFRSF11B",0,0,0,0,FALSE,FALSE
"CCN3",0,0.01,0,-0.07,FALSE,FALSE
"MTBP",0,0.01,0,-0.03,FALSE,FALSE
"HAS2",0,0,0,0,FALSE,FALSE
"ATAD2",0,0.01,0,-0.03,FALSE,FALSE
"NTAQ1",0,0.01,0,-0.07,FALSE,FALSE
"KLHL38",0,0,0,0,FALSE,FALSE
"ANXA13",0,0,0,0,FALSE,FALSE
"TMEM65",0,0,0,0,FALSE,FALSE
"ZNF572",0,0.01,0,-0.07,FALSE,FALSE
"POU5F1B",0,0,0,0,FALSE,FALSE
"ADCY8",0,0,0,0,FALSE,FALSE
"OC90",0,0,0,0,FALSE,FALSE
"KCNQ3",0,0,0,0,FALSE,FALSE
"TG",0,0,0,0,FALSE,FALSE
"CCN4",0,0,0,0,FALSE,FALSE
"SLC45A4",0,0.01,0,-0.03,FALSE,FALSE
"GPR20",0,0,0,0,FALSE,FALSE
"ARC",0,0,0,0,FALSE,FALSE
"PSCA",0,0,0,0,FALSE,FALSE
"LYPD2",0,0,0,-0.04,FALSE,FALSE
"SLURP2",0,0,0,0,FALSE,FALSE
"LYNX1",0,0,0,0,FALSE,FALSE
"LY6D",0,0,0,0,FALSE,FALSE
"GML",0,0,0,0,FALSE,FALSE
"LY6L",0,0,0,0,FALSE,FALSE
"LY6H",0,0,0,0,FALSE,FALSE
"ZFP41",0,0.01,0,-0.14,FALSE,FALSE
"GLI4",0,0.02,0,-0.21,FALSE,FALSE
"MROH6",0,0,0,0,FALSE,FALSE
"PYCR3",0,0,0,0,FALSE,FALSE
"ZNF707",0,0.01,0,-0.16,FALSE,FALSE
"IQANK1",0,0,0,0,FALSE,FALSE
"SPATC1",0,0,0,0,FALSE,FALSE
"OPLAH",0,0.01,0,-0.07,FALSE,FALSE
"WDR97",0,0,0,0,FALSE,FALSE
"SLC52A2",0,0.01,0,-0.08,FALSE,FALSE
"CPSF1",0,0.01,0,-0.11,FALSE,FALSE
"SLC39A4",0,0,0,0,FALSE,FALSE
"TONSL",0,0,0,0,FALSE,FALSE
"KIFC2",0,0.01,0,-0.11,FALSE,FALSE
"GPT",0,0,0,0,FALSE,FALSE
"RECQL4",0,0.01,0,-0.07,FALSE,FALSE
"LRRC24",0,0,0,0,FALSE,FALSE
"C8orf82",0,0,0,0,FALSE,FALSE
"ARHGAP39",0,0,0,0,FALSE,FALSE
"ZNF34",0,0,0,0.05,FALSE,FALSE
"DMRT1",0,0,0,0,FALSE,FALSE
"KCNV2",0,0,0,0,FALSE,FALSE
"GLIS3",0,0,0,0,FALSE,FALSE
"SLC1A1",0,0,0,0,FALSE,FALSE
"SPATA6L",0,0,0,0,FALSE,FALSE
"RLN2",0,0,0,0,FALSE,FALSE
"RLN1",0,0,0,0,FALSE,FALSE
"CD274",0,0.03,0,-0.38,FALSE,FALSE
"MLANA",0,0,0,0,FALSE,FALSE
"RANBP6",0,0.01,0,-0.19,FALSE,FALSE
"IL33",0,2.17,0,-4.51,TRUE,FALSE
"GLDC",0,0,0,0,FALSE,FALSE
"TYRP1",0,0,0,0,FALSE,FALSE
"FREM1",0,0.01,0,-0.07,FALSE,FALSE
"CNTLN",0,0.01,0,-0.11,FALSE,FALSE
"ADAMTSL1",0,0,0,0,FALSE,FALSE
"SAXO1",0,0,0,0,FALSE,FALSE
"PLIN2",0,0,0,0,FALSE,FALSE
"SLC24A2",0,0,0,0,FALSE,FALSE
"IFNB1",0,0,0,0,FALSE,FALSE
"IFNA4",0,0,0,0,FALSE,FALSE
"KLHL9",0,0,0,0,FALSE,FALSE
"IFNE",0,0,0,0,FALSE,FALSE
"CDKN2A",0,0,0,0,FALSE,FALSE
"CDKN2B",0,0,0,0,FALSE,FALSE
"DMRTA1",0,0.01,0,-0.16,FALSE,FALSE
"ELAVL2",0,0,0,0,FALSE,FALSE
"IZUMO3",0,0,0,0,FALSE,FALSE
"LRRC19",0,0,0,0,FALSE,FALSE
"EQTN",0,0,0,0,FALSE,FALSE
"LINGO2",0,0,0,0,FALSE,FALSE
"TMEM215",0,0,0,0,FALSE,FALSE
"AQP7",0,0,0,0,FALSE,FALSE
"ANKRD18B",0,0,0,0,FALSE,FALSE
"KIF24",0,0,0,0,FALSE,FALSE
"MYORG",0,0,0,0,FALSE,FALSE
"C9orf24",0,0,0,0,FALSE,FALSE
"DNAI1",0,0,0,0,FALSE,FALSE
"ENHO",0,0,0,0,FALSE,FALSE
"ARID3C",0,0,0,0,FALSE,FALSE
"CCL27",0,0,0,0,FALSE,FALSE
"AL162231.1",0,0,0,-0.04,FALSE,FALSE
"CCL19",0,16,0,-7.33,TRUE,FALSE
"CCL21",0,0.04,0,-0.46,TRUE,FALSE
"PHF24",0,0.01,0,-0.11,FALSE,FALSE
"RUSC2",0,0.02,0,-0.18,FALSE,FALSE
"FAM166B",0,0,0,0,FALSE,FALSE
"CD72",0,0,0,0,TRUE,FALSE
"ARHGEF39",0,0,0,0,FALSE,FALSE
"CA9",0,0,0,0,FALSE,FALSE
"MSMP",0,0,0,0,FALSE,FALSE
"HRCT1",0,0,0,0,FALSE,FALSE
"SPAAR",0,0,0,0,FALSE,FALSE
"CCIN",0,0,0,0,FALSE,FALSE
"MELK",0,0.01,0,-0.03,FALSE,FALSE
"FBXO10",0,0,0,0,FALSE,FALSE
"FRMPD1",0,0,0,0,FALSE,FALSE
"SLC25A51",0,0,0,-0.04,FALSE,FALSE
"IGFBPL1",0,0,0,0,FALSE,FALSE
"CNTNAP3",0,0,0,0,FALSE,FALSE
"SPATA31A1",0,0,0,0,FALSE,FALSE
"FOXD4L5",0,0,0,0,FALSE,FALSE
"APBA1",0,0,0,0,FALSE,FALSE
"C9orf135",0,0,0,0,FALSE,FALSE
"TRPM3",0,0,0,0,FALSE,FALSE
"GDA",0,0.02,0,-0.26,FALSE,FALSE
"RORB",0,0,0,0,FALSE,FALSE
"TRPM6",0,0,0,0,FALSE,FALSE
"GCNT1",0,0,0,0,FALSE,FALSE
"RASEF",0,0,0,0,FALSE,FALSE
"UBQLN1",0,0.01,0,-0.07,FALSE,FALSE
"KIF27",0,0.01,0,-0.08,FALSE,FALSE
"RMI1",0,0.01,0,-0.11,FALSE,FALSE
"SLC28A3",0,0,0,0,FALSE,FALSE
"NAA35",0,0.01,0,-0.03,FALSE,FALSE
"C9orf153",0,0,0,0,FALSE,FALSE
"ISCA1",0,0,0,0,FALSE,FALSE
"NXNL2",0,0,0,0,FALSE,FALSE
"SHC3",0,0,0,0,FALSE,FALSE
"DIRAS2",0,0,0,0,FALSE,FALSE
"OMD",0,0.01,0,-0.08,FALSE,FALSE
"FBP1",0,0,0,0,FALSE,FALSE
"PTCH1",0,0,0,0,FALSE,FALSE
"AL160269.1",0,0,0,0,FALSE,FALSE
"ZNF367",0,0.01,0,-0.12,FALSE,FALSE
"CCDC180",0,0,0,0,FALSE,FALSE
"TDRD7",0,0.02,0,-0.25,FALSE,FALSE
"HEMGN",0,0,0,0,FALSE,FALSE
"ANKS6",0,0.03,0,-0.28,FALSE,FALSE
"MSANTD3",0,0.02,0,-0.18,FALSE,FALSE
"TMEFF1",0,0.01,0,-0.08,FALSE,FALSE
"CAVIN4",0,0,0,0,FALSE,FALSE
"PLPPR1",0,0,0,0.01,FALSE,FALSE
"ALDOB",0,0,0,0,FALSE,FALSE
"PGAP4",0,0.01,0,-0.03,FALSE,FALSE
"OR13C4",0,0,0,0,FALSE,FALSE
"OR13C9",0,0,0,0,FALSE,FALSE
"NIPSNAP3A",0,0.02,0,-0.25,FALSE,FALSE
"NIPSNAP3B",0,0,0,0,FALSE,FALSE
"FSD1L",0,0,0,0.01,FALSE,FALSE
"FRRS1L",0,0,0,0,FALSE,FALSE
"EPB41L4B",0,0,0,0,FALSE,FALSE
"MUSK",0,0,0,0,FALSE,FALSE
"OR2K2",0,0,0,0,FALSE,FALSE
"SHOC1",0,0,0,0,FALSE,FALSE
"SUSD1",0,0.01,0,-0.07,FALSE,FALSE
"SLC46A2",0,0.04,0,-0.49,FALSE,FALSE
"ZFP37",0,0,0,0,FALSE,FALSE
"CDC26",0,0.01,0,-0.11,FALSE,FALSE
"WDR31",0,0,0,0,FALSE,FALSE
"BSPRY",0,0,0,0,FALSE,FALSE
"C9orf43",0,0,0,0,FALSE,FALSE
"KIF12",0,0.01,0,-0.14,FALSE,FALSE
"ORM1",0,0,0,0,FALSE,FALSE
"TNFSF15",0,0,0,0,FALSE,FALSE
"DELEC1",0,0,0,0,FALSE,FALSE
"TNFSF8",0,0,0,0,FALSE,FALSE
"PAPPA",0,0.01,0,-0.07,FALSE,FALSE
"TLR4",0,0,0,0.01,FALSE,FALSE
"BRINP1",0,0,0,0,FALSE,FALSE
"C5",0,0,0,0,FALSE,FALSE
"TTLL11",0,0.01,0,-0.07,FALSE,FALSE
"MORN5",0,0,0,0,FALSE,FALSE
"LHX6",0,0.01,0,-0.16,FALSE,FALSE
"MRRF",0,0.02,0,-0.3,FALSE,FALSE
"PTGS1",0,0.01,0,-0.16,FALSE,FALSE
"OR1N2",0,0,0,0,FALSE,FALSE
"OR1L8",0,0,0,0,FALSE,FALSE
"OR1B1",0,0,0,0,FALSE,FALSE
"ZBTB26",0,0.01,0,-0.19,FALSE,FALSE
"CRB2",0,0,0,0,FALSE,FALSE
"NR6A1",0,0,0,0,FALSE,FALSE
"HSPA5",0,0.01,0,-0.08,FALSE,FALSE
"LMX1B",0,0,0,0,FALSE,FALSE
"ZBTB43",0,0,0,0,FALSE,FALSE
"ZBTB34",0,0,0,0.01,FALSE,FALSE
"GARNL3",0,0,0,0,FALSE,FALSE
"ZNF79",0,0,0,0,FALSE,FALSE
"LRSAM1",0,0.01,0,-0.11,FALSE,FALSE
"CFAP157",0,0,0,0.05,FALSE,FALSE
"TTC16",0,0,0,0,FALSE,FALSE
"TOR2A",0,0,0,0,FALSE,FALSE
"ST6GALNAC4",0,0.02,0,-0.18,FALSE,FALSE
"PIP5KL1",0,0,0,0,FALSE,FALSE
"NAIF1",0,0.01,0,-0.16,FALSE,FALSE
"SLC27A4",0,0.03,0,-0.28,FALSE,FALSE
"ZDHHC12",0,0,0,0,FALSE,FALSE
"ENDOG",0,0.01,0,-0.03,FALSE,FALSE
"CRAT",0,0.01,0,-0.16,FALSE,FALSE
"PRRX2",0,0,0,-0.04,FALSE,FALSE
"PLPP7",0,0,0,0,FALSE,FALSE
"POMT1",0,0.01,0,-0.11,FALSE,FALSE
"MED27",0,0,0,0,FALSE,FALSE
"NTNG2",0,0,0,-0.04,FALSE,FALSE
"CFAP77",0,0,0,0,FALSE,FALSE
"BARHL1",0,0,0,0,FALSE,FALSE
"AK8",0,0,0,0,FALSE,FALSE
"SPACA9",0,0,0,0,FALSE,FALSE
"CEL",0,0,0,0,FALSE,FALSE
"RALGDS",0,0.01,0,-0.19,FALSE,FALSE
"ABO",0,0,0,0,FALSE,FALSE
"SURF2",0,0.02,0,-0.3,FALSE,FALSE
"STKLD1",0,0,0,0,FALSE,FALSE
"ADAMTS13",0,0.01,0,-0.16,FALSE,FALSE
"CACFD1",0,0.01,0,-0.03,FALSE,FALSE
"SLC2A6",0,0,0,0,FALSE,FALSE
"ADAMTSL2",0,0,0,0,FALSE,FALSE
"VAV2",0,0.01,0,-0.16,FALSE,FALSE
"WDR5",0,0,0,0,FALSE,FALSE
"FCN2",0,0,0,0,FALSE,FALSE
"C9orf116",0,0,0,0,FALSE,FALSE
"KCNT1",0,0,0,0,FALSE,FALSE
"LHX3",0,0,0,0,FALSE,FALSE
"QSOX2",0,0,0,0,FALSE,FALSE
"CCDC187",0,0,0,0,FALSE,FALSE
"DNLZ",0,0,0,0,FALSE,FALSE
"CARD9",0,0,0,0,FALSE,FALSE
"LCN10",0,0,0,0,FALSE,FALSE
"LCN6",0,0,0,0,FALSE,FALSE
"LCN8",0,0,0,0,FALSE,FALSE
"CCDC183",0,0,0,0,FALSE,FALSE
"AJM1",0,0,0,0,FALSE,FALSE
"C8G",0,0,0,0,FALSE,FALSE
"LCN12",0,0,0,0,FALSE,FALSE
"LCNL1",0,0,0,0,FALSE,FALSE
"FUT7",0,0,0,0,FALSE,FALSE
"ENTPD2",0,0,0,0,FALSE,FALSE
"SAPCD2",0,0,0,0,FALSE,FALSE
"UAP1L1",0,0.02,0,-0.18,FALSE,FALSE
"TPRN",0,0,0,0,FALSE,FALSE
"TMEM203",0,0,0,0,FALSE,FALSE
"NDOR1",0,0.02,0,-0.18,FALSE,FALSE
"RNF208",0,0,0,0,FALSE,FALSE
"CYSRT1",0,0,0,0,FALSE,FALSE
"RNF224",0,0,0,0,FALSE,FALSE
"NELFB",0,0.02,0,-0.18,FALSE,FALSE
"TOR4A",0,0,0,0,FALSE,FALSE
"ENTPD8",0,0,0,0,FALSE,FALSE
"CACNA1B",0,0,0,0,FALSE,FALSE
"NLRP6",0,0,0,0,FALSE,FALSE
"IFITM1",0,0,0,0,FALSE,FALSE
"B4GALNT4",0,0,0,0,FALSE,FALSE
"LRRC56",0,0,0,0,FALSE,FALSE
"LMNTD2",0,0,0,0,FALSE,FALSE
"RASSF7",0,0.03,0,-0.38,FALSE,FALSE
"PIDD1",0,0.01,0,-0.11,FALSE,FALSE
"CRACR2B",0,0,0,0,FALSE,FALSE
"MUC6",0,0,0,0,FALSE,FALSE
"DUSP8",0,0,0,0,FALSE,FALSE
"KRTAP5-5",0,0,0,0,FALSE,FALSE
"IFITM10",0,0,0,0,FALSE,FALSE
"SYT8",0,0,0,0,FALSE,FALSE
"ASCL2",0,0.01,0,-0.19,FALSE,FALSE
"C11orf21",0,0,0,0,FALSE,FALSE
"TSPAN32",0,0,0,0,FALSE,FALSE
"TRPM5",0,0,0,0,FALSE,FALSE
"SLC22A18AS",0,0,0,0,FALSE,FALSE
"SLC22A18",0,0,0,0,FALSE,FALSE
"PHLDA2",0,0,0,0,FALSE,FALSE
"CARS1",0,0,0,0,FALSE,FALSE
"ART5",0,0,0,0,FALSE,FALSE
"CHRNA10",0,0,0,0,FALSE,FALSE
"OR52B4",0,0,0,0,FALSE,FALSE
"OR52I1",0,0,0,0,FALSE,FALSE
"OR51E1",0,0,0,0,FALSE,FALSE
"MMP26",0,0,0,0,FALSE,FALSE
"OR51F2",0,0,0,0,FALSE,FALSE
"OR51A7",0,0,0,0,FALSE,FALSE
"OR52A5",0,0,0,0,FALSE,FALSE
"OR51V1",0,0,0,0,FALSE,FALSE
"AC104389.5",0,0,0,0,FALSE,FALSE
"UBQLN3",0,0,0,0,FALSE,FALSE
"UBQLNL",0,0,0,0,FALSE,FALSE
"OR52H1",0,0,0,0,FALSE,FALSE
"TRIM6",0,0.01,0,-0.16,FALSE,FALSE
"OR56B1",0,0,0,0,FALSE,FALSE
"OR52N4",0,0,0,0,FALSE,FALSE
"OR52N1",0,0,0,0,FALSE,FALSE
"OR56A4",0,0,0,0,FALSE,FALSE
"CNGA4",0,0,0,0,FALSE,FALSE
"HPX",0,0,0,0,FALSE,FALSE
"TRIM3",0,0.01,0,-0.08,FALSE,FALSE
"OR2AG2",0,0,0,0,FALSE,FALSE
"OR6A2",0,0,0,0,FALSE,FALSE
"OR2D3",0,0,0,0,FALSE,FALSE
"ZNF214",0,0,0,0.01,FALSE,FALSE
"NLRP14",0,0,0,0,FALSE,FALSE
"OVCH2",0,0,0,0,FALSE,FALSE
"OR10A3",0,0,0,0,FALSE,FALSE
"LMO1",0,0,0,0,FALSE,FALSE
"C11orf16",0,0.01,0,-0.03,FALSE,FALSE
"ASCL3",0,0,0,0,FALSE,FALSE
"NRIP3",0,0,0,0,FALSE,FALSE
"SCUBE2",0,0.01,0,-0.08,FALSE,FALSE
"WEE1",0,0,0,0.01,FALSE,FALSE
"LYVE1",0,0,0,0,FALSE,FALSE
"GALNT18",0,0.02,0,-0.18,FALSE,FALSE
"MICAL2",0,0.01,0,-0.07,FALSE,FALSE
"BTBD10",0,0.01,0,-0.07,FALSE,FALSE
"PSMA1",0,0,0,-0.04,FALSE,FALSE
"PDE3B",0,0.01,0,-0.14,FALSE,FALSE
"CALCB",0,0,0,0,FALSE,FALSE
"CALCA",0,0,0,0,FALSE,FALSE
"INSC",0,0,0,0,FALSE,FALSE
"SOX6",0,0.02,0,-0.23,FALSE,FALSE
"NCR3LG1",0,0,0,0,FALSE,FALSE
"ABCC8",0,0,0,0,FALSE,FALSE
"USH1C",0,0,0,0,FALSE,FALSE
"TPH1",0,0,0,0,FALSE,FALSE
"HPS5",0,0.05,0,-0.58,FALSE,FALSE
"LDHC",0,0,0,0,FALSE,FALSE
"SPTY2D1OS",0,0,0,0,FALSE,FALSE
"TMEM86A",0,0,0,0,FALSE,FALSE
"IGSF22",0,0,0,0,FALSE,FALSE
"E2F8",0,0,0,0,FALSE,FALSE
"NAV2",0,0.01,0,-0.03,FALSE,FALSE
"SLC6A5",0,0,0,0,FALSE,FALSE
"SLC17A6",0,0,0,0,FALSE,FALSE
"GAS2",0,0.01,0,-0.03,FALSE,FALSE
"SVIP",0,0,0,0,FALSE,FALSE
"LUZP2",0,0,0,0,FALSE,FALSE
"ANO3",0,0,0,0,FALSE,FALSE
"MUC15",0,0,0,0,FALSE,FALSE
"SLC5A12",0,0,0,0,FALSE,FALSE
"FIBIN",0,0,0,0,FALSE,FALSE
"BBOX1",0,0,0,0,FALSE,FALSE
"BDNF",0,0,0,0,FALSE,FALSE
"KCNA4",0,0,0,0,FALSE,FALSE
"DCDC1",0,0,0,0,FALSE,FALSE
"PAX6",0,0,0,0,FALSE,FALSE
"WT1",0,0,0,0,FALSE,FALSE
"CCDC73",0,0,0,0,FALSE,FALSE
"DEPDC7",0,0.01,0,-0.14,FALSE,FALSE
"KIAA1549L",0,0,0,0,FALSE,FALSE
"FBXO3",0,0.03,0,-0.28,FALSE,FALSE
"ABTB2",0,0.01,0,-0.03,FALSE,FALSE
"ELF5",0,0,0,0,FALSE,FALSE
"EHF",0,0,0,0,FALSE,FALSE
"APIP",0,0.01,0,-0.16,FALSE,FALSE
"SLC1A2",0,0,0,0,FALSE,FALSE
"FJX1",0,0.01,0,-0.19,FALSE,FALSE
"PRR5L",0,0.01,0,-0.16,FALSE,FALSE
"LRRC4C",0,0,0,0,FALSE,FALSE
"TP53I11",0,0.01,0,-0.19,FALSE,FALSE
"PRDM11",0,0.02,0,-0.18,FALSE,FALSE
"SYT13",0,0,0,0,FALSE,FALSE
"CHST1",0,0,0,0,FALSE,FALSE
"SLC35C1",0,0,0,0,FALSE,FALSE
"MAPK8IP1",0,0.01,0,-0.03,FALSE,FALSE
"LARGE2",0,0.01,0,-0.07,FALSE,FALSE
"CREB3L1",0,0,0,0,FALSE,FALSE
"HARBI1",0,0,0,0,FALSE,FALSE
"F2",0,0,0,0,FALSE,FALSE
"RAPSN",0,0,0,0,FALSE,FALSE
"PTPMT1",0,0,0,0,FALSE,FALSE
"FAM180B",0,0,0,0,FALSE,FALSE
"C1QTNF4",0,0,0,0,FALSE,FALSE
"AGBL2",0,0,0,0,FALSE,FALSE
"OR4X2",0,0,0,0,FALSE,FALSE
"FOLH1",0,0,0,0,FALSE,FALSE
"OR4C13",0,0,0,0,FALSE,FALSE
"OR4P4",0,0,0,0,FALSE,FALSE
"OR5I1",0,0,0,0,FALSE,FALSE
"OR5AS1",0,0,0,0,FALSE,FALSE
"OR5T3",0,0,0,0,FALSE,FALSE
"OR8U3",0,0,0,0,FALSE,FALSE
"OR5AR1",0,0,0,0,FALSE,FALSE
"OR9G4",0,0,0,0,FALSE,FALSE
"LRRC55",0,0,0,0,FALSE,FALSE
"APLNR",0,0.03,0,-0.35,FALSE,FALSE
"PRG2",0,0,0,0,FALSE,FALSE
"SLC43A1",0,0,0,-0.04,FALSE,FALSE
"YPEL4",0,0,0,0,FALSE,FALSE
"MED19",0,0.01,0,-0.07,FALSE,FALSE
"OR9Q1",0,0,0,0,FALSE,FALSE
"OR9I1",0,0,0,0,FALSE,FALSE
"OR5B2",0,0,0,0,FALSE,FALSE
"OR5B21",0,0,0,0,FALSE,FALSE
"GLYATL1",0,0,0,0,FALSE,FALSE
"DTX4",0,0,0,0.01,FALSE,FALSE
"OR5AN1",0,0,0,0,FALSE,FALSE
"OR4D11",0,0,0,0,FALSE,FALSE
"TCN1",0,0,0,0,FALSE,FALSE
"OOSP3",0,0,0,0,FALSE,FALSE
"OOSP4A",0,0,0,0,FALSE,FALSE
"MS4A3",0,0,0,0,FALSE,FALSE
"MS4A4A",0,0,0,0,FALSE,FALSE
"MS4A4E",0,0,0,0,FALSE,FALSE
"MS4A6E",0,0,0,0,FALSE,FALSE
"MS4A14",0,0,0,0,FALSE,FALSE
"MS4A5",0,0,0,0,FALSE,FALSE
"MS4A1",0,2.3,0,-4.59,TRUE,FALSE
"MS4A12",0,0,0,0,FALSE,FALSE
"MS4A8",0,0,0,0,FALSE,FALSE
"CCDC86",0,0.01,0,-0.03,FALSE,FALSE
"PTGDR2",0,0,0,0.01,FALSE,FALSE
"ZP1",0,0,0,0,FALSE,FALSE
"TMEM132A",0,0,0,0,FALSE,FALSE
"VPS37C",0,0,0,0,FALSE,FALSE
"TMEM216",0,0.01,0,-0.08,FALSE,FALSE
"PPP1R32",0,0,0,0,FALSE,FALSE
"SYT7",0,0,0,0,FALSE,FALSE
"DAGLA",0,0,0,0,FALSE,FALSE
"MYRF",0,0,0,0,FALSE,FALSE
"TMEM258",0,0,0,0,FALSE,FALSE
"FEN1",0,0.01,0,-0.03,FALSE,FALSE
"FADS1",0,0.01,0,-0.14,FALSE,FALSE
"FADS3",0,0,0,0,FALSE,FALSE
"BEST1",0,0,0,0,FALSE,FALSE
"SCGB2A1",0,0,0,0,FALSE,FALSE
"ASRGL1",0,0,0,0,FALSE,FALSE
"SCGB1A1",0,0,0,0,FALSE,FALSE
"ROM1",0,0,0,0,FALSE,FALSE
"CSKMT",0,0,0,0,FALSE,FALSE
"GNG3",0,0,0,0,FALSE,FALSE
"ZBTB3",0,0.01,0,-0.08,FALSE,FALSE
"CHRM1",0,0,0,0,FALSE,FALSE
"SLC22A8",0,0,0,0,FALSE,FALSE
"SLC22A10",0,0,0,0,FALSE,FALSE
"PLAAT5",0,0,0,0,FALSE,FALSE
"RCOR2",0,0,0,0,FALSE,FALSE
"FLRT1",0,0,0,0,FALSE,FALSE
"PPP1R14B",0,0,0,0,FALSE,FALSE
"NRXN2",0,0,0,0,FALSE,FALSE
"PYGM",0,0.01,0,-0.19,FALSE,FALSE
"GPHA2",0,0,0,0,FALSE,FALSE
"MAJIN",0,0,0,0,FALSE,FALSE
"BATF2",0,0,0,0,FALSE,FALSE
"SAC3D1",0,0,0,0.05,FALSE,FALSE
"SPDYC",0,0,0,0,FALSE,FALSE
"FRMD8",0,0,0,0,FALSE,FALSE
"PCNX3",0,0.04,0,-0.41,FALSE,FALSE
"OVOL1",0,0,0,0,FALSE,FALSE
"FOSL1",0,0,0,0,FALSE,FALSE
"CST6",0,0,0,0,FALSE,FALSE
"GAL3ST3",0,0,0,0,FALSE,FALSE
"CNIH2",0,0,0,0,FALSE,FALSE
"SLC29A2",0,0,0,0,FALSE,FALSE
"NPAS4",0,0,0,0,FALSE,FALSE
"DPP3",0,0,0,0,FALSE,FALSE
"SPTBN2",0,0,0,0,FALSE,FALSE
"PC",0,0,0,0,FALSE,FALSE
"SSH3",0,0.02,0,-0.23,FALSE,FALSE
"CLCF1",0,0,0,0,FALSE,FALSE
"CARNS1",0,0.01,0,-0.03,FALSE,FALSE
"GPR152",0,0,0,0,FALSE,FALSE
"CABP4",0,0,0,0,FALSE,FALSE
"CDK2AP2",0,0.01,0,-0.14,FALSE,FALSE
"NUDT8",0,0.01,0,-0.07,FALSE,FALSE
"ACY3",0,0,0,0,FALSE,FALSE
"ALDH3B2",0,0,0,0,FALSE,FALSE
"ALDH3B1",0,0,0,0,FALSE,FALSE
"GAL",0,0,0,0,FALSE,FALSE
"CPT1A",0,0.01,0,-0.14,FALSE,FALSE
"TPCN2",0,0,0,0,FALSE,FALSE
"SMIM38",0,0,0,0,FALSE,FALSE
"MYEOV",0,0,0,0,FALSE,FALSE
"SHANK2",0,0,0,0,FALSE,FALSE
"DHCR7",0,0.01,0,-0.16,FALSE,FALSE
"KRTAP5-8",0,0,0,0,FALSE,FALSE
"KRTAP5-9",0,0,0,0,FALSE,FALSE
"RNF121",0,0.01,0,-0.03,FALSE,FALSE
"FOLR1",0,0,0,0,FALSE,FALSE
"PDE2A",0,0.02,0,-0.25,FALSE,FALSE
"P2RY2",0,0,0,0,FALSE,FALSE
"P2RY6",0,0,0,0,FALSE,FALSE
"PLEKHB1",0,0.01,0,-0.12,FALSE,FALSE
"DNAJB13",0,0,0,0,FALSE,FALSE
"UCP3",0,0,0,0,FALSE,FALSE
"P4HA3",0,0,0,0,FALSE,FALSE
"KCNE3",0,0,0,0,FALSE,FALSE
"LIPT2",0,0,0,0,FALSE,FALSE
"NEU3",0,0.01,0,-0.03,FALSE,FALSE
"TPBGL",0,0,0,0,FALSE,FALSE
"ARRB1",0,0.03,0,-0.35,FALSE,FALSE
"KLHL35",0,0,0,0,FALSE,FALSE
"GDPD5",0,0,0,0,FALSE,FALSE
"MAP6",0,0.01,0,-0.03,FALSE,FALSE
"DGAT2",0,0,0,0,FALSE,FALSE
"THAP12",0,0,0,0,FALSE,FALSE
"GVQW3",0,0.01,0,-0.12,FALSE,FALSE
"ACER3",0,0,0,0,FALSE,FALSE
"CAPN5",0,0.01,0,-0.07,FALSE,FALSE
"GDPD4",0,0,0,0,FALSE,FALSE
"AQP11",0,0,0,0,FALSE,FALSE
"KCTD14",0,0,0,-0.04,FALSE,FALSE
"THRSP",0,0,0,0,FALSE,FALSE
"KCTD21",0,0,0,0,FALSE,FALSE
"USP35",0,0.01,0,-0.12,FALSE,FALSE
"GAB2",0,0.02,0,-0.21,FALSE,FALSE
"TENM4",0,0.01,0,-0.03,FALSE,FALSE
"FAM181B",0,0,0,0,FALSE,FALSE
"DDIAS",0,0,0,0,FALSE,FALSE
"ANKRD42",0,0.01,0,-0.11,FALSE,FALSE
"CCDC90B",0,0,0,0,FALSE,FALSE
"TMEM126B",0,0,0,0,FALSE,FALSE
"TMEM126A",0,0.03,0,-0.28,FALSE,FALSE
"CCDC89",0,0,0,0,FALSE,FALSE
"EED",0,0,0,-0.04,FALSE,FALSE
"CCDC81",0,0.04,0,-0.47,FALSE,FALSE
"RAB38",0,0,0,-0.04,FALSE,FALSE
"GRM5",0,0,0,0,FALSE,FALSE
"TYR",0,0,0,0,FALSE,FALSE
"TRIM64B",0,0,0,0,FALSE,FALSE
"NAALAD2",0,0,0,-0.04,FALSE,FALSE
"CHORDC1",0,0,0,0,FALSE,FALSE
"FAT3",0,0,0,0,FALSE,FALSE
"SLC36A4",0,0.01,0,-0.03,FALSE,FALSE
"DEUP1",0,0,0,0,FALSE,FALSE
"VSTM5",0,0,0,0,FALSE,FALSE
"IZUMO1R",0,0,0,0,FALSE,FALSE
"GPR83",0,0,0,0,FALSE,FALSE
"C11orf97",0,0,0,0,FALSE,FALSE
"PIWIL4",0,0,0,0,FALSE,FALSE
"FUT4",0,0.01,0,-0.14,FALSE,FALSE
"KDM4D",0,0,0,0,FALSE,FALSE
"CNTN5",0,0,0,0,FALSE,FALSE
"PGR",0,0.01,0,-0.03,FALSE,FALSE
"TRPC6",0,0,0,0.05,FALSE,FALSE
"ANGPTL5",0,0,0,0,FALSE,FALSE
"CEP126",0,0.01,0,-0.07,FALSE,FALSE
"CFAP300",0,0,0,0,FALSE,FALSE
"BIRC3",0,0.01,0,-0.14,FALSE,FALSE
"BIRC2",0,0.01,0,-0.08,FALSE,FALSE
"MMP7",0,0,0,0,FALSE,FALSE
"MMP27",0,0,0,0,FALSE,FALSE
"MMP8",0,0,0,0,FALSE,FALSE
"MMP10",0,0,0,0,FALSE,FALSE
"MMP12",0,0,0,0,FALSE,FALSE
"MMP13",0,0,0,0,FALSE,FALSE
"DCUN1D5",0,0,0,0.01,FALSE,FALSE
"DYNC2H1",0,0.03,0,-0.38,FALSE,FALSE
"CASP5",0,0,0,0,FALSE,FALSE
"CARD16",0,0,0,0,FALSE,FALSE
"CARD17",0,0,0,0,FALSE,FALSE
"GRIA4",0,0,0,0,FALSE,FALSE
"GUCY1A2",0,0,0,-0.04,FALSE,FALSE
"ALKBH8",0,0,0,0,FALSE,FALSE
"ELMOD1",0,0,0,0,FALSE,FALSE
"SLN",0,0,0,0,FALSE,FALSE
"RAB39A",0,0,0,0,FALSE,FALSE
"C11orf65",0,0.01,0,-0.14,FALSE,FALSE
"DDX10",0,0,0,0,FALSE,FALSE
"C11orf87",0,0,0,0,FALSE,FALSE
"ZC3H12C",0,0.04,0,-0.47,FALSE,FALSE
"ARHGAP20",0,0,0,0,FALSE,FALSE
"C11orf53",0,0,0,0,FALSE,FALSE
"COLCA2",0,0,0,0,FALSE,FALSE
"BTG4",0,0,0,0,FALSE,FALSE
"HOATZ",0,0,0,0,FALSE,FALSE
"SIK2",0,0.04,0,-0.44,FALSE,FALSE
"FDXACB1",0,0,0,0,FALSE,FALSE
"C11orf52",0,0,0,0,FALSE,FALSE
"PIH1D2",0,0,0,0,FALSE,FALSE
"IL18",0,0,0,0,FALSE,FALSE
"BCO2",0,0,0,0,FALSE,FALSE
"NCAM1",0,0,0,0,FALSE,FALSE
"ANKK1",0,0,0,0,FALSE,FALSE
"TMPRSS5",0,0,0,0,FALSE,FALSE
"NXPE4",0,0,0,0,FALSE,FALSE
"APOA5",0,0,0,0,FALSE,FALSE
"SIDT2",0,0,0,0,FALSE,FALSE
"DSCAML1",0,0,0,0,FALSE,FALSE
"TMPRSS13",0,0,0,0,FALSE,FALSE
"SMIM35",0,0,0,0,FALSE,FALSE
"TMPRSS4",0,0,0,0,FALSE,FALSE
"SCN2B",0,0.01,0,-0.03,FALSE,FALSE
"MPZL3",0,0.01,0,-0.03,FALSE,FALSE
"CD3E",0,6.55,0,-6.05,TRUE,FALSE
"CD3D",0,5.84,0,-5.89,TRUE,FALSE
"CD3G",0,2.78,0,-4.85,TRUE,FALSE
"HMBS",0,0.01,0,-0.14,FALSE,FALSE
"HINFP",0,0.02,0,-0.18,FALSE,FALSE
"ABCG4",0,0,0,0,FALSE,FALSE
"NLRX1",0,0.01,0,-0.16,FALSE,FALSE
"CCDC153",0,0,0,0,FALSE,FALSE
"POU2F3",0,0,0,0,FALSE,FALSE
"TLCD5",0,0.01,0,-0.14,FALSE,FALSE
"TECTA",0,0,0,0,FALSE,FALSE
"BLID",0,0,0,0,FALSE,FALSE
"CRTAM",0,0.01,0,-0.08,FALSE,FALSE
"GRAMD1B",0,0.01,0,-0.03,FALSE,FALSE
"SCN3B",0,0,0,0,FALSE,FALSE
"ZNF202",0,0.01,0,-0.19,FALSE,FALSE
"OR6M1",0,0,0,0,FALSE,FALSE
"OR10D3",0,0,0,0,FALSE,FALSE
"PANX3",0,0,0,0,FALSE,FALSE
"SPA17",0,0,0,0.01,FALSE,FALSE
"VSIG2",0,0,0,0,FALSE,FALSE
"ROBO4",0,0.03,0,-0.28,FALSE,FALSE
"CCDC15",0,0,0,0,FALSE,FALSE
"SLC37A2",0,0,0,0,FALSE,FALSE
"FEZ1",0,0.01,0,-0.07,FALSE,FALSE
"ACRV1",0,0,0,0,FALSE,FALSE
"HYLS1",0,0,0,0,FALSE,FALSE
"DDX25",0,0,0,0,FALSE,FALSE
"VSIG10L2",0,0,0,0,FALSE,FALSE
"TIRAP",0,0.01,0,-0.11,FALSE,FALSE
"FLI1",0,0.02,0,-0.18,FALSE,FALSE
"KCNJ1",0,0,0,0,FALSE,FALSE
"C11orf45",0,0.02,0,-0.21,FALSE,FALSE
"TP53AIP1",0,0.01,0,-0.11,FALSE,FALSE
"ARHGAP32",0,0,0,0.01,FALSE,FALSE
"BARX2",0,0,0,0,FALSE,FALSE
"TMEM45B",0,0,0,0,FALSE,FALSE
"PRDM10",0,0.02,0,-0.25,FALSE,FALSE
"NTM",0,0,0,0,FALSE,FALSE
"OPCML",0,0,0,0,FALSE,FALSE
"ACAD8",0,0.02,0,-0.21,FALSE,FALSE
"GLB1L3",0,0,0,0,FALSE,FALSE
"GLB1L2",0,0,0,0,FALSE,FALSE
"IDI2",0,0,0,0,FALSE,FALSE
"ADARB2",0,0,0,0,FALSE,FALSE
"AKR1E2",0,0.01,0,-0.14,FALSE,FALSE
"AKR1C3",0,0.02,0,-0.18,FALSE,FALSE
"AKR1C8P",0,0,0,0,FALSE,FALSE
"CALML5",0,0,0,0,FALSE,FALSE
"ASB13",0,0.02,0,-0.25,FALSE,FALSE
"IL15RA",0,0,0,0,FALSE,FALSE
"IL2RA",0,0,0,0,FALSE,FALSE
"USP6NL",0,0.01,0,-0.14,FALSE,FALSE
"ECHDC3",0,0,0,0,FALSE,FALSE
"PROSER2",0,0,0,0,FALSE,FALSE
"SEC61A2",0,0.01,0,-0.11,FALSE,FALSE
"MCM10",0,0,0,0,FALSE,FALSE
"BEND7",0,0,0,0.01,FALSE,FALSE
"CDNF",0,0,0,0,FALSE,FALSE
"AC069544.1",0,0.01,0,-0.19,FALSE,FALSE
"SUV39H2",0,0,0,0,FALSE,FALSE
"MEIG1",0,0,0,0,FALSE,FALSE
"OLAH",0,0,0,0,FALSE,FALSE
"ACBD7",0,0,0,0,FALSE,FALSE
"FAM171A1",0,0.01,0,-0.11,FALSE,FALSE
"ST8SIA6",0,0,0,0,FALSE,FALSE
"HACD1",0,0,0,0,FALSE,FALSE
"TMEM236",0,0,0,0,FALSE,FALSE
"MRC1",0,0.02,0,-0.26,TRUE,FALSE
"SLC39A12",0,0,0,0,FALSE,FALSE
"CACNB2",0,0,0,0,FALSE,FALSE
"MIR1915HG",0,0,0,0,FALSE,FALSE
"SKIDA1",0,0,0,0,FALSE,FALSE
"SPAG6",0,0,0,0,FALSE,FALSE
"PIP4K2A",0,0.02,0,-0.21,FALSE,FALSE
"ARMC3",0,0,0,0,FALSE,FALSE
"C10orf67",0,0,0,0,FALSE,FALSE
"ENKUR",0,0,0,0,FALSE,FALSE
"GPR158",0,0,0,0,FALSE,FALSE
"MYO3A",0,0,0,0,FALSE,FALSE
"GAD2",0,0,0,0,FALSE,FALSE
"MKX",0,0,0,0,FALSE,FALSE
"ARMC4",0,0,0,0,FALSE,FALSE
"WAC",0,0,0,0,FALSE,FALSE
"BAMBI",0,0,0,0,FALSE,FALSE
"MAP3K8",0,0.02,0,-0.25,FALSE,FALSE
"ZNF25",0,0.02,0,-0.25,FALSE,FALSE
"ZNF37A",0,0,0,0,FALSE,FALSE
"RASGEF1A",0,0,0,0,FALSE,FALSE
"ZNF239",0,0,0,0,FALSE,FALSE
"ZNF485",0,0,0,0,FALSE,FALSE
"OR13A1",0,0,0,0,FALSE,FALSE
"ALOX5",0,0.02,0,-0.18,FALSE,FALSE
"ANTXRL",0,0,0,0,FALSE,FALSE
"GPRIN2",0,0,0,0,FALSE,FALSE
"PTPN20",0,0,0,0,FALSE,FALSE
"ZNF488",0,0,0,0,FALSE,FALSE
"FRMPD2",0,0,0,0,FALSE,FALSE
"ARHGAP22",0,0.01,0,-0.12,FALSE,FALSE
"OGDHL",0,0.01,0,-0.03,FALSE,FALSE
"PARG",0,0.01,0,-0.19,FALSE,FALSE
"ASAH2",0,0,0,0,FALSE,FALSE
"A1CF",0,0,0,0,FALSE,FALSE
"DKK1",0,0,0,0,FALSE,FALSE
"PCDH15",0,0,0,0,FALSE,FALSE
"IPMK",0,0.02,0,-0.18,FALSE,FALSE
"CISD1",0,0.03,0,-0.35,FALSE,FALSE
"UBE2D1",0,0,0,0,FALSE,FALSE
"BICC1",0,0.01,0,-0.11,FALSE,FALSE
"PHYHIPL",0,0,0,0,FALSE,FALSE
"SLC16A9",0,0,0,0,FALSE,FALSE
"TMEM26",0,0.01,0,-0.03,FALSE,FALSE
"CABCOCO1",0,0,0,0,FALSE,FALSE
"ZNF365",0,0,0,0,FALSE,FALSE
"EGR2",0,0.01,0,-0.12,FALSE,FALSE
"CTNNA3",0,0,0,0,FALSE,FALSE
"DNAJC12",0,0,0,0,FALSE,FALSE
"MYPN",0,0,0,0,FALSE,FALSE
"ATOH7",0,0,0,0,FALSE,FALSE
"TACR2",0,0,0,0,FALSE,FALSE
"COL13A1",0,0,0,0,FALSE,FALSE
"SAR1A",0,0,0,0,FALSE,FALSE
"LRRC20",0,0.01,0,-0.19,FALSE,FALSE
"NODAL",0,0,0,0,FALSE,FALSE
"PALD1",0,0.02,0,-0.21,FALSE,FALSE
"PRF1",0,0.02,0,-0.3,FALSE,FALSE
"ADAMTS14",0,0,0,0,FALSE,FALSE
"UNC5B",0,0.01,0,-0.11,FALSE,FALSE
"NUDT13",0,0,0,0,FALSE,FALSE
"FAM149B1",0,0,0,0,FALSE,FALSE
"DNAJC9",0,0.01,0,-0.14,FALSE,FALSE
"CFAP70",0,0,0,0,FALSE,FALSE
"MYOZ1",0,0,0,0,FALSE,FALSE
"SYNPO2L",0,0,0,0,FALSE,FALSE
"NDST2",0,0.01,0,-0.03,FALSE,FALSE
"DUSP13",0,0,0,0,FALSE,FALSE
"COMTD1",0,0.03,0,-0.43,FALSE,FALSE
"LRMDA",0,0.02,0,-0.18,FALSE,FALSE
"SFTPD",0,0,0,0,FALSE,FALSE
"PLAC9",0,0.01,0,-0.03,FALSE,FALSE
"MAT1A",0,0,0,0,FALSE,FALSE
"DYDC1",0,0,0,0,FALSE,FALSE
"DYDC2",0,0,0,0,FALSE,FALSE
"SH2D4B",0,0,0,0,FALSE,FALSE
"NRG3",0,0,0,0,FALSE,FALSE
"CDHR1",0,0,0,0,FALSE,FALSE
"GRID1",0,0,0,0,FALSE,FALSE
"MINPP1",0,0,0,0,FALSE,FALSE
"KLLN",0,0,0,0,FALSE,FALSE
"RNLS",0,0.01,0,-0.16,FALSE,FALSE
"LIPJ",0,0,0,0,FALSE,FALSE
"LIPF",0,0,0,0,FALSE,FALSE
"LIPN",0,0,0,0,FALSE,FALSE
"ANKRD22",0,0.01,0,-0.12,FALSE,FALSE
"ACTA2",0,7.04,0,-6.16,TRUE,FALSE
"IFIT1B",0,0,0,0,FALSE,FALSE
"SLC16A12",0,0.01,0,-0.14,FALSE,FALSE
"PANK1",0,0.01,0,-0.08,FALSE,FALSE
"ANKRD1",0,0,0,0,FALSE,FALSE
"FGFBP3",0,0,0,0,FALSE,FALSE
"RBP4",0,0,0,0,FALSE,FALSE
"LGI1",0,0,0,0,FALSE,FALSE
"SLC35G1",0,0,0,0,FALSE,FALSE
"PLCE1",0,0.01,0,-0.03,FALSE,FALSE
"TBC1D12",0,0.01,0,-0.07,FALSE,FALSE
"CYP2C18",0,0,0,0,FALSE,FALSE
"ACSM6",0,0,0,0,FALSE,FALSE
"CC2D2B",0,0,0,0,FALSE,FALSE
"CCNJ",0,0,0,0,FALSE,FALSE
"SLIT1",0,0,0,0,FALSE,FALSE
"FRAT1",0,0,0,0,FALSE,FALSE
"FRAT2",0,0.01,0,-0.16,FALSE,FALSE
"RRP12",0,0.01,0,-0.16,FALSE,FALSE
"UBTD1",0,0,0,0,FALSE,FALSE
"ANKRD2",0,0,0,0,FALSE,FALSE
"HOGA1",0,0,0,0,FALSE,FALSE
"PI4K2A",0,0.01,0,-0.14,FALSE,FALSE
"GOLGA7B",0,0,0,0,FALSE,FALSE
"CRTAC1",0,0,0,0,FALSE,FALSE
"CNNM1",0,0,0,0,FALSE,FALSE
"GOT1",0,0.01,0,-0.08,FALSE,FALSE
"ABCC2",0,0,0,0,FALSE,FALSE
"BLOC1S2",0,0.01,0,-0.12,FALSE,FALSE
"SCD",0,0.02,0,-0.26,FALSE,FALSE
"PAX2",0,0,0,0,FALSE,FALSE
"SEMA4G",0,0,0,0,FALSE,FALSE
"TWNK",0,0.01,0,-0.16,FALSE,FALSE
"PDZD7",0,0,0,0,FALSE,FALSE
"NOLC1",0,0,0,0,FALSE,FALSE
"PSD",0,0,0,0,FALSE,FALSE
"C10orf95",0,0,0,0,FALSE,FALSE
"CNNM2",0,0.01,0,-0.08,FALSE,FALSE
"INA",0,0,0,0,FALSE,FALSE
"PCGF6",0,0,0,0,FALSE,FALSE
"TAF5",0,0.02,0,-0.25,FALSE,FALSE
"ATP5MD",0,0,0,0,FALSE,FALSE
"NEURL1",0,0,0,0,FALSE,FALSE
"SFR1",0,0,0,0,FALSE,FALSE
"ITPRIP",0,0.01,0,-0.11,FALSE,FALSE
"CFAP58",0,0,0,0,FALSE,FALSE
"SORCS3",0,0,0,0,FALSE,FALSE
"SORCS1",0,0,0,0,FALSE,FALSE
"RBM20",0,0,0,0,FALSE,FALSE
"GPAM",0,0.01,0,-0.11,FALSE,FALSE
"TECTB",0,0,0,0,FALSE,FALSE
"NRAP",0,0,0,0,FALSE,FALSE
"DCLRE1A",0,0.01,0,-0.12,FALSE,FALSE
"ADRB1",0,0,0,0,FALSE,FALSE
"CCDC186",0,0.01,0,-0.07,FALSE,FALSE
"TDRD1",0,0,0,0,FALSE,FALSE
"C10orf82",0,0,0,0,FALSE,FALSE
"ENO4",0,0,0,0,FALSE,FALSE
"EMX2",0,0,0,0,FALSE,FALSE
"FAM204A",0,0.01,0,-0.07,FALSE,FALSE
"PLPP4",0,0,0,0.05,FALSE,FALSE
"BTBD16",0,0,0,0,FALSE,FALSE
"CUZD1",0,0,0,0,FALSE,FALSE
"FAM24B",0,0.01,0,-0.12,FALSE,FALSE
"OAT",0,0,0,0,FALSE,FALSE
"DHX32",0,0.02,0,-0.18,FALSE,FALSE
"FANK1",0,0,0,0,FALSE,FALSE
"C10orf90",0,0,0,0,FALSE,FALSE
"INSYN2A",0,0,0,0,FALSE,FALSE
"NPS",0,0,0,0,FALSE,FALSE
"FOXI2",0,0,0,0,FALSE,FALSE
"CLRN3",0,0,0,0,FALSE,FALSE
"TCERG1L",0,0,0,0,FALSE,FALSE
"JAKMIP3",0,0,0,0,FALSE,FALSE
"DPYSL4",0,0,0,0.01,FALSE,FALSE
"STK32C",0,0.01,0,-0.14,FALSE,FALSE
"NKX6-2",0,0,0,0,FALSE,FALSE
"CFAP46",0,0,0,0,FALSE,FALSE
"KNDC1",0,0,0,0,FALSE,FALSE
"VENTX",0,0,0,0,FALSE,FALSE
"PRAP1",0,0,0,0,FALSE,FALSE
"PAOX",0,0.01,0,-0.07,FALSE,FALSE
"SPRN",0,0,0,0,FALSE,FALSE
"SCART1",0,0,0,0,FALSE,FALSE
"CYP2E1",0,0,0,0,FALSE,FALSE
"IQSEC3",0,0.02,0,-0.18,FALSE,FALSE
"SLC6A12",0,0,0,0,FALSE,FALSE
"NINJ2",0,0,0,0,FALSE,FALSE
"CACNA2D4",0,0,0,0,FALSE,FALSE
"LRTM2",0,0,0,0,FALSE,FALSE
"CACNA1C",0,0,0,0,FALSE,FALSE
"FOXM1",0,0.01,0,-0.07,FALSE,FALSE
"TEAD4",0,0,0,0,FALSE,FALSE
"PRMT8",0,0,0,0,FALSE,FALSE
"PARP11",0,0.01,0,-0.16,FALSE,FALSE
"C12orf4",0,0.02,0,-0.25,FALSE,FALSE
"AKAP3",0,0,0,0,FALSE,FALSE
"GALNT8",0,0,0,0,FALSE,FALSE
"KCNA1",0,0,0,0,FALSE,FALSE
"KCNA5",0,0.01,0,-0.07,FALSE,FALSE
"NTF3",0,0,0,0,FALSE,FALSE
"ANO2",0,0,0,0,FALSE,FALSE
"VWF",0,3.91,0,-5.33,TRUE,FALSE
"PLEKHG6",0,0,0,0,FALSE,FALSE
"LPAR5",0,0,0,0,FALSE,FALSE
"LAG3",0,0.03,0,-0.31,FALSE,FALSE
"GPR162",0,0,0,0,FALSE,FALSE
"GNB3",0,0,0,0,FALSE,FALSE
"LRRC23",0,0,0,0,FALSE,FALSE
"CD163L1",0,0,0,0,FALSE,FALSE
"GDF3",0,0,0,0,FALSE,FALSE
"CLEC4C",0,0,0,0,FALSE,FALSE
"SLC2A3",0,0,0,0,FALSE,FALSE
"C3AR1",0,0,0,0,FALSE,FALSE
"ZNF705A",0,0,0,0,FALSE,FALSE
"FAM90A1",0,0,0,0,FALSE,FALSE
"CLEC4D",0,0,0,0,FALSE,FALSE
"CLEC4E",0,0,0,0,FALSE,FALSE
"AICDA",0,0,0,0,FALSE,FALSE
"A2ML1",0,0,0,0,FALSE,FALSE
"CLECL1",0,0,0,0,FALSE,FALSE
"KLRF1",0,0,0,0,FALSE,FALSE
"CLEC2A",0,0,0,0,FALSE,FALSE
"CLEC12A",0,0,0,0,FALSE,FALSE
"CLEC12B",0,0,0,0,FALSE,FALSE
"CLEC9A",0,0,0,0,FALSE,FALSE
"CLEC7A",0,0,0,0,FALSE,FALSE
"OLR1",0,0,0,0,FALSE,FALSE
"TMEM52B",0,0,0,0,FALSE,FALSE
"KLRD1",0,0.01,0,-0.07,FALSE,FALSE
"KLRC4",0,0.01,0,-0.07,FALSE,FALSE
"KLRC3",0,0,0,0,FALSE,FALSE
"TAS2R9",0,0,0,0,FALSE,FALSE
"TAS2R30",0,0,0,0,FALSE,FALSE
"TAS2R42",0,0,0,0,FALSE,FALSE
"MANSC1",0,0.02,0,-0.21,FALSE,FALSE
"GPR19",0,0,0,0,FALSE,FALSE
"APOLD1",0,0,0,0,FALSE,FALSE
"GPRC5A",0,0,0,0,FALSE,FALSE
"GUCY2C",0,0,0,0,FALSE,FALSE
"H4-16",0,0,0,0,FALSE,FALSE
"C12orf60",0,0,0,0,FALSE,FALSE
"SMCO3",0,0,0,0,FALSE,FALSE
"ERP27",0,0,0,0,FALSE,FALSE
"PTPRO",0,0,0,0,FALSE,FALSE
"DERA",0,0.06,0,-0.63,FALSE,FALSE
"SLC15A5",0,0,0,0,FALSE,FALSE
"PIK3C2G",0,0,0,0,FALSE,FALSE
"CAPZA3",0,0,0,0,FALSE,FALSE
"SLCO1C1",0,0,0,0,FALSE,FALSE
"SLCO1A2",0,0,0,0,FALSE,FALSE
"SPX",0,0,0,0,FALSE,FALSE
"GYS2",0,0,0,0,FALSE,FALSE
"ST8SIA1",0,0,0,-0.04,FALSE,FALSE
"SOX5",0,0.02,0,-0.18,FALSE,FALSE
"BCAT1",0,0,0,0.01,FALSE,FALSE
"CFAP94",0,0,0,0,FALSE,FALSE
"LMNTD1",0,0,0,0,FALSE,FALSE
"ARNTL2",0,0.02,0,-0.21,FALSE,FALSE
"SMCO2",0,0,0,0,FALSE,FALSE
"REP15",0,0,0,0,FALSE,FALSE
"MANSC4",0,0,0,0,FALSE,FALSE
"KLHL42",0,0.01,0,-0.12,FALSE,FALSE
"PTHLH",0,0,0,0,FALSE,FALSE
"OVCH1",0,0,0,0,FALSE,FALSE
"TSPAN11",0,0,0,0,FALSE,FALSE
"DDX11",0,0,0,0,FALSE,FALSE
"SINHCAF",0,0,0,0,FALSE,FALSE
"KIF21A",0,0.03,0,-0.28,FALSE,FALSE
"C12orf40",0,0,0,0,FALSE,FALSE
"MUC19",0,0,0,0,FALSE,FALSE
"PDZRN4",0,0,0,0,FALSE,FALSE
"GXYLT1",0,0.02,0,-0.23,FALSE,FALSE
"TMEM117",0,0,0,0,FALSE,FALSE
"DBX2",0,0,0,0,FALSE,FALSE
"SLC38A4",0,0,0,0,FALSE,FALSE
"ENDOU",0,0,0,0,FALSE,FALSE
"VDR",0,0,0,0,FALSE,FALSE
"CCDC184",0,0,0,0,FALSE,FALSE
"C12orf54",0,0,0,0,FALSE,FALSE
"OR8S1",0,0,0,0,FALSE,FALSE
"RND1",0,0,0,0,FALSE,FALSE
"CCDC65",0,0,0,0,FALSE,FALSE
"WNT10B",0,0,0,0,FALSE,FALSE
"RHEBL1",0,0,0,0,FALSE,FALSE
"DHH",0,0,0,0,FALSE,FALSE
"TUBA1A",0,0,0,0,FALSE,FALSE
"PRPH",0,0,0,0,FALSE,FALSE
"TROAP",0,0.01,0,-0.08,FALSE,FALSE
"KCNH3",0,0,0,0,FALSE,FALSE
"PRPF40B",0,0.01,0,-0.07,FALSE,FALSE
"FAM186B",0,0,0,0,FALSE,FALSE
"FAIM2",0,0.01,0,-0.16,FALSE,FALSE
"ASIC1",0,0,0,0,FALSE,FALSE
"GPD1",0,0,0,0,FALSE,FALSE
"FAM186A",0,0,0,0,FALSE,FALSE
"HIGD1C",0,0,0,0,FALSE,FALSE
"POU6F1",0,0.02,0,-0.23,FALSE,FALSE
"CELA1",0,0,0,0,FALSE,FALSE
"GALNT6",0,0,0,0,FALSE,FALSE
"SLC4A8",0,0,0,0,FALSE,FALSE
"SCN8A",0,0,0,0,FALSE,FALSE
"FIGNL2",0,0,0,0,FALSE,FALSE
"SMIM41",0,0,0,0,FALSE,FALSE
"KRT80",0,0,0,0,FALSE,FALSE
"KRT86",0,0,0,0,FALSE,FALSE
"KRT75",0,0,0,0,FALSE,FALSE
"KRT6B",0,0,0,0,FALSE,FALSE
"KRT6C",0,0,0,0,FALSE,FALSE
"KRT6A",0,0,0,0,FALSE,FALSE
"KRT74",0,0,0,0,FALSE,FALSE
"KRT72",0,0,0,0,FALSE,FALSE
"KRT73",0,0,0,0,FALSE,FALSE
"KRT2",0,0,0,0,FALSE,FALSE
"KRT4",0,0,0,0,FALSE,FALSE
"KRT78",0,0,0,0,FALSE,FALSE
"SOAT2",0,0,0,0,FALSE,FALSE
"RARG",0,0.01,0,-0.08,FALSE,FALSE
"MFSD5",0,0.01,0,-0.16,FALSE,FALSE
"PCBP2",0,0,0,0,FALSE,FALSE
"MAP3K12",0,0.01,0,-0.14,FALSE,FALSE
"HOXC6",0,0,0,0,FALSE,FALSE
"HOXC8",0,0,0,0,FALSE,FALSE
"HOXC4",0,0,0,0,FALSE,FALSE
"SMUG1",0,0.01,0,-0.03,FALSE,FALSE
"NFE2",0,0,0,0,FALSE,FALSE
"GTSF1",0,0,0,0,FALSE,FALSE
"PDE1B",0,0,0,0,FALSE,FALSE
"PPP1R1A",0,0,0,0,FALSE,FALSE
"NEUROD4",0,0,0,0,FALSE,FALSE
"OR10A7",0,0,0,0,FALSE,FALSE
"OR6C76",0,0,0,0,FALSE,FALSE
"OR6C70",0,0,0,0,FALSE,FALSE
"RDH5",0,0,0,0,FALSE,FALSE
"GDF11",0,0.01,0,-0.11,FALSE,FALSE
"PMEL",0,0,0,0,FALSE,FALSE
"ERBB3",0,0,0,0,FALSE,FALSE
"ZC3H10",0,0.01,0,-0.14,FALSE,FALSE
"ANKRD52",0,0.03,0,-0.35,FALSE,FALSE
"COQ10A",0,0.04,0,-0.44,FALSE,FALSE
"CS",0,0,0,0.01,FALSE,FALSE
"IL23A",0,0,0,0,FALSE,FALSE
"APOF",0,0,0,0,FALSE,FALSE
"TIMELESS",0,0,0,0,FALSE,FALSE
"PTGES3",0,0,0,0,FALSE,FALSE
"HSD17B6",0,0,0,0,FALSE,FALSE
"SDR9C7",0,0,0,0,FALSE,FALSE
"RDH16",0,0,0,0,FALSE,FALSE
"TAC3",0,0,0,0,FALSE,FALSE
"MYO1A",0,0,0,0,FALSE,FALSE
"NXPH4",0,0,0,0,FALSE,FALSE
"SHMT2",0,0,0,0.01,FALSE,FALSE
"STAC3",0,0,0,0,FALSE,FALSE
"R3HDM2",0,0.05,0,-0.5,FALSE,FALSE
"GLI1",0,0,0,0,FALSE,FALSE
"MARS1",0,0.02,0,-0.23,FALSE,FALSE
"KIF5A",0,0,0,0,FALSE,FALSE
"SLC26A10",0,0,0,0,FALSE,FALSE
"B4GALNT1",0,0,0,0,FALSE,FALSE
"TSPAN31",0,0.04,0,-0.41,FALSE,FALSE
"METTL1",0,0.01,0,-0.19,FALSE,FALSE
"EEF1AKMT3",0,0.01,0,-0.11,FALSE,FALSE
"AVIL",0,0,0,0,FALSE,FALSE
"TAFA2",0,0,0,0,FALSE,FALSE
"AVPR1A",0,0.02,0,-0.21,FALSE,FALSE
"C12orf56",0,0,0,0,FALSE,FALSE
"TBC1D30",0,0,0,0,FALSE,FALSE
"WIF1",0,0,0,0,FALSE,FALSE
"LEMD3",0,0.01,0,-0.11,FALSE,FALSE
"LLPH",0,0.01,0,-0.07,FALSE,FALSE
"IRAK3",0,0.01,0,-0.14,FALSE,FALSE
"GRIP1",0,0,0,0,FALSE,FALSE
"IFNG",0,0,0,0,FALSE,FALSE
"CPM",0,0.03,0,-0.38,FALSE,FALSE
"LYZ",0,6.17,0,-5.97,TRUE,FALSE
"BEST3",0,0,0,0,FALSE,FALSE
"MYRFL",0,0,0,0,FALSE,FALSE
"PTPRR",0,0,0,0,FALSE,FALSE
"TSPAN8",0,0,0,0,FALSE,FALSE
"LGR5",0,0,0,0,FALSE,FALSE
"TRHDE",0,0,0,0,FALSE,FALSE
"CAPS2",0,0,0,0,FALSE,FALSE
"KRR1",0,0.01,0,-0.19,FALSE,FALSE
"E2F7",0,0,0,0,FALSE,FALSE
"SYT1",0,0,0,0,FALSE,FALSE
"OTOGL",0,0,0,0,FALSE,FALSE
"PPFIA2",0,0,0,0,FALSE,FALSE
"METTL25",0,0.02,0,-0.25,FALSE,FALSE
"SLC6A15",0,0,0,0,FALSE,FALSE
"LRRIQ1",0,0,0,0,FALSE,FALSE
"ALX1",0,0,0,0,FALSE,FALSE
"NTS",0,0,0,0,FALSE,FALSE
"MGAT4C",0,0,0,0,FALSE,FALSE
"KITLG",0,0.02,0,-0.18,FALSE,FALSE
"GALNT4",0,0.01,0,-0.03,FALSE,FALSE
"EPYC",0,0,0,0,FALSE,FALSE
"KERA",0,0,0,0,FALSE,FALSE
"LUM",0,5.38,0,-5.78,TRUE,FALSE
"CLLU1-AS1",0,0,0,0,FALSE,FALSE
"PLEKHG7",0,0,0,0,FALSE,FALSE
"UBE2N",0,0,0,0,FALSE,FALSE
"SOCS2",0,0.03,0,-0.31,FALSE,FALSE
"TMCC3",0,0.03,0,-0.4,FALSE,FALSE
"NR2C1",0,0.01,0,-0.07,FALSE,FALSE
"FGD6",0,0.01,0,-0.12,FALSE,FALSE
"USP44",0,0,0,0,FALSE,FALSE
"CCDC38",0,0,0,0,FALSE,FALSE
"AMDHD1",0,0,0,0,FALSE,FALSE
"HAL",0,0,0,0,FALSE,FALSE
"ELK3",0,0.01,0,-0.07,FALSE,FALSE
"IKBIP",0,0.02,0,-0.18,FALSE,FALSE
"ACTR6",0,0.01,0,-0.07,FALSE,FALSE
"DEPDC4",0,0,0,0,FALSE,FALSE
"SLC17A8",0,0,0,0,FALSE,FALSE
"NR1H4",0,0,0,0,FALSE,FALSE
"GAS2L3",0,0,0,0,FALSE,FALSE
"ANO4",0,0.01,0,-0.07,FALSE,FALSE
"SLC5A8",0,0,0,0.01,FALSE,FALSE
"UTP20",0,0.02,0,-0.3,FALSE,FALSE
"SPIC",0,0,0,0,FALSE,FALSE
"MYBPC1",0,0,0,0,FALSE,FALSE
"SYCP3",0,0,0,0,FALSE,FALSE
"PMCH",0,0,0,0,FALSE,FALSE
"PAH",0,0,0,0,FALSE,FALSE
"C12orf42",0,0,0,0,FALSE,FALSE
"HSP90B1",0,0,0,0,FALSE,FALSE
"C12orf73",0,0,0,0,FALSE,FALSE
"TDG",0,0.03,0,-0.43,FALSE,FALSE
"ALDH1L2",0,0.01,0,-0.16,FALSE,FALSE
"NUAK1",0,0.05,0,-0.52,FALSE,FALSE
"RFX4",0,0,0,0,FALSE,FALSE
"WSCD2",0,0,0,0,FALSE,FALSE
"CMKLR1",0,0.01,0,-0.07,FALSE,FALSE
"FICD",0,0,0,0.01,FALSE,FALSE
"ALKBH2",0,0.01,0,-0.14,FALSE,FALSE
"FOXN4",0,0,0,0,FALSE,FALSE
"MMAB",0,0.03,0,-0.35,FALSE,FALSE
"MVK",0,0.01,0,-0.14,FALSE,FALSE
"FAM222A",0,0,0,0,FALSE,FALSE
"TRPV4",0,0,0,0,FALSE,FALSE
"C12orf76",0,0,0,0,FALSE,FALSE
"VPS29",0,0.01,0,-0.08,FALSE,FALSE
"RAD9B",0,0,0,0,FALSE,FALSE
"MYL2",0,0,0,0,FALSE,FALSE
"PHETA1",0,0,0,0,FALSE,FALSE
"RPH3A",0,0,0,0,FALSE,FALSE
"DTX1",0,0,0,0,FALSE,FALSE
"RASAL1",0,0,0,0,FALSE,FALSE
"CFAP73",0,0,0,0,FALSE,FALSE
"IQCD",0,0,0,0,FALSE,FALSE
"SDSL",0,0,0,0,FALSE,FALSE
"TBX5",0,0,0,0,FALSE,FALSE
"TBX3",0,0.01,0,-0.11,FALSE,FALSE
"SPRING1",0,0,0,0,FALSE,FALSE
"RNFT2",0,0,0,-0.04,FALSE,FALSE
"NOS1",0,0,0,0,FALSE,FALSE
"KSR2",0,0,0,0,FALSE,FALSE
"WSB2",0,0.03,0,-0.31,FALSE,FALSE
"VSIG10",0,0.01,0,-0.07,FALSE,FALSE
"CCDC60",0,0,0,0,FALSE,FALSE
"SIRT4",0,0,0,0,FALSE,FALSE
"PLA2G1B",0,0,0,0,FALSE,FALSE
"DYNLL1",0,0.02,0,-0.18,FALSE,FALSE
"CABP1",0,0,0,0,FALSE,FALSE
"ACADS",0,0.01,0,-0.03,FALSE,FALSE
"OASL",0,0,0,0,FALSE,FALSE
"P2RX7",0,0,0,-0.04,FALSE,FALSE
"RNF34",0,0,0,0,FALSE,FALSE
"MORN3",0,0,0,0,FALSE,FALSE
"TMEM120B",0,0.02,0,-0.23,FALSE,FALSE
"HPD",0,0,0,0,FALSE,FALSE
"CFAP251",0,0,0,0,FALSE,FALSE
"B3GNT4",0,0,0,0,FALSE,FALSE
"HCAR1",0,0,0,0,FALSE,FALSE
"CCDC62",0,0,0,0,FALSE,FALSE
"ABCB9",0,0,0,0,FALSE,FALSE
"SNRNP35",0,0.02,0,-0.18,FALSE,FALSE
"DNAH10",0,0,0,0,FALSE,FALSE
"RFLNA",0,0,0,0,FALSE,FALSE
"DHX37",0,0.02,0,-0.21,FALSE,FALSE
"TMEM132B",0,0,0,0,FALSE,FALSE
"GLT1D1",0,0,0,0,FALSE,FALSE
"FZD10",0,0,0,0,FALSE,FALSE
"PIWIL1",0,0,0,0,FALSE,FALSE
"RIMBP2",0,0,0,0,FALSE,FALSE
"ADGRD1",0,0,0,0,FALSE,FALSE
"MMP17",0,0,0,0,FALSE,FALSE
"LRCOL1",0,0,0,0,FALSE,FALSE
"P2RX2",0,0,0,0,FALSE,FALSE
"PXMP2",0,0.01,0,-0.07,FALSE,FALSE
"PGAM5",0,0.02,0,-0.18,FALSE,FALSE
"ZNF891",0,0.01,0,-0.07,FALSE,FALSE
"ZNF10",0,0,0,0,FALSE,FALSE
"ZMYM5",0,0.01,0,-0.08,FALSE,FALSE
"GJA3",0,0,0,0,FALSE,FALSE
"IL17D",0,0,0,0,FALSE,FALSE
"SKA3",0,0,0,0,FALSE,FALSE
"FGF9",0,0,0,0.05,FALSE,FALSE
"SGCG",0,0,0,0,FALSE,FALSE
"TNFRSF19",0,0.01,0,-0.07,FALSE,FALSE
"C1QTNF9",0,0,0,0,FALSE,FALSE
"RNF17",0,0,0,0,FALSE,FALSE
"ATP8A2",0,0.01,0,-0.03,FALSE,FALSE
"CDK8",0,0.01,0,-0.11,FALSE,FALSE
"LNX2",0,0.02,0,-0.26,FALSE,FALSE
"FLT3",0,0,0,0,FALSE,FALSE
"SLC46A3",0,0,0,0,FALSE,FALSE
"MTUS2",0,0,0,0,FALSE,FALSE
"TEX26",0,0,0,0,FALSE,FALSE
"RXFP2",0,0,0,0,FALSE,FALSE
"KL",0,0.01,0,-0.03,FALSE,FALSE
"CCDC169",0,0,0,0,FALSE,FALSE
"CCNA1",0,0,0,0,FALSE,FALSE
"SERTM1",0,0,0,0,FALSE,FALSE
"FREM2",0,0,0,0,FALSE,FALSE
"PROSER1",0,0.01,0,-0.12,FALSE,FALSE
"SLC25A15",0,0.01,0,-0.16,FALSE,FALSE
"KBTBD6",0,0.02,0,-0.25,FALSE,FALSE
"KBTBD7",0,0.01,0,-0.11,FALSE,FALSE
"FAM216B",0,0,0,0,FALSE,FALSE
"ENOX1",0,0,0,-0.04,FALSE,FALSE
"CCDC122",0,0.01,0,-0.16,FALSE,FALSE
"LACC1",0,0.01,0,-0.03,FALSE,FALSE
"SMIM2",0,0,0,0,FALSE,FALSE
"SERP2",0,0,0,0,FALSE,FALSE
"NUFIP1",0,0.01,0,-0.16,FALSE,FALSE
"KCTD4",0,0,0,0,FALSE,FALSE
"SLC25A30",0,0.02,0,-0.18,FALSE,FALSE
"ERICH6B",0,0,0,0,FALSE,FALSE
"SIAH3",0,0,0,0,FALSE,FALSE
"CPB2",0,0,0,0,FALSE,FALSE
"LRRC63",0,0,0,0,FALSE,FALSE
"HTR2A",0,0,0,0,FALSE,FALSE
"RCBTB2",0,0.02,0,-0.21,FALSE,FALSE
"CYSLTR2",0,0,0,0,FALSE,FALSE
"CDADC1",0,0.01,0,-0.03,FALSE,FALSE
"ARL11",0,0.01,0,-0.11,FALSE,FALSE
"EBPL",0,0,0,0,FALSE,FALSE
"SPRYD7",0,0.02,0,-0.23,FALSE,FALSE
"RNASEH2B",0,0,0,0.01,FALSE,FALSE
"C13orf42",0,0,0,0,FALSE,FALSE
"TMEM272",0,0,0,0,FALSE,FALSE
"ATP7B",0,0,0,0,FALSE,FALSE
"NEK3",0,0.01,0,-0.11,FALSE,FALSE
"THSD1",0,0,0,0,FALSE,FALSE
"PCDH17",0,0,0,0,FALSE,FALSE
"DIAPH3",0,0.02,0,-0.18,FALSE,FALSE
"PCDH20",0,0.01,0,-0.14,FALSE,FALSE
"AL445238.1",0,0,0,0,FALSE,FALSE
"KLHL1",0,0,0,0,FALSE,FALSE
"TBC1D4",0,0.02,0,-0.18,FALSE,FALSE
"SCEL",0,0,0,0,FALSE,FALSE
"POU4F1",0,0,0,0,FALSE,FALSE
"OBI1",0,0.03,0,-0.35,FALSE,FALSE
"SLITRK1",0,0,0,0,FALSE,FALSE
"SLITRK6",0,0,0,0,FALSE,FALSE
"SLITRK5",0,0,0,0,FALSE,FALSE
"GPR180",0,0.03,0,-0.33,FALSE,FALSE
"ABCC4",0,0.02,0,-0.21,FALSE,FALSE
"CLDN10",0,0,0,0,FALSE,FALSE
"HS6ST3",0,0,0,0,FALSE,FALSE
"OXGR1",0,0,0,0,FALSE,FALSE
"SLC15A1",0,0,0,0,FALSE,FALSE
"CLYBL",0,0.02,0,-0.25,FALSE,FALSE
"ZIC5",0,0,0,0,FALSE,FALSE
"GGACT",0,0.01,0,-0.07,FALSE,FALSE
"NALCN",0,0,0,0,FALSE,FALSE
"FGF14",0,0,0,0,FALSE,FALSE
"METTL21C",0,0,0,0,FALSE,FALSE
"CCDC168",0,0,0,0,FALSE,FALSE
"TEX30",0,0.02,0,-0.18,FALSE,FALSE
"POGLUT2",0,0,0,0,FALSE,FALSE
"SLC10A2",0,0,0,0,FALSE,FALSE
"FAM155A",0,0,0,0,FALSE,FALSE
"MYO16",0,0,0,0,FALSE,FALSE
"RAB20",0,0,0,0,FALSE,FALSE
"ING1",0,0.03,0,-0.38,FALSE,FALSE
"F10",0,0.01,0,-0.16,FALSE,FALSE
"GRTP1",0,0,0,0,FALSE,FALSE
"ADPRHL1",0,0,0,0,FALSE,FALSE
"DCUN1D2",0,0.01,0,-0.16,FALSE,FALSE
"ATP4B",0,0,0,0,FALSE,FALSE
"CFAP97D2",0,0,0,0,FALSE,FALSE
"POTEM",0,0,0,0,FALSE,FALSE
"OR4K2",0,0,0,0,FALSE,FALSE
"OR4K5",0,0,0,0,FALSE,FALSE
"OR4K1",0,0,0,0,FALSE,FALSE
"OR4K13",0,0,0,0,FALSE,FALSE
"OR4L1",0,0,0,0,FALSE,FALSE
"OR11G2",0,0,0,0,FALSE,FALSE
"OR11H6",0,0,0,0,FALSE,FALSE
"OR11H4",0,0,0,0,FALSE,FALSE
"KLHL33",0,0,0,0,FALSE,FALSE
"RNASE12",0,0,0,0,FALSE,FALSE
"OR6S1",0,0,0,0,FALSE,FALSE
"ANG",0,0.02,0,-0.21,FALSE,FALSE
"RNASE3",0,0,0,0,FALSE,FALSE
"RNASE2",0,0,0,0,FALSE,FALSE
"SLC39A2",0,0,0,0,FALSE,FALSE
"TPPP2",0,0,0,0,FALSE,FALSE
"RNASE13",0,0,0,0,FALSE,FALSE
"RNASE7",0,0,0,0,FALSE,FALSE
"TMEM253",0,0,0,0,FALSE,FALSE
"OR10G3",0,0,0,0,FALSE,FALSE
"DAD1",0,0.05,0,-0.6,FALSE,FALSE
"ABHD4",0,0.01,0,-0.11,FALSE,FALSE
"SLC7A7",0,0.01,0,-0.07,FALSE,FALSE
"CDH24",0,0.01,0,-0.11,FALSE,FALSE
"CEBPE",0,0,0,0,FALSE,FALSE
"PPP1R3E",0,0.02,0,-0.18,FALSE,FALSE
"EFS",0,0.01,0,-0.14,FALSE,FALSE
"CMTM5",0,0,0,0,FALSE,FALSE
"ZFHX2",0,0,0,0,FALSE,FALSE
"JPH4",0,0,0,0,FALSE,FALSE
"DHRS4",0,0,0,0,FALSE,FALSE
"CARMIL3",0,0,0,0,FALSE,FALSE
"CPNE6",0,0,0,0,FALSE,FALSE
"NRL",0,0,0,0,FALSE,FALSE
"PCK2",0,0.01,0,-0.03,FALSE,FALSE
"FITM1",0,0,0,0,FALSE,FALSE
"RNF31",0,0.02,0,-0.25,FALSE,FALSE
"IPO4",0,0,0,0,FALSE,FALSE
"TSSK4",0,0,0,0,FALSE,FALSE
"LTB4R2",0,0,0,0,FALSE,FALSE
"RIPK3",0,0,0,0,FALSE,FALSE
"CBLN3",0,0.01,0,-0.08,FALSE,FALSE
"CMA1",0,0.01,0,-0.14,FALSE,FALSE
"GZMH",0,0,0,0,FALSE,FALSE
"GZMB",0,0,0,0,FALSE,FALSE
"FOXG1",0,0.02,0,-0.21,FALSE,FALSE
"COCH",0,0.02,0,-0.18,FALSE,FALSE
"HEATR5A",0,0,0,0,FALSE,FALSE
"GPR33",0,0,0,0,FALSE,FALSE
"EGLN3",0,0.02,0,-0.26,FALSE,FALSE
"NKX2-8",0,0.02,0,-0.25,FALSE,FALSE
"SLC25A21",0,0,0,0,FALSE,FALSE
"SSTR1",0,0,0,0,FALSE,FALSE
"GEMIN2",0,0,0,0,FALSE,FALSE
"LRFN5",0,0,0,0,FALSE,FALSE
"C14orf28",0,0,0,0,FALSE,FALSE
"FKBP3",0,0.01,0,-0.03,FALSE,FALSE
"FANCM",0,0.01,0,-0.07,FALSE,FALSE
"MDGA2",0,0,0,0,FALSE,FALSE
"POLE2",0,0,0,0.05,FALSE,FALSE
"ABHD12B",0,0,0,0,FALSE,FALSE
"TRIM9",0,0,0,0,FALSE,FALSE
"PTGER2",0,0.01,0,-0.07,FALSE,FALSE
"GPR137C",0,0,0,0,FALSE,FALSE
"PSMC6",0,0,0,0,FALSE,FALSE
"GNPNAT1",0,0,0,0,FALSE,FALSE
"BMP4",0,0,0,-0.04,FALSE,FALSE
"CDKN3",0,0,0,0,FALSE,FALSE
"CNIH1",0,0.02,0,-0.21,FALSE,FALSE
"GMFB",0,0,0,0,FALSE,FALSE
"GCH1",0,0,0,0,FALSE,FALSE
"WDHD1",0,0.02,0,-0.25,FALSE,FALSE
"GPR135",0,0,0,0,FALSE,FALSE
"JKAMP",0,0,0,0,FALSE,FALSE
"RTN1",0,0,0,-0.04,FALSE,FALSE
"LRRC9",0,0,0,0,FALSE,FALSE
"C14orf39",0,0,0,0,FALSE,FALSE
"KCNH5",0,0,0,0,FALSE,FALSE
"AKAP5",0,0,0,0,FALSE,FALSE
"PPP1R36",0,0,0,0,FALSE,FALSE
"SPTB",0,0.01,0,-0.03,FALSE,FALSE
"PLEKHH1",0,0.01,0,-0.19,FALSE,FALSE
"ARG2",0,0.01,0,-0.08,FALSE,FALSE
"PLEKHD1",0,0,0,0,FALSE,FALSE
"SMOC1",0,0,0,0,FALSE,FALSE
"SLC8A3",0,0,0,0,FALSE,FALSE
"ADAM20",0,0,0,0,FALSE,FALSE
"MAP3K9",0,0,0,0,FALSE,FALSE
"RGS6",0,0,0,0,FALSE,FALSE
"DPF3",0,0,0,0,FALSE,FALSE
"HEATR4",0,0,0,0,FALSE,FALSE
"ACOT4",0,0,0,0,FALSE,FALSE
"DNAL1",0,0.01,0,-0.07,FALSE,FALSE
"FAM161B",0,0,0,0,FALSE,FALSE
"COQ6",0,0,0,0,FALSE,FALSE
"LIN52",0,0,0,0.01,FALSE,FALSE
"ISCA2",0,0,0,0.01,FALSE,FALSE
"ZC2HC1C",0,0,0,0,FALSE,FALSE
"BATF",0,0,0,0,FALSE,FALSE
"FLVCR2",0,0,0,0,FALSE,FALSE
"VASH1",0,0.01,0,-0.14,FALSE,FALSE
"CIPC",0,0.01,0,-0.14,FALSE,FALSE
"TMEM63C",0,0,0,0,FALSE,FALSE
"NGB",0,0,0,0,FALSE,FALSE
"SAMD15",0,0,0,0,FALSE,FALSE
"NOXRED1",0,0,0,0,FALSE,FALSE
"ISM2",0,0,0,0,FALSE,FALSE
"NRXN3",0,0,0,0,FALSE,FALSE
"GPR65",0,0.01,0,-0.14,FALSE,FALSE
"KCNK10",0,0,0,0,FALSE,FALSE
"PTPN21",0,0.01,0,-0.07,FALSE,FALSE
"ZC3H14",0,0.01,0,-0.07,FALSE,FALSE
"EML5",0,0,0,0,FALSE,FALSE
"KCNK13",0,0,0,0,FALSE,FALSE
"NRDE2",0,0,0,0,FALSE,FALSE
"CALM1",0,0,0,0,FALSE,FALSE
"CATSPERB",0,0,0,0,FALSE,FALSE
"SLC24A4",0,0,0,0,FALSE,FALSE
"UNC79",0,0,0,0,FALSE,FALSE
"PRIMA1",0,0,0,0,FALSE,FALSE
"ASB2",0,0,0,0,FALSE,FALSE
"OTUB2",0,0,0,0,FALSE,FALSE
"IFI27L1",0,0.02,0,-0.18,FALSE,FALSE
"PPP4R4",0,0,0,0,FALSE,FALSE
"SERPINA1",0,0.01,0,-0.16,FALSE,FALSE
"SERPINA11",0,0,0,0,FALSE,FALSE
"SERPINA5",0,0,0,0,FALSE,FALSE
"SERPINA3",0,0,0,0,FALSE,FALSE
"CLMN",0,0.01,0,-0.11,FALSE,FALSE
"TCL1A",0,0,0,0,FALSE,FALSE
"BDKRB2",0,0,0,0,FALSE,FALSE
"BDKRB1",0,0,0,0,FALSE,FALSE
"AK7",0,0,0,0,FALSE,FALSE
"HHIPL1",0,0,0,0,FALSE,FALSE
"CYP46A1",0,0,0,0,FALSE,FALSE
"EML1",0,0,0,0,FALSE,FALSE
"DEGS2",0,0,0,0,FALSE,FALSE
"WDR25",0,0.01,0,-0.07,FALSE,FALSE
"BEGAIN",0,0,0,0,FALSE,FALSE
"RTL1",0,0,0,0,FALSE,FALSE
"DIO3",0,0,0,0,FALSE,FALSE
"MOK",0,0,0,0,FALSE,FALSE
"ANKRD9",0,0.01,0,-0.08,FALSE,FALSE
"AMN",0,0.02,0,-0.21,FALSE,FALSE
"XRCC3",0,0,0,0,FALSE,FALSE
"ATP5MPL",0,0,0,0,FALSE,FALSE
"TDRD9",0,0,0,0,FALSE,FALSE
"RD3L",0,0,0,0,FALSE,FALSE
"ASPG",0,0,0,0,FALSE,FALSE
"KIF26A",0,0,0,0,FALSE,FALSE
"C14orf180",0,0,0,0,FALSE,FALSE
"ADSS1",0,0.01,0,-0.08,FALSE,FALSE
"ZBTB42",0,0,0,0,FALSE,FALSE
"PLD4",0,0.01,0,-0.12,FALSE,FALSE
"AHNAK2",0,0,0,0,FALSE,FALSE
"CLBA1",0,0,0,0,FALSE,FALSE
"CDCA4",0,0,0,0.01,FALSE,FALSE
"TEX22",0,0,0,0,FALSE,FALSE
"TMEM121",0,0,0,0.01,FALSE,FALSE
"IGHA2",0,0,0,0,FALSE,FALSE
"IGHD",0,0.04,0,-0.46,TRUE,FALSE
"IGHM",0,10.15,0,-6.68,TRUE,FALSE
"MAGEL2",0,0,0,0,FALSE,FALSE
"ATP10A",0,0,0,0,FALSE,FALSE
"GABRA5",0,0,0,0,FALSE,FALSE
"GABRG3",0,0.01,0,-0.11,FALSE,FALSE
"OCA2",0,0,0,0,FALSE,FALSE
"FAM189A1",0,0,0,0,FALSE,FALSE
"AC091057.5",0,0,0,0,FALSE,FALSE
"CHRNA7",0,0,0,0,FALSE,FALSE
"GOLGA8O",0,0,0,0,FALSE,FALSE
"SCG5",0,0,0,0,FALSE,FALSE
"GREM1",0,0,0,0,FALSE,FALSE
"PGBD4",0,0,0,0,FALSE,FALSE
"KATNBL1",0,0,0,0,FALSE,FALSE
"ZNF770",0,0,0,0,FALSE,FALSE
"NANOGP8",0,0,0,0,FALSE,FALSE
"LINC02694",0,0,0,0,FALSE,FALSE
"FSIP1",0,0,0,0,FALSE,FALSE
"PAK6",0,0,0,0,FALSE,FALSE
"DISP2",0,0,0,0,FALSE,FALSE
"RPUSD2",0,0.01,0,-0.12,FALSE,FALSE
"C15orf62",0,0,0,0,FALSE,FALSE
"ZFYVE19",0,0.02,0,-0.25,FALSE,FALSE
"PPP1R14D",0,0,0,0,FALSE,FALSE
"RHOV",0,0,0,0,FALSE,FALSE
"VPS18",0,0.02,0,-0.21,FALSE,FALSE
"CHAC1",0,0,0,0,FALSE,FALSE
"ITPKA",0,0,0,0,FALSE,FALSE
"LTK",0,0,0,0,FALSE,FALSE
"TYRO3",0,0,0,0,FALSE,FALSE
"SPTBN5",0,0,0,0,FALSE,FALSE
"PLA2G4E",0,0,0,0,FALSE,FALSE
"TMEM87A",0,0.02,0,-0.23,FALSE,FALSE
"CAPN3",0,0.03,0,-0.28,FALSE,FALSE
"EPB42",0,0,0,0,FALSE,FALSE
"TGM5",0,0,0,0,FALSE,FALSE
"CATSPER2",0,0,0,0,FALSE,FALSE
"ELL3",0,0,0,0,FALSE,FALSE
"GOLM2",0,0.01,0,-0.11,FALSE,FALSE
"TRIM69",0,0,0,0,FALSE,FALSE
"SORD",0,0,0,0.01,FALSE,FALSE
"DUOX2",0,0,0,0,FALSE,FALSE
"DUOXA1",0,0,0,0,FALSE,FALSE
"SHF",0,0.02,0,-0.23,FALSE,FALSE
"C15orf48",0,0,0,0,FALSE,FALSE
"SLC30A4",0,0.02,0,-0.21,FALSE,FALSE
"BLOC1S6",0,0.01,0,-0.19,FALSE,FALSE
"SLC12A1",0,0,0,0,FALSE,FALSE
"SHC4",0,0,0,0,FALSE,FALSE
"FAM227B",0,0.01,0,-0.16,FALSE,FALSE
"DTWD1",0,0.01,0,-0.12,FALSE,FALSE
"ATP8B4",0,0,0,0.01,FALSE,FALSE
"SLC27A2",0,0,0,0,FALSE,FALSE
"HDC",0,0.01,0,-0.11,FALSE,FALSE
"USP50",0,0,0,0,FALSE,FALSE
"CYP19A1",0,0,0,0,FALSE,FALSE
"GLDN",0,0,0,0,FALSE,FALSE
"DMXL2",0,0,0,0.05,FALSE,FALSE
"SCG3",0,0,0,0,FALSE,FALSE
"MYO5C",0,0.01,0,-0.14,FALSE,FALSE
"UNC13C",0,0,0,0,FALSE,FALSE
"PIGBOS1",0,0,0,0,FALSE,FALSE
"PIGB",0,0.01,0,-0.12,FALSE,FALSE
"C15orf65",0,0,0,0,FALSE,FALSE
"DNAAF4",0,0.01,0,-0.12,FALSE,FALSE
"PRTG",0,0,0,0,FALSE,FALSE
"RFX7",0,0.01,0,-0.19,FALSE,FALSE
"CGNL1",0,0.02,0,-0.18,FALSE,FALSE
"MYZAP",0,0,0,0,FALSE,FALSE
"AQP9",0,0,0,0,FALSE,FALSE
"LIPC",0,0,0,0,FALSE,FALSE
"MINDY2",0,0.03,0,-0.35,FALSE,FALSE
"FAM81A",0,0,0,0,FALSE,FALSE
"GCNT3",0,0,0,0.01,FALSE,FALSE
"TLN2",0,0.01,0,-0.14,FALSE,FALSE
"LACTB",0,0.01,0,-0.07,FALSE,FALSE
"CA12",0,0,0,0,FALSE,FALSE
"FBXL22",0,0,0,0,FALSE,FALSE
"SNX22",0,0.01,0,-0.03,FALSE,FALSE
"CSNK1G1",0,0.01,0,-0.14,FALSE,FALSE
"PCLAF",0,0.04,0,-0.41,FALSE,FALSE
"RBPMS2",0,0,0,0,FALSE,FALSE
"PIF1",0,0,0,0,FALSE,FALSE
"PARP16",0,0.02,0,-0.3,FALSE,FALSE
"IGDCC3",0,0,0,0,FALSE,FALSE
"IGDCC4",0,0.01,0,-0.08,FALSE,FALSE
"MEGF11",0,0,0,0,FALSE,FALSE
"TIPIN",0,0,0,0,FALSE,FALSE
"IQCH",0,0,0,0,FALSE,FALSE
"SKOR1",0,0,0,0,FALSE,FALSE
"CALML4",0,0.01,0,-0.03,FALSE,FALSE
"ITGA11",0,0,0,0,FALSE,FALSE
"CORO2B",0,0.01,0,-0.12,FALSE,FALSE
"SPESP1",0,0,0,0,FALSE,FALSE
"NOX5",0,0,0,0,FALSE,FALSE
"PAQR5",0,0,0,0,FALSE,FALSE
"TLE3",0,0,0,0,FALSE,FALSE
"LARP6",0,0,0,0,FALSE,FALSE
"THAP10",0,0,0,0,FALSE,FALSE
"CELF6",0,0,0,0,FALSE,FALSE
"BBS4",0,0.03,0,-0.33,FALSE,FALSE
"INSYN1",0,0,0,0,FALSE,FALSE
"ISLR2",0,0,0,0,FALSE,FALSE
"CYP11A1",0,0,0,0,FALSE,FALSE
"CPLX3",0,0,0,0,FALSE,FALSE
"RPP25",0,0,0,0,FALSE,FALSE
"SCAMP5",0,0,0,0,FALSE,FALSE
"SNX33",0,0.02,0,-0.18,FALSE,FALSE
"CSPG4",0,0.02,0,-0.3,TRUE,FALSE
"ODF3L1",0,0,0,0,FALSE,FALSE
"NRG4",0,0,0,0,FALSE,FALSE
"TMEM266",0,0,0,0,FALSE,FALSE
"ISL2",0,0,0,0,FALSE,FALSE
"LINGO1",0,0,0,0.01,FALSE,FALSE
"ACSBG1",0,0,0,0,FALSE,FALSE
"CRABP1",0,0,0,0,FALSE,FALSE
"CHRNB4",0,0,0,0,FALSE,FALSE
"ADAMTS7",0,0,0,0,FALSE,FALSE
"ANKRD34C",0,0,0,0,FALSE,FALSE
"TMED3",0,0.04,0,-0.47,FALSE,FALSE
"MINAR1",0,0,0,0,FALSE,FALSE
"ST20",0,0,0,0,FALSE,FALSE
"BCL2A1",0,0.03,0,-0.31,FALSE,FALSE
"ARNT2",0,0.01,0,-0.08,FALSE,FALSE
"CEMIP",0,0,0,0,FALSE,FALSE
"TLNRD1",0,0.02,0,-0.25,FALSE,FALSE
"STARD5",0,0.01,0,-0.03,FALSE,FALSE
"TMC3",0,0,0,0,FALSE,FALSE
"MEX3B",0,0.01,0,-0.14,FALSE,FALSE
"SAXO2",0,0,0,0,FALSE,FALSE
"CPEB1",0,0,0,0,FALSE,FALSE
"HOMER2",0,0.01,0,-0.07,FALSE,FALSE
"C15orf40",0,0.02,0,-0.26,FALSE,FALSE
"TM6SF1",0,0.01,0,-0.03,FALSE,FALSE
"ADAMTSL3",0,0.02,0,-0.18,FALSE,FALSE
"NMB",0,0,0,0,FALSE,FALSE
"ALPK3",0,0.02,0,-0.23,FALSE,FALSE
"DET1",0,0,0,0,FALSE,FALSE
"ACAN",0,0,0,0,FALSE,FALSE
"TICRR",0,0,0,0,FALSE,FALSE
"PLIN1",0,0,0,0,FALSE,FALSE
"WDR93",0,0,0,0,FALSE,FALSE
"MESP1",0,0,0,0,FALSE,FALSE
"ANPEP",0,0.01,0,-0.16,FALSE,FALSE
"ZNF710",0,0,0,0,FALSE,FALSE
"GDPGP1",0,0,0,-0.04,FALSE,FALSE
"ZNF774",0,0,0,0,FALSE,FALSE
"BLM",0,0.01,0,-0.08,FALSE,FALSE
"VPS33B",0,0.03,0,-0.33,FALSE,FALSE
"SV2B",0,0,0,0,FALSE,FALSE
"ST8SIA2",0,0,0,0,FALSE,FALSE
"FAM169B",0,0,0,0,FALSE,FALSE
"PGPEP1L",0,0,0,0,FALSE,FALSE
"LRRC28",0,0,0,-0.04,FALSE,FALSE
"CERS3",0,0,0,0,FALSE,FALSE
"HBQ1",0,0,0,0,FALSE,FALSE
"RGS11",0,0,0,0,FALSE,FALSE
"AXIN1",0,0.03,0,-0.35,FALSE,FALSE
"PGAP6",0,0.01,0,-0.07,FALSE,FALSE
"CAPN15",0,0.02,0,-0.3,FALSE,FALSE
"NHLRC4",0,0,0,0,FALSE,FALSE
"WFIKKN1",0,0,0,0,FALSE,FALSE
"MCRIP2",0,0,0,0,FALSE,FALSE
"RHBDL1",0,0,0,0,FALSE,FALSE
"CCDC78",0,0,0,0,FALSE,FALSE
"MSLN",0,0,0,0,FALSE,FALSE
"CHTF18",0,0.01,0,-0.11,FALSE,FALSE
"GNG13",0,0,0,0,FALSE,FALSE
"SOX8",0,0,0,0,FALSE,FALSE
"TPSG1",0,0,0,0,FALSE,FALSE
"TPSD1",0,0,0,0,FALSE,FALSE
"BAIAP3",0,0,0,0,FALSE,FALSE
"C16orf91",0,0,0,0,FALSE,FALSE
"CCDC154",0,0,0,0,FALSE,FALSE
"PTX4",0,0,0,0,FALSE,FALSE
"EME2",0,0.01,0,-0.11,FALSE,FALSE
"IGFALS",0,0,0,0,FALSE,FALSE
"MEIOB",0,0,0,0,FALSE,FALSE
"MSRB1",0,0.01,0,-0.16,FALSE,FALSE
"NOXO1",0,0,0,0,FALSE,FALSE
"SYNGR3",0,0,0,0,FALSE,FALSE
"RAB26",0,0,0,0,FALSE,FALSE
"CASKIN1",0,0,0,0,FALSE,FALSE
"MLST8",0,0.03,0,-0.35,FALSE,FALSE
"BRICD5",0,0,0,0,FALSE,FALSE
"E4F1",0,0.01,0,-0.16,FALSE,FALSE
"DNASE1L2",0,0,0,0,FALSE,FALSE
"TEDC2",0,0,0,0,FALSE,FALSE
"TBC1D24",0,0.02,0,-0.23,FALSE,FALSE
"CEMP1",0,0,0,0,FALSE,FALSE
"PRSS27",0,0,0,0,FALSE,FALSE
"PRSS21",0,0,0,0,FALSE,FALSE
"ZG16B",0,0,0,0,FALSE,FALSE
"PRSS22",0,0,0,0,FALSE,FALSE
"PAQR4",0,0,0,0,FALSE,FALSE
"CLDN9",0,0,0,0,FALSE,FALSE
"CLDN6",0,0,0,0,FALSE,FALSE
"BICDL2",0,0,0,0,FALSE,FALSE
"MMP25",0,0,0,0,FALSE,FALSE
"ZNF200",0,0.01,0,-0.14,FALSE,FALSE
"OR2C1",0,0,0,0,FALSE,FALSE
"ZNF597",0,0,0,0,FALSE,FALSE
"SLX4",0,0,0,0,FALSE,FALSE
"TFAP4",0,0.01,0,-0.11,FALSE,FALSE
"VASN",0,0.01,0,-0.14,FALSE,FALSE
"CDIP1",0,0.01,0,-0.11,FALSE,FALSE
"C16orf96",0,0,0,0,FALSE,FALSE
"UBALD1",0,0,0,0,FALSE,FALSE
"C16orf71",0,0,0,0,FALSE,FALSE
"ALG1",0,0.03,0,-0.31,FALSE,FALSE
"C16orf89",0,0.01,0,-0.07,FALSE,FALSE
"EEF2KMT",0,0,0,0,FALSE,FALSE
"RBFOX1",0,0,0,0,FALSE,FALSE
"METTL22",0,0.02,0,-0.21,FALSE,FALSE
"TVP23A",0,0.01,0,-0.07,FALSE,FALSE
"RMI2",0,0.01,0,-0.08,FALSE,FALSE
"SOCS1",0,0.03,0,-0.35,FALSE,FALSE
"AC099489.1",0,0,0,0,FALSE,FALSE
"NPIPB2",0,0,0,0,FALSE,FALSE
"CPPED1",0,0.01,0,-0.16,FALSE,FALSE
"ERCC4",0,0,0,0,FALSE,FALSE
"PLA2G10",0,0,0,0,FALSE,FALSE
"MPV17L",0,0.02,0,-0.18,FALSE,FALSE
"TMC7",0,0,0,0,FALSE,FALSE
"SYT17",0,0,0,0,FALSE,FALSE
"PDILT",0,0,0,0,FALSE,FALSE
"ACSM5",0,0,0,0,FALSE,FALSE
"ACSM3",0,0.01,0,-0.03,FALSE,FALSE
"ACSM1",0,0,0,0,FALSE,FALSE
"ERI2",0,0.02,0,-0.25,FALSE,FALSE
"REXO5",0,0,0,0,FALSE,FALSE
"ANKS4B",0,0,0,0,FALSE,FALSE
"CRYM",0,0,0,0,FALSE,FALSE
"IGSF6",0,0,0,0,FALSE,FALSE
"PDZD9",0,0,0,0,FALSE,FALSE
"MOSMO",0,0,0,0,FALSE,FALSE
"VWA3A",0,0,0,0,FALSE,FALSE
"HS3ST2",0,0,0,0,FALSE,FALSE
"USP31",0,0.01,0,-0.12,FALSE,FALSE
"SCNN1G",0,0.02,0,-0.21,FALSE,FALSE
"SCNN1B",0,0.01,0,-0.11,FALSE,FALSE
"ZKSCAN2",0,0.01,0,-0.07,FALSE,FALSE
"HS3ST4",0,0,0,0,FALSE,FALSE
"KDM8",0,0,0,0,FALSE,FALSE
"IL4R",0,0.01,0,-0.11,FALSE,FALSE
"KATNIP",0,0.01,0,-0.03,FALSE,FALSE
"SULT1A2",0,0,0,0,FALSE,FALSE
"SULT1A1",0,0,0,0,FALSE,FALSE
"ATP2A1",0,0,0,0,FALSE,FALSE
"CD19",0,0.01,0,-0.12,FALSE,FALSE
"QPRT",0,0.01,0,-0.08,FALSE,FALSE
"C16orf54",0,0.02,0,-0.25,FALSE,FALSE
"PRRT2",0,0.03,0,-0.31,FALSE,FALSE
"MVP",0,0.02,0,-0.21,FALSE,FALSE
"SEZ6L2",0,0,0,0,FALSE,FALSE
"DOC2A",0,0,0,0,FALSE,FALSE
"TLCD3B",0,0,0,0,FALSE,FALSE
"TBX6",0,0,0,0,FALSE,FALSE
"GDPD3",0,0.03,0,-0.28,FALSE,FALSE
"MYLPF",0,0,0,0,FALSE,FALSE
"ZNF48",0,0.01,0,-0.12,FALSE,FALSE
"ZNF764",0,0,0,0,FALSE,FALSE
"ZNF688",0,0.01,0,-0.12,FALSE,FALSE
"TMEM265",0,0,0,0,FALSE,FALSE
"CCDC189",0,0,0,0,FALSE,FALSE
"ZNF629",0,0.03,0,-0.33,FALSE,FALSE
"HSD3B7",0,0.01,0,-0.14,FALSE,FALSE
"STX1B",0,0,0,0,FALSE,FALSE
"ZNF668",0,0,0,-0.04,FALSE,FALSE
"PRSS53",0,0.01,0,-0.07,FALSE,FALSE
"PRSS36",0,0,0,0,FALSE,FALSE
"TRIM72",0,0,0,0,FALSE,FALSE
"PYDC1",0,0,0,0,FALSE,FALSE
"ITGAM",0,0.01,0,-0.08,FALSE,FALSE
"ITGAX",0,0.01,0,-0.11,FALSE,FALSE
"ITGAD",0,0,0,0,FALSE,FALSE
"COX6A2",0,0,0,0,FALSE,FALSE
"ZNF843",0,0,0,0,FALSE,FALSE
"ORC6",0,0,0,0,FALSE,FALSE
"MYLK3",0,0,0,0,FALSE,FALSE
"ABCC12",0,0,0,0,FALSE,FALSE
"CBLN1",0,0,0,0,FALSE,FALSE
"CNEP1R1",0,0.01,0,-0.19,FALSE,FALSE
"ADCY7",0,0.02,0,-0.21,FALSE,FALSE
"NOD2",0,0,0,0,FALSE,FALSE
"TOX3",0,0.01,0,-0.07,FALSE,FALSE
"AC007906.2",0,0,0,0,FALSE,FALSE
"AKTIP",0,0.01,0,-0.08,FALSE,FALSE
"IRX3",0,0.01,0,-0.16,FALSE,FALSE
"IRX5",0,0,0,0,FALSE,FALSE
"IRX6",0,0,0,0,FALSE,FALSE
"CAPNS2",0,0,0,0,FALSE,FALSE
"SLC6A2",0,0,0,0,FALSE,FALSE
"CES1",0,0.01,0,-0.08,FALSE,FALSE
"GNAO1",0,0.01,0,-0.08,FALSE,FALSE
"MT3",0,0,0,0,FALSE,FALSE
"MT1E",0,0,0,0,FALSE,FALSE
"MT1M",0,0,0,0,FALSE,FALSE
"MT1A",0,0,0,0,FALSE,FALSE
"MT1F",0,0,0,0,FALSE,FALSE
"MT1G",0,0,0,0,FALSE,FALSE
"SLC12A3",0,0,0,0,FALSE,FALSE
"CETP",0,0,0,0,FALSE,FALSE
"CPNE2",0,0.01,0,-0.11,FALSE,FALSE
"PLLP",0,0,0,0,FALSE,FALSE
"CCL17",0,0.01,0,-0.14,FALSE,FALSE
"ADGRG5",0,0,0,0,FALSE,FALSE
"ADGRG3",0,0,0,0,FALSE,FALSE
"DRC7",0,0,0,0,FALSE,FALSE
"ZNF319",0,0.01,0,-0.12,FALSE,FALSE
"MMP15",0,0,0,0,FALSE,FALSE
"CCDC113",0,0,0,0,FALSE,FALSE
"CDH8",0,0,0,0,FALSE,FALSE
"CDH11",0,0.04,0,-0.47,FALSE,FALSE
"CDH5",0,0.08,0,-0.83,TRUE,FALSE
"BEAN1",0,0,0,0,FALSE,FALSE
"CMTM1",0,0,0,0,FALSE,FALSE
"CMTM2",0,0,0,0,FALSE,FALSE
"CMTM4",0,0.01,0,-0.11,FALSE,FALSE
"CA7",0,0,0,0,FALSE,FALSE
"CES3",0,0,0,0,FALSE,FALSE
"FBXL8",0,0,0,0,FALSE,FALSE
"NOL3",0,0.01,0,-0.08,FALSE,FALSE
"KIAA0895L",0,0.02,0,-0.18,FALSE,FALSE
"EXOC3L1",0,0,0,0,FALSE,FALSE
"LRRC29",0,0,0,0,FALSE,FALSE
"FHOD1",0,0.02,0,-0.18,FALSE,FALSE
"SLC9A5",0,0,0,0,FALSE,FALSE
"PLEKHG4",0,0.02,0,-0.23,FALSE,FALSE
"LRRC36",0,0,0,0,FALSE,FALSE
"HSD11B2",0,0,0,0,FALSE,FALSE
"AGRP",0,0,0,0,FALSE,FALSE
"PARD6A",0,0,0,0,FALSE,FALSE
"C16orf86",0,0,0,-0.04,FALSE,FALSE
"TSNAXIP1",0,0,0,0,FALSE,FALSE
"NRN1L",0,0,0,0,FALSE,FALSE
"CTRL",0,0,0,0,FALSE,FALSE
"LCAT",0,0.01,0,-0.03,FALSE,FALSE
"DPEP3",0,0,0,0,FALSE,FALSE
"DPEP2",0,0.02,0,-0.18,FALSE,FALSE
"DUS2",0,0,0,-0.04,FALSE,FALSE
"DPEP2NB",0,0,0,0,FALSE,FALSE
"HAS3",0,0,0,0,FALSE,FALSE
"DERPC",0,0,0,0,FALSE,FALSE
"CHTF8",0,0.01,0,-0.07,FALSE,FALSE
"UTP4",0,0,0,0.01,FALSE,FALSE
"TMED6",0,0,0,0,FALSE,FALSE
"CLEC18A",0,0,0,0,FALSE,FALSE
"DDX19B",0,0.02,0,-0.26,FALSE,FALSE
"ST3GAL2",0,0.02,0,-0.26,FALSE,FALSE
"IL34",0,0.03,0,-0.37,FALSE,FALSE
"VAC14",0,0,0,0.05,FALSE,FALSE
"HYDIN",0,0,0,0,FALSE,FALSE
"CALB2",0,0,0,0,FALSE,FALSE
"ZNF23",0,0.01,0,-0.07,FALSE,FALSE
"TAT",0,0,0,0,FALSE,FALSE
"PHLPP2",0,0.02,0,-0.18,FALSE,FALSE
"DHODH",0,0.01,0,-0.14,FALSE,FALSE
"HP",0,0,0,0,FALSE,FALSE
"PMFBP1",0,0,0,0,FALSE,FALSE
"MLKL",0,0.01,0,-0.08,FALSE,FALSE
"FA2H",0,0,0,0,FALSE,FALSE
"LDHD",0,0,0,0,FALSE,FALSE
"TMEM231",0,0,0,-0.04,FALSE,FALSE
"CNTNAP4",0,0,0,0,FALSE,FALSE
"NUDT7",0,0.01,0,-0.08,FALSE,FALSE
"VAT1L",0,0,0,0,FALSE,FALSE
"DYNLRB2",0,0,0,0,FALSE,FALSE
"CMC2",0,0.01,0,-0.07,FALSE,FALSE
"C16orf46",0,0,0,0,FALSE,FALSE
"BCO1",0,0,0,0,FALSE,FALSE
"GAN",0,0.02,0,-0.23,FALSE,FALSE
"SDR42E1",0,0,0,0,FALSE,FALSE
"OSGIN1",0,0,0,0,FALSE,FALSE
"SLC38A8",0,0,0,0,FALSE,FALSE
"DNAAF1",0,0,0,0,FALSE,FALSE
"WFDC1",0,0,0,0,FALSE,FALSE
"MEAK7",0,0,0,0.01,FALSE,FALSE
"CIBAR2",0,0,0,0,FALSE,FALSE
"GINS2",0,0,0,-0.04,FALSE,FALSE
"C16orf74",0,0.01,0,-0.16,FALSE,FALSE
"FOXF1",0,0,0,0,FALSE,FALSE
"FOXL1",0,0,0,0,FALSE,FALSE
"C16orf95",0,0,0,0,FALSE,FALSE
"SLC7A5",0,0,0,0,FALSE,FALSE
"CA5A",0,0,0,0,FALSE,FALSE
"BANP",0,0.01,0,-0.07,FALSE,FALSE
"ZNF469",0,0,0,0,FALSE,FALSE
"SNAI3",0,0,0,0,FALSE,FALSE
"PIEZO1",0,0.01,0,-0.12,FALSE,FALSE
"PABPN1L",0,0,0,0,FALSE,FALSE
"SLC22A31",0,0,0,0,FALSE,FALSE
"CPNE7",0,0,0,0,FALSE,FALSE
"DPEP1",0,0,0,0,FALSE,FALSE
"SPATA2L",0,0,0,0,FALSE,FALSE
"VPS9D1",0,0.01,0,-0.08,FALSE,FALSE
"MC1R",0,0,0,0,FALSE,FALSE
"DEF8",0,0,0,0,FALSE,FALSE
"CENPBD1",0,0.01,0,-0.19,FALSE,FALSE
"DBNDD1",0,0,0,0,FALSE,FALSE
"PRDM7",0,0,0,0,FALSE,FALSE
"DOC2B",0,0,0,0,FALSE,FALSE
"RPH3AL",0,0,0,0,FALSE,FALSE
"TLCD3A",0,0.02,0,-0.21,FALSE,FALSE
"GLOD4",0,0.01,0,-0.03,FALSE,FALSE
"MRM3",0,0,0,0,FALSE,FALSE
"TRARG1",0,0,0,0,FALSE,FALSE
"TLCD2",0,0,0,0,FALSE,FALSE
"SERPINF2",0,0,0,0,FALSE,FALSE
"RTN4RL1",0,0,0,0,FALSE,FALSE
"DPH1",0,0.01,0,-0.07,FALSE,FALSE
"RAP1GAP2",0,0.01,0,-0.07,FALSE,FALSE
"OR1D2",0,0,0,0,FALSE,FALSE
"SPATA22",0,0,0,0,FALSE,FALSE
"ASPA",0,0.01,0,-0.12,FALSE,FALSE
"TRPV1",0,0.01,0,-0.11,FALSE,FALSE
"HASPIN",0,0,0,0,FALSE,FALSE
"CAMKK1",0,0.02,0,-0.18,FALSE,FALSE
"SPNS3",0,0,0,0,FALSE,FALSE
"SPNS2",0,0.02,0,-0.23,FALSE,FALSE
"GGT6",0,0,0,0,FALSE,FALSE
"SMTNL2",0,0,0,0,FALSE,FALSE
"ZMYND15",0,0,0,0,FALSE,FALSE
"VMO1",0,0,0,0,FALSE,FALSE
"AC233723.1",0,0,0,0,FALSE,FALSE
"CHRNE",0,0,0,0,FALSE,FALSE
"C17orf107",0,0,0,0,FALSE,FALSE
"ENO3",0,0,0,0,FALSE,FALSE
"INCA1",0,0,0,0,FALSE,FALSE
"SLC52A1",0,0,0,0,FALSE,FALSE
"ZNF232",0,0,0,0,FALSE,FALSE
"ZNF594",0,0,0,0,FALSE,FALSE
"WSCD1",0,0.02,0,-0.3,FALSE,FALSE
"PIMREG",0,0,0,0,FALSE,FALSE
"PITPNM3",0,0,0,0,FALSE,FALSE
"MED31",0,0,0,0,FALSE,FALSE
"C17orf100",0,0,0,0,FALSE,FALSE
"FBXO39",0,0,0,0,FALSE,FALSE
"TEKT1",0,0,0,0,FALSE,FALSE
"ALOX12",0,0,0,0,FALSE,FALSE
"BCL6B",0,0.01,0,-0.11,FALSE,FALSE
"SLC16A13",0,0,0,0,FALSE,FALSE
"SLC16A11",0,0.01,0,-0.11,FALSE,FALSE
"CLEC10A",0,0,0,0,FALSE,FALSE
"ASGR1",0,0,0,0,FALSE,FALSE
"DVL2",0,0.01,0,-0.14,FALSE,FALSE
"SLC2A4",0,0.01,0,-0.07,FALSE,FALSE
"KCTD11",0,0.01,0,-0.12,FALSE,FALSE
"TMEM95",0,0,0,0,FALSE,FALSE
"TNK1",0,0.01,0,-0.03,FALSE,FALSE
"TMEM256",0,0.01,0,-0.11,FALSE,FALSE
"SPEM2",0,0,0,0,FALSE,FALSE
"TMEM102",0,0,0,-0.04,FALSE,FALSE
"CD68",0,0.06,0,-0.71,TRUE,FALSE
"SOX15",0,0,0,0,FALSE,FALSE
"SHBG",0,0,0,0,FALSE,FALSE
"WRAP53",0,0.01,0,-0.11,FALSE,FALSE
"EFNB3",0,0,0,0,FALSE,FALSE
"TMEM88",0,0,0,0,FALSE,FALSE
"CYB5D1",0,0,0,0,FALSE,FALSE
"KCNAB3",0,0,0,0,FALSE,FALSE
"HES7",0,0,0,0,FALSE,FALSE
"CTC1",0,0,0,0,FALSE,FALSE
"SLC25A35",0,0.01,0,-0.16,FALSE,FALSE
"ARHGEF15",0,0.01,0,-0.16,FALSE,FALSE
"PIK3R6",0,0,0,0,FALSE,FALSE
"CFAP52",0,0,0,0,FALSE,FALSE
"USP43",0,0,0,0,FALSE,FALSE
"GSG1L2",0,0,0,0,FALSE,FALSE
"GLP2R",0,0,0,0,FALSE,FALSE
"RCVRN",0,0,0,0,FALSE,FALSE
"MYH1",0,0,0,0,FALSE,FALSE
"MYH2",0,0,0,0,FALSE,FALSE
"MYH3",0,0,0,0,FALSE,FALSE
"SCO1",0,0.01,0,-0.12,FALSE,FALSE
"DNAH9",0,0,0,0,FALSE,FALSE
"ZNF18",0,0,0,0.01,FALSE,FALSE
"MYOCD",0,0,0,0,FALSE,FALSE
"CDRT4",0,0,0,-0.04,FALSE,FALSE
"ZNF286A",0,0,0,0,FALSE,FALSE
"ADORA2B",0,0,0,0,FALSE,FALSE
"ZSWIM7",0,0.01,0,-0.16,FALSE,FALSE
"TRPV2",0,0.03,0,-0.31,FALSE,FALSE
"DRC3",0,0.01,0,-0.07,FALSE,FALSE
"ATPAF2",0,0,0,0,FALSE,FALSE
"MYO15A",0,0,0,0,FALSE,FALSE
"MIEF2",0,0.02,0,-0.25,FALSE,FALSE
"FAM83G",0,0,0,0,FALSE,FALSE
"RNF112",0,0,0,0,FALSE,FALSE
"ALDH3A1",0,0,0,0,FALSE,FALSE
"DHRS7B",0,0.01,0,-0.03,FALSE,FALSE
"NATD1",0,0,0,0,FALSE,FALSE
"LINC02693",0,0,0,0,FALSE,FALSE
"LYRM9",0,0.03,0,-0.35,FALSE,FALSE
"VTN",0,0,0,0,FALSE,FALSE
"PROCA1",0,0,0,0,FALSE,FALSE
"TLCD1",0,0,0,0,FALSE,FALSE
"FAM222B",0,0,0,0,FALSE,FALSE
"PIPOX",0,0,0,0,FALSE,FALSE
"SEZ6",0,0,0,0,FALSE,FALSE
"TIAF1",0,0,0,0,FALSE,FALSE
"ABHD15",0,0.01,0,-0.08,FALSE,FALSE
"ANKRD13B",0,0,0,0.01,FALSE,FALSE
"SLC6A4",0,0,0,0,FALSE,FALSE
"TEFM",0,0.01,0,-0.11,FALSE,FALSE
"ADAP2",0,0.01,0,-0.11,FALSE,FALSE
"OMG",0,0,0,0,FALSE,FALSE
"RAB11FIP4",0,0.03,0,-0.33,FALSE,FALSE
"RHBDL3",0,0,0,0,FALSE,FALSE
"CDK5R1",0,0,0,0,FALSE,FALSE
"MYO1D",0,0.03,0,-0.37,FALSE,FALSE
"TMEM98",0,0.01,0,-0.11,FALSE,FALSE
"CCL11",0,0,0,0,FALSE,FALSE
"CCL8",0,0,0,0,FALSE,FALSE
"CCL13",0,0,0,0,FALSE,FALSE
"TMEM132E",0,0,0,0,FALSE,FALSE
"SLFN12",0,0,0,-0.04,FALSE,FALSE
"SLFN13",0,0,0,0,FALSE,FALSE
"SLFN14",0,0,0,0,FALSE,FALSE
"RASL10B",0,0,0,0,FALSE,FALSE
"MMP28",0,0.03,0,-0.31,FALSE,FALSE
"HEATR9",0,0,0,0,FALSE,FALSE
"RDM1",0,0,0,0,FALSE,FALSE
"CCL16",0,0,0,0,FALSE,FALSE
"CCL23",0,0,0,0,FALSE,FALSE
"CCL3",0,0,0,0,FALSE,FALSE
"CCL4",0,0.01,0,-0.03,FALSE,FALSE
"CCL4L2",0,0,0,0,FALSE,FALSE
"PIGW",0,0.01,0,-0.07,FALSE,FALSE
"DHRS11",0,0,0,0,FALSE,FALSE
"C17orf78",0,0,0,0,FALSE,FALSE
"SRCIN1",0,0,0,0,FALSE,FALSE
"EPOP",0,0,0,0,FALSE,FALSE
"PSMB3",0,0,0,0,FALSE,FALSE
"LINC00672",0,0,0,0,FALSE,FALSE
"FBXO47",0,0,0,0,FALSE,FALSE
"PPP1R1B",0,0,0,0,FALSE,FALSE
"TCAP",0,0,0,0,FALSE,FALSE
"PNMT",0,0,0,0,FALSE,FALSE
"GRB7",0,0,0,0,FALSE,FALSE
"ZPBP2",0,0,0,0,FALSE,FALSE
"LRRC3C",0,0,0,0,FALSE,FALSE
"GSDMA",0,0,0,0,FALSE,FALSE
"CSF3",0,0,0,0,FALSE,FALSE
"RAPGEFL1",0,0.01,0,-0.03,FALSE,FALSE
"GJD3",0,0.01,0,-0.16,FALSE,FALSE
"KRT24",0,0,0,0,FALSE,FALSE
"KRT27",0,0,0,0,FALSE,FALSE
"KRT12",0,0,0,0,FALSE,FALSE
"KRT20",0,0,0,0,FALSE,FALSE
"KRT23",0,0,0,0,FALSE,FALSE
"KRT39",0,0,0,0,FALSE,FALSE
"KRTAP1-5",0,0,0,0,FALSE,FALSE
"KRTAP1-3",0,0,0,0,FALSE,FALSE
"KRTAP1-1",0,0,0,0,FALSE,FALSE
"KRTAP4-6",0,0,0,0,FALSE,FALSE
"KRTAP4-5",0,0,0,0,FALSE,FALSE
"KRTAP9-3",0,0,0,0,FALSE,FALSE
"KRTAP29-1",0,0,0,0,FALSE,FALSE
"KRTAP16-1",0,0,0,0,FALSE,FALSE
"KRT33B",0,0,0,0,FALSE,FALSE
"KRT31",0,0,0,0,FALSE,FALSE
"KRT32",0,0,0,0,FALSE,FALSE
"KRT36",0,0,0,0,FALSE,FALSE
"KRT9",0,0,0,0,FALSE,FALSE
"KRT16",0,0,0,0,FALSE,FALSE
"GAST",0,0,0,0,FALSE,FALSE
"KLHL10",0,0,0,0,FALSE,FALSE
"TTC25",0,0,0,0,FALSE,FALSE
"ZNF385C",0,0,0,0,FALSE,FALSE
"C17orf113",0,0,0,0,FALSE,FALSE
"KAT2A",0,0,0,0.05,FALSE,FALSE
"KCNH4",0,0,0,0,FALSE,FALSE
"HSD17B1",0,0,0,0,FALSE,FALSE
"CCR10",0,0,0,0,FALSE,FALSE
"PSME3",0,0,0,0,FALSE,FALSE
"AOC2",0,0,0,0,FALSE,FALSE
"G6PC",0,0,0,0,FALSE,FALSE
"PTGES3L",0,0,0,0,FALSE,FALSE
"RND2",0,0,0,0,FALSE,FALSE
"ETV4",0,0,0,0,FALSE,FALSE
"MPP3",0,0,0,0,FALSE,FALSE
"MPP2",0,0,0,0,FALSE,FALSE
"NAGS",0,0,0,0,FALSE,FALSE
"HROB",0,0,0,0,FALSE,FALSE
"ASB16",0,0,0,0,FALSE,FALSE
"RUNDC3A",0,0,0,0,FALSE,FALSE
"FAM171A2",0,0,0,0,FALSE,FALSE
"ITGA2B",0,0,0,0,FALSE,FALSE
"FZD2",0,0,0,0,FALSE,FALSE
"MEIOC",0,0,0,0,FALSE,FALSE
"ADAM11",0,0,0,0,FALSE,FALSE
"KIF18B",0,0.01,0,-0.19,FALSE,FALSE
"PLCD3",0,0,0,0,FALSE,FALSE
"HEXIM2",0,0,0,0,FALSE,FALSE
"PLEKHM1",0,0,0,0,FALSE,FALSE
"CRHR1",0,0,0,0,FALSE,FALSE
"MAPT",0,0,0,0,FALSE,FALSE
"WNT3",0,0,0,0,FALSE,FALSE
"MYL4",0,0,0,0,FALSE,FALSE
"TBX21",0,0,0,0,FALSE,FALSE
"LRRC46",0,0,0,0,FALSE,FALSE
"SP6",0,0,0,0,FALSE,FALSE
"PRR15L",0,0,0,0,FALSE,FALSE
"HOXB2",0,0.01,0,-0.08,FALSE,FALSE
"HOXB3",0,0,0,0,FALSE,FALSE
"HOXB4",0,0.01,0,-0.12,FALSE,FALSE
"HOXB7",0,0,0,0,FALSE,FALSE
"HOXB8",0,0,0,0,FALSE,FALSE
"TTLL6",0,0,0,0,FALSE,FALSE
"GNGT2",0,0.01,0,-0.11,FALSE,FALSE
"ABI3",0,0.03,0,-0.28,FALSE,FALSE
"NXPH3",0,0.02,0,-0.18,FALSE,FALSE
"SAMD14",0,0,0,0,FALSE,FALSE
"COL1A1",0,5.84,0,-5.89,TRUE,FALSE
"TMEM92",0,0,0,0,FALSE,FALSE
"EME1",0,0,0,0,FALSE,FALSE
"CHAD",0,0,0,0,FALSE,FALSE
"MYCBPAP",0,0,0,0,FALSE,FALSE
"EPN3",0,0,0,0,FALSE,FALSE
"CACNA1G",0,0,0,0,FALSE,FALSE
"ABCC3",0,0.01,0,-0.03,FALSE,FALSE
"WFIKKN2",0,0,0,0,FALSE,FALSE
"MMD",0,0.01,0,-0.03,FALSE,FALSE
"PCTP",0,0.01,0,-0.07,FALSE,FALSE
"ANKFN1",0,0,0,0,FALSE,FALSE
"NOG",0,0,0,0,FALSE,FALSE
"EPX",0,0,0,0,FALSE,FALSE
"MKS1",0,0.03,0,-0.28,FALSE,FALSE
"MPO",0,0,0,0,FALSE,FALSE
"RNF43",0,0.02,0,-0.25,FALSE,FALSE
"HSF5",0,0,0,0,FALSE,FALSE
"TEX14",0,0,0,0,FALSE,FALSE
"PPM1E",0,0,0,0,FALSE,FALSE
"PRR11",0,0,0,0,FALSE,FALSE
"GDPD1",0,0,0,0,FALSE,FALSE
"CLTC",0,0.01,0,-0.11,FALSE,FALSE
"HEATR6",0,0.01,0,-0.11,FALSE,FALSE
"CA4",0,0,0,0,FALSE,FALSE
"PPM1D",0,0.02,0,-0.23,FALSE,FALSE
"EFCAB3",0,0,0,0,FALSE,FALSE
"CD79B",0,1.79,0,-4.24,TRUE,FALSE
"SCN4A",0,0,0,0,FALSE,FALSE
"PRR29",0,0,0,0,FALSE,FALSE
"ICAM2",0,1.72,0,-4.19,TRUE,FALSE
"PECAM1",0,7.64,0,-6.27,TRUE,FALSE
"MILR1",0,0,0,0,FALSE,FALSE
"LRRC37A3",0,0,0,0,FALSE,FALSE
"AXIN2",0,0.02,0,-0.23,FALSE,FALSE
"CACNG5",0,0,0,0,FALSE,FALSE
"CACNG1",0,0,0,0,FALSE,FALSE
"NOL11",0,0,0,0,FALSE,FALSE
"C17orf58",0,0.01,0,-0.16,FALSE,FALSE
"AMZ2",0,0,0,0,FALSE,FALSE
"ARSG",0,0,0,0.01,FALSE,FALSE
"SLC16A6",0,0,0,0,FALSE,FALSE
"WIPI1",0,0.01,0,-0.11,FALSE,FALSE
"KCNJ16",0,0,0,0,FALSE,FALSE
"SOX9",0,0,0,0,FALSE,FALSE
"SSTR2",0,0,0,0,FALSE,FALSE
"FAM104A",0,0,0,0,FALSE,FALSE
"CPSF4L",0,0,0,0,FALSE,FALSE
"SDK2",0,0,0,0.01,FALSE,FALSE
"DNAI2",0,0,0,0,FALSE,FALSE
"GPR142",0,0,0,0,FALSE,FALSE
"CD300C",0,0,0,0,FALSE,FALSE
"CD300E",0,0,0,0,FALSE,FALSE
"CD300LF",0,0,0,0,FALSE,FALSE
"TMEM104",0,0,0,0,FALSE,FALSE
"GRIN2C",0,0,0,0,FALSE,FALSE
"USH1G",0,0,0,0,FALSE,FALSE
"HID1",0,0.01,0,-0.19,FALSE,FALSE
"SLC16A5",0,0,0,0,FALSE,FALSE
"JPT1",0,0.01,0,-0.11,FALSE,FALSE
"SLC25A19",0,0,0,0,FALSE,FALSE
"TSEN54",0,0.01,0,-0.12,FALSE,FALSE
"LLGL2",0,0.02,0,-0.23,FALSE,FALSE
"SMIM5",0,0,0,0,FALSE,FALSE
"H3-3B",0,0.03,0,-0.28,FALSE,FALSE
"CDK3",0,0,0,0.01,FALSE,FALSE
"EVPL",0,0,0,0,FALSE,FALSE
"ZACN",0,0,0,0,FALSE,FALSE
"FOXJ1",0,0,0,0,FALSE,FALSE
"QRICH2",0,0,0,0,FALSE,FALSE
"RHBDF2",0,0.02,0,-0.21,FALSE,FALSE
"PRCD",0,0,0,0,FALSE,FALSE
"ST6GALNAC2",0,0,0,0,FALSE,FALSE
"ST6GALNAC1",0,0,0,0,FALSE,FALSE
"MGAT5B",0,0,0,0,FALSE,FALSE
"C17orf99",0,0,0,0,FALSE,FALSE
"TK1",0,0,0,-0.04,FALSE,FALSE
"BIRC5",0,0.01,0,-0.03,FALSE,FALSE
"TMEM235",0,0,0,0,FALSE,FALSE
"RBFOX3",0,0,0,0,FALSE,FALSE
"CBX2",0,0,0,0,FALSE,FALSE
"CBX8",0,0.01,0,-0.03,FALSE,FALSE
"CCDC40",0,0,0,0,FALSE,FALSE
"CARD14",0,0,0,0,FALSE,FALSE
"NPTX1",0,0,0,0,FALSE,FALSE
"AATK",0,0,0,0,FALSE,FALSE
"CEP131",0,0,0,0,FALSE,FALSE
"BAHCC1",0,0.02,0,-0.3,FALSE,FALSE
"TSPAN10",0,0,0,0,FALSE,FALSE
"PDE6G",0,0,0,0,FALSE,FALSE
"SLC25A10",0,0,0,0,FALSE,FALSE
"PPP1R27",0,0,0,0,FALSE,FALSE
"NPB",0,0,0,0,FALSE,FALSE
"MAFG",0,0.01,0,-0.11,FALSE,FALSE
"PYCR1",0,0,0,0,FALSE,FALSE
"LRRC45",0,0.02,0,-0.23,FALSE,FALSE
"RAC3",0,0,0,0,FALSE,FALSE
"CCDC57",0,0.01,0,-0.08,FALSE,FALSE
"SLC16A3",0,0.01,0,-0.08,FALSE,FALSE
"SECTM1",0,0,0,0,FALSE,FALSE
"FOXK2",0,0,0,0,FALSE,FALSE
"B3GNTL1",0,0.01,0,-0.14,FALSE,FALSE
"ADCYAP1",0,0,0,0,FALSE,FALSE
"MYL12A",0,0,0,0,FALSE,FALSE
"DLGAP1",0,0,0,0,FALSE,FALSE
"AKAIN1",0,0,0,0,FALSE,FALSE
"TMEM200C",0,0,0,0,FALSE,FALSE
"ARHGAP28",0,0.01,0,-0.16,FALSE,FALSE
"LAMA1",0,0,0,0,FALSE,FALSE
"LRRC30",0,0,0,0,FALSE,FALSE
"PIEZO2",0,0,0,0,FALSE,FALSE
"CEP76",0,0.01,0,-0.03,FALSE,FALSE
"MC5R",0,0,0,0,FALSE,FALSE
"GREB1L",0,0,0,0,FALSE,FALSE
"SNRPD1",0,0.01,0,-0.11,FALSE,FALSE
"GATA6",0,0,0,0,FALSE,FALSE
"TMEM241",0,0.01,0,-0.03,FALSE,FALSE
"CABYR",0,0,0,0,FALSE,FALSE
"OSBPL1A",0,0,0,0,FALSE,FALSE
"HRH4",0,0,0,0,FALSE,FALSE
"ZNF521",0,0.03,0,-0.31,FALSE,FALSE
"TAF4B",0,0,0,0,FALSE,FALSE
"AQP4",0,0,0,0,FALSE,FALSE
"CDH2",0,0,0,0.01,FALSE,FALSE
"DSC1",0,0,0,0,FALSE,FALSE
"DSG4",0,0,0,0,FALSE,FALSE
"GAREM1",0,0,0,0,FALSE,FALSE
"KLHL14",0,0,0,0,FALSE,FALSE
"CCDC178",0,0,0,0,FALSE,FALSE
"ASXL3",0,0,0,0,FALSE,FALSE
"NOL4",0,0,0,0,FALSE,FALSE
"ZNF396",0,0,0,0,FALSE,FALSE
"C18orf21",0,0,0,0,FALSE,FALSE
"MOCOS",0,0,0,0,FALSE,FALSE
"FHOD3",0,0,0,0.01,FALSE,FALSE
"SYT4",0,0,0,0,FALSE,FALSE
"SIGLEC15",0,0,0,0,FALSE,FALSE
"PSTPIP2",0,0.01,0,-0.14,FALSE,FALSE
"HAUS1",0,0,0,0,FALSE,FALSE
"RNF165",0,0.01,0,-0.19,FALSE,FALSE
"LOXHD1",0,0,0,0,FALSE,FALSE
"ZBTB7C",0,0,0,0,FALSE,FALSE
"CTIF",0,0.02,0,-0.18,FALSE,FALSE
"C18orf32",0,0,0,0.01,FALSE,FALSE
"LIPG",0,0,0,0,FALSE,FALSE
"MYO5B",0,0.01,0,-0.07,FALSE,FALSE
"CFAP53",0,0,0,0,FALSE,FALSE
"SKA1",0,0,0,0,FALSE,FALSE
"MRO",0,0,0,0,FALSE,FALSE
"ME2",0,0.03,0,-0.28,FALSE,FALSE
"DCC",0,0,0,0,FALSE,FALSE
"RAB27B",0,0.01,0,-0.12,FALSE,FALSE
"CCDC68",0,0,0,0,FALSE,FALSE
"WDR7",0,0,0,0,FALSE,FALSE
"ST8SIA3",0,0,0,0,FALSE,FALSE
"ONECUT2",0,0,0,0,FALSE,FALSE
"ALPK2",0,0,0,0,FALSE,FALSE
"CCBE1",0,0.01,0,-0.03,FALSE,FALSE
"MC4R",0,0,0,0,FALSE,FALSE
"CDH20",0,0,0,0,FALSE,FALSE
"TNFRSF11A",0,0,0,0,FALSE,FALSE
"SERPINB5",0,0.01,0,-0.14,FALSE,FALSE
"SERPINB12",0,0,0,0,FALSE,FALSE
"SERPINB13",0,0,0,0,FALSE,FALSE
"SERPINB4",0,0,0,0,FALSE,FALSE
"SERPINB11",0,0,0,0,FALSE,FALSE
"SERPINB3",0,0,0,0,FALSE,FALSE
"SERPINB7",0,0,0,0,FALSE,FALSE
"SERPINB2",0,0,0,0,FALSE,FALSE
"SERPINB10",0,0,0,0,FALSE,FALSE
"CDH7",0,0.01,0,-0.03,FALSE,FALSE
"CDH19",0,0,0,0,FALSE,FALSE
"TMX3",0,0.01,0,-0.14,FALSE,FALSE
"DOK6",0,0,0,0,FALSE,FALSE
"FBXO15",0,0,0,0,FALSE,FALSE
"C18orf63",0,0,0,0,FALSE,FALSE
"DIPK1C",0,0,0,0,FALSE,FALSE
"CNDP1",0,0,0,0,FALSE,FALSE
"AC090360.1",0,0,0,0,FALSE,FALSE
"ADNP2",0,0.03,0,-0.33,FALSE,FALSE
"C20orf96",0,0.01,0,-0.11,FALSE,FALSE
"SOX12",0,0.01,0,-0.14,FALSE,FALSE
"TRIB3",0,0.01,0,-0.14,FALSE,FALSE
"TCF15",0,0,0,0,FALSE,FALSE
"ANGPT4",0,0,0,0,FALSE,FALSE
"RSPO4",0,0,0,0,FALSE,FALSE
"TMEM74B",0,0,0,0,FALSE,FALSE
"C20orf202",0,0,0,0,FALSE,FALSE
"RAD21L1",0,0,0,0,FALSE,FALSE
"SNPH",0,0,0,0,FALSE,FALSE
"SDCBP2",0,0,0,0,FALSE,FALSE
"SIRPB2",0,0,0,0,FALSE,FALSE
"SIRPG",0,0.04,0,-0.41,FALSE,FALSE
"SIRPA",0,0,0,0,FALSE,FALSE
"PDYN",0,0,0,0,FALSE,FALSE
"TMC2",0,0,0,0,FALSE,FALSE
"EBF4",0,0,0,0,FALSE,FALSE
"CPXM1",0,0,0,0,FALSE,FALSE
"VPS16",0,0.02,0,-0.23,FALSE,FALSE
"LZTS3",0,0,0,0.05,FALSE,FALSE
"SLC4A11",0,0,0,0,FALSE,FALSE
"SIGLEC1",0,0.01,0,-0.16,TRUE,FALSE
"HSPA12B",0,0.02,0,-0.3,FALSE,FALSE
"C20orf27",0,0,0,0,FALSE,FALSE
"SPEF1",0,0,0,0,FALSE,FALSE
"PANK2",0,0.01,0,-0.07,FALSE,FALSE
"ADRA1D",0,0,0,0,FALSE,FALSE
"PRND",0,0,0,0,FALSE,FALSE
"LRRN4",0,0,0,0,FALSE,FALSE
"BMP2",0,0.01,0,-0.03,FALSE,FALSE
"LAMP5",0,0,0,0,FALSE,FALSE
"PAK5",0,0,0,0,FALSE,FALSE
"SNAP25",0,0,0,0,FALSE,FALSE
"SLX4IP",0,0.01,0,-0.11,FALSE,FALSE
"MACROD2",0,0,0,0,FALSE,FALSE
"SNRPB2",0,0,0,0,FALSE,FALSE
"OTOR",0,0,0,0,FALSE,FALSE
"PCSK2",0,0,0,0,FALSE,FALSE
"BFSP1",0,0,0,0,FALSE,FALSE
"KAT14",0,0.01,0,-0.12,FALSE,FALSE
"DZANK1",0,0,0,0,FALSE,FALSE
"SCP2D1",0,0,0,0,FALSE,FALSE
"CFAP61",0,0,0,0,FALSE,FALSE
"NKX2-2",0,0,0,0,FALSE,FALSE
"CST9L",0,0,0,0,FALSE,FALSE
"SYNDIG1",0,0,0,0,FALSE,FALSE
"GINS1",0,0.01,0,-0.08,FALSE,FALSE
"NANP",0,0,0,0,FALSE,FALSE
"DEFB115",0,0,0,0,FALSE,FALSE
"DEFB119",0,0,0,0,FALSE,FALSE
"DEFB121",0,0,0,0,FALSE,FALSE
"DEFB124",0,0,0,0,FALSE,FALSE
"REM1",0,0,0,0,FALSE,FALSE
"COX4I2",0,0,0,0.05,FALSE,FALSE
"MYLK2",0,0,0,0,FALSE,FALSE
"FOXS1",0,0,0,0,FALSE,FALSE
"DUSP15",0,0,0,0,FALSE,FALSE
"TTLL9",0,0,0,0,FALSE,FALSE
"HCK",0,0.01,0,-0.14,FALSE,FALSE
"DNMT3B",0,0,0,0,FALSE,FALSE
"EFCAB8",0,0,0,0,FALSE,FALSE
"ACTL10",0,0,0,0,FALSE,FALSE
"PXMP4",0,0.01,0,-0.12,FALSE,FALSE
"ZNF341",0,0.01,0,-0.07,FALSE,FALSE
"TP53INP2",0,0.01,0,-0.12,FALSE,FALSE
"MYH7B",0,0,0,0,FALSE,FALSE
"PROCR",0,0.01,0,-0.16,FALSE,FALSE
"MMP24",0,0,0,0,FALSE,FALSE
"GDF5",0,0,0,0,FALSE,FALSE
"SPAG4",0,0,0,0,FALSE,FALSE
"EPB41L1",0,0.01,0,-0.16,FALSE,FALSE
"SLA2",0,0.01,0,-0.03,FALSE,FALSE
"DSN1",0,0.03,0,-0.31,FALSE,FALSE
"TLDC2",0,0,0,0,FALSE,FALSE
"BPI",0,0,0,0,FALSE,FALSE
"ARHGAP40",0,0,0,0,FALSE,FALSE
"FAM83D",0,0,0,0,FALSE,FALSE
"DHX35",0,0.02,0,-0.25,FALSE,FALSE
"EMILIN3",0,0.02,0,-0.18,FALSE,FALSE
"SGK2",0,0,0,0,FALSE,FALSE
"JPH2",0,0,0,0,FALSE,FALSE
"CCN5",0,0.02,0,-0.25,FALSE,FALSE
"KCNK15",0,0,0,0,FALSE,FALSE
"RIMS4",0,0,0,0,FALSE,FALSE
"WFDC5",0,0,0,0,FALSE,FALSE
"SEMG1",0,0,0,0,FALSE,FALSE
"WFDC13",0,0,0,0,FALSE,FALSE
"WFDC3",0,0,0,0,FALSE,FALSE
"ACOT8",0,0.02,0,-0.25,FALSE,FALSE
"ZSWIM3",0,0,0,0,FALSE,FALSE
"ZSWIM1",0,0.02,0,-0.18,FALSE,FALSE
"MMP9",0,0.03,0,-0.28,FALSE,FALSE
"CDH22",0,0,0,0,FALSE,FALSE
"ZNF334",0,0.01,0,-0.08,FALSE,FALSE
"SLC13A3",0,0,0,0,FALSE,FALSE
"KCNB1",0,0,0,0,FALSE,FALSE
"SLC9A8",0,0.01,0,-0.11,FALSE,FALSE
"SPATA2",0,0,0,0,FALSE,FALSE
"SNAI1",0,0,0,0,FALSE,FALSE
"KCNG1",0,0,0,0,FALSE,FALSE
"SALL4",0,0,0,0,FALSE,FALSE
"ZFP64",0,0.01,0,-0.16,FALSE,FALSE
"CYP24A1",0,0,0,0,FALSE,FALSE
"PFDN4",0,0,0,0,FALSE,FALSE
"DOK5",0,0,0,0,FALSE,FALSE
"CBLN4",0,0,0,0,FALSE,FALSE
"MC3R",0,0,0,0,FALSE,FALSE
"AURKA",0,0,0,0,FALSE,FALSE
"CASS4",0,0,0,0,FALSE,FALSE
"TFAP2C",0,0,0,0,FALSE,FALSE
"BMP7",0,0.01,0,-0.11,FALSE,FALSE
"SPO11",0,0,0,0,FALSE,FALSE
"PCK1",0,0,0,0,FALSE,FALSE
"ZBP1",0,0.01,0,-0.07,FALSE,FALSE
"C20orf85",0,0,0,0,FALSE,FALSE
"RAB22A",0,0.02,0,-0.26,FALSE,FALSE
"APCDD1L",0,0,0,0,FALSE,FALSE
"ZNF831",0,0,0,0,FALSE,FALSE
"EDN3",0,0.01,0,-0.07,FALSE,FALSE
"PHACTR3",0,0,0,0,FALSE,FALSE
"CDH26",0,0.02,0,-0.18,FALSE,FALSE
"CDH4",0,0,0,0,FALSE,FALSE
"CABLES2",0,0.01,0,-0.03,FALSE,FALSE
"RBBP8NL",0,0,0,0,FALSE,FALSE
"SLCO4A1",0,0,0,0,FALSE,FALSE
"COL9A3",0,0.01,0,-0.12,FALSE,FALSE
"SLC17A9",0,0.01,0,-0.14,FALSE,FALSE
"BHLHE23",0,0,0,0,FALSE,FALSE
"YTHDF1",0,0.01,0,-0.14,FALSE,FALSE
"NKAIN4",0,0,0,0,FALSE,FALSE
"CHRNA4",0,0,0,0,FALSE,FALSE
"EEF1A2",0,0,0,0,FALSE,FALSE
"PTK6",0,0,0,0,FALSE,FALSE
"FNDC11",0,0,0,0,FALSE,FALSE
"HELZ2",0,0,0,-0.04,FALSE,FALSE
"GMEB2",0,0.01,0,-0.14,FALSE,FALSE
"TNFRSF6B",0,0,0,0,FALSE,FALSE
"SAMD10",0,0,0,0,FALSE,FALSE
"C20orf204",0,0,0,0,FALSE,FALSE
"RGS19",0,0.01,0,-0.03,FALSE,FALSE
"OPRL1",0,0,0,0,FALSE,FALSE
"MYT1",0,0,0,0,FALSE,FALSE
"PLPP2",0,0,0,-0.04,FALSE,FALSE
"C2CD4C",0,0,0,0,FALSE,FALSE
"ODF3L2",0,0,0,0,FALSE,FALSE
"MADCAM1",0,0,0,0,FALSE,FALSE
"HCN2",0,0,0,0,FALSE,FALSE
"FGF22",0,0,0,0,FALSE,FALSE
"PRSS57",0,0,0,0,FALSE,FALSE
"MISP",0,0,0,0,FALSE,FALSE
"PLPPR3",0,0,0,0,FALSE,FALSE
"AZU1",0,0,0,0,FALSE,FALSE
"PRTN3",0,0,0,0,FALSE,FALSE
"ELANE",0,0,0,0,FALSE,FALSE
"PCSK4",0,0,0,0,FALSE,FALSE
"REEP6",0,0,0,0,FALSE,FALSE
"ADAMTSL5",0,0,0,0,FALSE,FALSE
"ATP8B3",0,0,0,0,FALSE,FALSE
"KLF16",0,0,0,0,FALSE,FALSE
"AMH",0,0,0,0,FALSE,FALSE
"JSRP1",0,0,0,0,FALSE,FALSE
"PEAK3",0,0,0,0,FALSE,FALSE
"GNG7",0,0.01,0,-0.11,FALSE,FALSE
"ZNF555",0,0,0,0,FALSE,FALSE
"ZNF556",0,0,0,0,FALSE,FALSE
"ZNF57",0,0,0,0,FALSE,FALSE
"ZNF77",0,0,0,0,FALSE,FALSE
"TLE6",0,0,0,0,FALSE,FALSE
"CELF5",0,0,0,0,FALSE,FALSE
"SMIM24",0,0,0,0,FALSE,FALSE
"C19orf71",0,0,0,0,FALSE,FALSE
"GIPC3",0,0.01,0,-0.16,FALSE,FALSE
"TJP3",0,0,0,0,FALSE,FALSE
"CREB3L3",0,0,0,0,FALSE,FALSE
"EBI3",0,0,0,0,FALSE,FALSE
"TMIGD2",0,0,0,0,FALSE,FALSE
"FSD1",0,0,0,0,FALSE,FALSE
"MPND",0,0.01,0,-0.19,FALSE,FALSE
"PLIN5",0,0,0,0.05,FALSE,FALSE
"LRG1",0,0,0,0,FALSE,FALSE
"SEMA6B",0,0,0,0.01,FALSE,FALSE
"FEM1A",0,0.01,0,-0.19,FALSE,FALSE
"ARRDC5",0,0,0,0,FALSE,FALSE
"TINCR",0,0,0,0,FALSE,FALSE
"PRR22",0,0,0,0,FALSE,FALSE
"NRTN",0,0,0,0,FALSE,FALSE
"FUT5",0,0,0,0,FALSE,FALSE
"RFX2",0,0,0,0,FALSE,FALSE
"ACER1",0,0,0,0,FALSE,FALSE
"SLC25A41",0,0,0,0,FALSE,FALSE
"CRB3",0,0,0,0,FALSE,FALSE
"TNFSF9",0,0,0,0,FALSE,FALSE
"CD70",0,0,0,0,FALSE,FALSE
"TNFSF14",0,0,0,0,FALSE,FALSE
"SH2D3A",0,0.01,0,-0.19,FALSE,FALSE
"ADGRE1",0,0,0,0,FALSE,FALSE
"PEX11G",0,0.01,0,-0.08,FALSE,FALSE
"TEX45",0,0,0,0,FALSE,FALSE
"CAMSAP3",0,0,0,0,FALSE,FALSE
"PCP2",0,0,0,0,FALSE,FALSE
"FCER2",0,0,0,0,FALSE,FALSE
"CLEC4G",0,0,0,0,FALSE,FALSE
"CD209",0,0,0,0,FALSE,FALSE
"PRR36",0,0,0,0,FALSE,FALSE
"CTXN1",0,0,0,0,FALSE,FALSE
"FBN3",0,0.01,0,-0.14,FALSE,FALSE
"ANGPTL4",0,0.01,0,-0.07,FALSE,FALSE
"PRAM1",0,0,0,0,FALSE,FALSE
"OR2Z1",0,0,0,0,FALSE,FALSE
"ZNF558",0,0,0,0,FALSE,FALSE
"MUC16",0,0,0,0,FALSE,FALSE
"OR1M1",0,0,0,0,FALSE,FALSE
"OR7G2",0,0,0,0,FALSE,FALSE
"OR7G3",0,0,0,0,FALSE,FALSE
"ZNF177",0,0.01,0,-0.03,FALSE,FALSE
"ZNF266",0,0.01,0,-0.11,FALSE,FALSE
"ANGPTL6",0,0,0,0,FALSE,FALSE
"S1PR2",0,0,0,0.01,FALSE,FALSE
"ICAM4",0,0,0,0,FALSE,FALSE
"ICAM5",0,0,0,0,FALSE,FALSE
"ZGLP1",0,0.01,0,-0.12,FALSE,FALSE
"PDE4A",0,0,0,0,FALSE,FALSE
"S1PR5",0,0,0,0,FALSE,FALSE
"AP1M2",0,0,0,0,FALSE,FALSE
"C19orf38",0,0,0,0,FALSE,FALSE
"TIMM29",0,0.01,0,-0.11,FALSE,FALSE
"RAB3D",0,0.01,0,-0.12,FALSE,FALSE
"SWSAP1",0,0.01,0,-0.07,FALSE,FALSE
"RGL3",0,0,0,0,FALSE,FALSE
"ZNF653",0,0.01,0,-0.08,FALSE,FALSE
"ZNF491",0,0,0,0,FALSE,FALSE
"ZNF69",0,0,0,0,FALSE,FALSE
"ZNF700",0,0,0,0,FALSE,FALSE
"ZNF763",0,0,0,0,FALSE,FALSE
"ZNF433",0,0,0,0,FALSE,FALSE
"ZNF844",0,0,0,0,FALSE,FALSE
"ZNF20",0,0,0,0,FALSE,FALSE
"ZNF442",0,0,0,0,FALSE,FALSE
"ZNF799",0,0.02,0,-0.21,FALSE,FALSE
"FBXW9",0,0.01,0,-0.03,FALSE,FALSE
"THSD8",0,0,0,0,FALSE,FALSE
"RNASEH2A",0,0,0,0,FALSE,FALSE
"MAST1",0,0,0,0,FALSE,FALSE
"KLF1",0,0,0,0,FALSE,FALSE
"GCDH",0,0.01,0,-0.14,FALSE,FALSE
"ZSWIM4",0,0,0,0,FALSE,FALSE
"BRME1",0,0,0,0,FALSE,FALSE
"PALM3",0,0,0,0,FALSE,FALSE
"C19orf67",0,0,0,0,FALSE,FALSE
"ADGRL1",0,0,0,0.01,FALSE,FALSE
"PTGER1",0,0,0,0,FALSE,FALSE
"CLEC17A",0,0,0,0,FALSE,FALSE
"ADGRE3",0,0,0,0,FALSE,FALSE
"ADGRE2",0,0,0,0,FALSE,FALSE
"OR7A5",0,0,0,0,FALSE,FALSE
"OR7A17",0,0,0,0,FALSE,FALSE
"OR7C2",0,0,0,0,FALSE,FALSE
"CASP14",0,0,0,0,FALSE,FALSE
"SYDE1",0,0.01,0,-0.19,FALSE,FALSE
"EPHX3",0,0,0,0,FALSE,FALSE
"PGLYRP2",0,0,0,0,FALSE,FALSE
"CYP4F22",0,0,0,0,FALSE,FALSE
"CYP4F8",0,0,0,0,FALSE,FALSE
"CYP4F12",0,0,0,0,FALSE,FALSE
"MED26",0,0.01,0,-0.14,FALSE,FALSE
"TMEM38A",0,0.02,0,-0.18,FALSE,FALSE
"NWD1",0,0,0,0,FALSE,FALSE
"F2RL3",0,0,0,0,FALSE,FALSE
"CPAMD8",0,0,0,0,FALSE,FALSE
"HAUS8",0,0.01,0,-0.19,FALSE,FALSE
"USHBP1",0,0,0,0,FALSE,FALSE
"ANKLE1",0,0,0,0,FALSE,FALSE
"GTPBP3",0,0.01,0,-0.11,FALSE,FALSE
"PLVAP",0,3.62,0,-5.22,TRUE,FALSE
"CCDC194",0,0.01,0,-0.19,FALSE,FALSE
"SLC27A1",0,0.01,0,-0.16,FALSE,FALSE
"UNC13A",0,0,0,0,FALSE,FALSE
"B3GNT3",0,0,0,0,FALSE,FALSE
"INSL3",0,0,0,0,FALSE,FALSE
"SLC5A5",0,0,0,0,FALSE,FALSE
"KCNN1",0,0,0,0,FALSE,FALSE
"IL12RB1",0,0.01,0,-0.12,FALSE,FALSE
"MAST3",0,0.01,0,-0.12,FALSE,FALSE
"MPV17L2",0,0,0,0,FALSE,FALSE
"RAB3A",0,0,0,0,FALSE,FALSE
"PDE4C",0,0,0,0,FALSE,FALSE
"IQCN",0,0,0,0,FALSE,FALSE
"GDF15",0,0,0,0,FALSE,FALSE
"LRRC25",0,0,0,0,FALSE,FALSE
"SSBP4",0,0.01,0,-0.07,FALSE,FALSE
"CRLF1",0,0,0,0,FALSE,FALSE
"TMEM59L",0,0,0,0,FALSE,FALSE
"COMP",0,0,0,0,FALSE,FALSE
"HAPLN4",0,0,0,0,FALSE,FALSE
"SUGP1",0,0,0,0,FALSE,FALSE
"TSSK6",0,0,0,0,FALSE,FALSE
"YJEFN3",0,0,0,0,FALSE,FALSE
"CILP2",0,0,0,0,FALSE,FALSE
"LPAR2",0,0,0,0,FALSE,FALSE
"ZNF14",0,0,0,0,FALSE,FALSE
"ZNF253",0,0,0,0,FALSE,FALSE
"ZNF682",0,0,0,0,FALSE,FALSE
"ZNF90",0,0,0,0,FALSE,FALSE
"ZNF486",0,0,0,0,FALSE,FALSE
"ZNF66",0,0,0,0,FALSE,FALSE
"ZNF430",0,0,0,0,FALSE,FALSE
"ZNF431",0,0,0,0,FALSE,FALSE
"ZNF43",0,0.01,0,-0.08,FALSE,FALSE
"ZNF257",0,0,0,0,FALSE,FALSE
"ZNF676",0,0,0,0,FALSE,FALSE
"ZNF98",0,0,0,0,FALSE,FALSE
"ZNF492",0,0,0,0,FALSE,FALSE
"ZNF728",0,0,0,0,FALSE,FALSE
"ZNF730",0,0,0,0,FALSE,FALSE
"ZNF724",0,0,0,0,FALSE,FALSE
"ZNF681",0,0,0,0,FALSE,FALSE
"UQCRFS1",0,0,0,0,FALSE,FALSE
"CCNE1",0,0,0,0,FALSE,FALSE
"RGS9BP",0,0,0,0,FALSE,FALSE
"TDRD12",0,0,0,0,FALSE,FALSE
"FAAP24",0,0,0,0,FALSE,FALSE
"LRP3",0,0.01,0,-0.14,FALSE,FALSE
"CEBPA",0,0,0,0,FALSE,FALSE
"CHST8",0,0,0,0,FALSE,FALSE
"KCTD15",0,0.01,0,-0.07,FALSE,FALSE
"ZNF302",0,0.01,0,-0.11,FALSE,FALSE
"ZNF181",0,0.01,0,-0.07,FALSE,FALSE
"ZNF30",0,0.02,0,-0.23,FALSE,FALSE
"ZNF792",0,0,0,0,FALSE,FALSE
"FXYD7",0,0,0,0,FALSE,FALSE
"CD22",0,0.01,0,-0.07,FALSE,FALSE
"KRTDAP",0,0,0,0,FALSE,FALSE
"DMKN",0,0.03,0,-0.28,FALSE,FALSE
"SBSN",0,0,0,0,FALSE,FALSE
"PMIS2",0,0,0,0,FALSE,FALSE
"ETV2",0,0,0,0,FALSE,FALSE
"ZBTB32",0,0,0,0,FALSE,FALSE
"LIN37",0,0.01,0,-0.07,FALSE,FALSE
"NPHS1",0,0,0,0,FALSE,FALSE
"KIRREL2",0,0,0,0,FALSE,FALSE
"APLP1",0,0,0,0,FALSE,FALSE
"HCST",0,0.03,0,-0.35,FALSE,FALSE
"CLIP3",0,0,0,0,FALSE,FALSE
"THAP8",0,0.01,0,-0.03,FALSE,FALSE
"ZNF565",0,0,0,0,FALSE,FALSE
"ZFP14",0,0.01,0,-0.16,FALSE,FALSE
"ZNF260",0,0.01,0,-0.03,FALSE,FALSE
"ZNF529",0,0,0,0,FALSE,FALSE
"ZNF382",0,0,0,0,FALSE,FALSE
"ZNF461",0,0,0,0,FALSE,FALSE
"ZNF567",0,0,0,0.01,FALSE,FALSE
"ZNF790",0,0,0,0,FALSE,FALSE
"ZNF345",0,0.01,0,-0.19,FALSE,FALSE
"ZNF829",0,0,0,0,FALSE,FALSE
"ZNF420",0,0,0,0,FALSE,FALSE
"ZNF875",0,0,0,0,FALSE,FALSE
"ZNF569",0,0,0,0.01,FALSE,FALSE
"ZNF570",0,0,0,0.01,FALSE,FALSE
"ZNF793",0,0.01,0,-0.03,FALSE,FALSE
"ZNF781",0,0,0,0,FALSE,FALSE
"ZNF607",0,0,0,0,FALSE,FALSE
"KCNK6",0,0,0,0,FALSE,FALSE
"CATSPERG",0,0.01,0,-0.19,FALSE,FALSE
"SPRED3",0,0,0,0,FALSE,FALSE
"RASGRP4",0,0,0,0,FALSE,FALSE
"RYR1",0,0,0,0,FALSE,FALSE
"CAPN12",0,0.01,0,-0.08,FALSE,FALSE
"LGALS4",0,0,0,0,FALSE,FALSE
"NFKBIB",0,0.01,0,-0.16,FALSE,FALSE
"SARS2",0,0.01,0,-0.07,FALSE,FALSE
"FBXO27",0,0.01,0,-0.11,FALSE,FALSE
"LRFN1",0,0,0,0,FALSE,FALSE
"EID2B",0,0,0,0,FALSE,FALSE
"ZNF780B",0,0,0,0,FALSE,FALSE
"PRX",0,0,0,0,FALSE,FALSE
"SPTBN4",0,0,0,0,FALSE,FALSE
"C19orf54",0,0.01,0,-0.08,FALSE,FALSE
"MIA",0,0,0,0,FALSE,FALSE
"CYP2S1",0,0,0,0,FALSE,FALSE
"B9D2",0,0.01,0,-0.03,FALSE,FALSE
"B3GNT8",0,0,0,0,FALSE,FALSE
"CEACAM21",0,0,0,0,FALSE,FALSE
"CEACAM5",0,0,0,0,FALSE,FALSE
"CEACAM6",0,0,0,0,FALSE,FALSE
"CD79A",0,3.11,0,-5.01,TRUE,FALSE
"ERFL",0,0,0,0,FALSE,FALSE
"ATP1A3",0,0,0,0,FALSE,FALSE
"GRIK5",0,0,0,0,FALSE,FALSE
"TMEM145",0,0,0,0,FALSE,FALSE
"CNFN",0,0,0,0,FALSE,FALSE
"LIPE",0,0,0,0.05,FALSE,FALSE
"CXCL17",0,0,0,0,FALSE,FALSE
"CEACAM1",0,0,0,0,FALSE,FALSE
"CD177",0,0,0,0,FALSE,FALSE
"TEX101",0,0,0,0,FALSE,FALSE
"PHLDB3",0,0.01,0,-0.11,FALSE,FALSE
"ZNF575",0,0,0,0,FALSE,FALSE
"SRRM5",0,0,0,0,FALSE,FALSE
"LYPD5",0,0,0,0,FALSE,FALSE
"ZNF404",0,0,0,0,FALSE,FALSE
"ZNF45",0,0,0,0,FALSE,FALSE
"ZNF221",0,0,0,0,FALSE,FALSE
"ZNF155",0,0,0,0,FALSE,FALSE
"ZNF230",0,0,0,0,FALSE,FALSE
"ZNF222",0,0,0,0,FALSE,FALSE
"ZNF223",0,0.02,0,-0.18,FALSE,FALSE
"ZNF284",0,0,0,0,FALSE,FALSE
"ZNF225",0,0,0,0,FALSE,FALSE
"ZNF234",0,0.03,0,-0.37,FALSE,FALSE
"ZNF112",0,0,0,0,FALSE,FALSE
"ZNF285",0,0,0,0,FALSE,FALSE
"ZNF229",0,0,0,0,FALSE,FALSE
"CEACAM19",0,0,0,0,FALSE,FALSE
"CEACAM16",0,0,0,0,FALSE,FALSE
"CBLC",0,0,0,0,FALSE,FALSE
"APOC1",0,0,0,0,FALSE,FALSE
"APOC2",0,0,0,0,FALSE,FALSE
"ZNF296",0,0,0,0,FALSE,FALSE
"GEMIN7",0,0.03,0,-0.28,FALSE,FALSE
"MARK4",0,0.02,0,-0.23,FALSE,FALSE
"NKPD1",0,0,0,0,FALSE,FALSE
"EXOC3L2",0,0.01,0,-0.14,FALSE,FALSE
"CKM",0,0,0,0,FALSE,FALSE
"KLC3",0,0,0,0,FALSE,FALSE
"POLR1G",0,0,0,0,FALSE,FALSE
"RTN2",0,0.01,0,-0.11,FALSE,FALSE
"OPA3",0,0.01,0,-0.11,FALSE,FALSE
"GPR4",0,0,0,0,FALSE,FALSE
"GIPR",0,0,0,0,FALSE,FALSE
"NOVA2",0,0.02,0,-0.3,FALSE,FALSE
"PGLYRP1",0,0,0,0,FALSE,FALSE
"IGFL2",0,0.01,0,-0.03,FALSE,FALSE
"PNMA8C",0,0,0,0,FALSE,FALSE
"PPP5D1",0,0,0,0,FALSE,FALSE
"GNG8",0,0,0,0,FALSE,FALSE
"C5AR1",0,0,0,0,FALSE,FALSE
"C5AR2",0,0,0,0,FALSE,FALSE
"MEIS3",0,0,0,0,FALSE,FALSE
"SLC8A2",0,0,0,0,FALSE,FALSE
"ZNF114",0,0,0,0,FALSE,FALSE
"CCDC114",0,0,0,0,FALSE,FALSE
"KCNJ14",0,0,0,0,FALSE,FALSE
"LMTK3",0,0,0,0,FALSE,FALSE
"SULT2B1",0,0,0,0,FALSE,FALSE
"FAM83E",0,0,0,0,FALSE,FALSE
"MAMSTR",0,0,0,0,FALSE,FALSE
"FUT1",0,0,0,0,FALSE,FALSE
"PLEKHA4",0,0.01,0,-0.07,FALSE,FALSE
"DHDH",0,0,0,0,FALSE,FALSE
"RUVBL2",0,0.06,0,-0.63,FALSE,FALSE
"C19orf73",0,0,0,0,FALSE,FALSE
"PPFIA3",0,0,0,0,FALSE,FALSE
"HRC",0,0,0,0,FALSE,FALSE
"SLC6A16",0,0,0,0,FALSE,FALSE
"TEAD2",0,0.01,0,-0.11,FALSE,FALSE
"BCL2L12",0,0.02,0,-0.18,FALSE,FALSE
"ADM5",0,0.02,0,-0.18,FALSE,FALSE
"CPT1C",0,0,0,0,FALSE,FALSE
"TSKS",0,0,0,0,FALSE,FALSE
"IL4I1",0,0,0,0,FALSE,FALSE
"SIGLEC11",0,0,0,0,FALSE,FALSE
"KCNC3",0,0,0,0,FALSE,FALSE
"MYBPC2",0,0,0,0,FALSE,FALSE
"FAM71E1",0,0,0,0,FALSE,FALSE
"CLEC11A",0,0.01,0,-0.14,FALSE,FALSE
"KLK1",0,0,0,0,FALSE,FALSE
"KLK5",0,0,0,0,FALSE,FALSE
"KLK8",0,0,0,0,FALSE,FALSE
"KLK10",0,0,0,0,FALSE,FALSE
"KLK12",0,0,0,0,FALSE,FALSE
"KLK13",0,0,0,0,FALSE,FALSE
"CTU1",0,0,0,0,FALSE,FALSE
"SIGLEC9",0,0,0,0,FALSE,FALSE
"CD33",0,0,0,0,FALSE,FALSE
"VSIG10L",0,0,0,0,FALSE,FALSE
"SIGLEC10",0,0,0,0,FALSE,FALSE
"SIGLEC8",0,0,0,0,FALSE,FALSE
"SIGLEC6",0,0,0,0,FALSE,FALSE
"SIGLEC5",0,0,0,0,FALSE,FALSE
"SIGLEC14",0,0,0,0,FALSE,FALSE
"SPACA6",0,0.01,0,-0.14,FALSE,FALSE
"HAS1",0,0,0,0,FALSE,FALSE
"FPR1",0,0,0,0,FALSE,FALSE
"FPR2",0,0,0,0,FALSE,FALSE
"ZNF613",0,0,0,0.05,FALSE,FALSE
"ZNF614",0,0.02,0,-0.18,FALSE,FALSE
"ZNF432",0,0.01,0,-0.16,FALSE,FALSE
"ZNF836",0,0,0,0,FALSE,FALSE
"PPP2R1A",0,0,0,0.01,FALSE,FALSE
"ZNF480",0,0,0,0,FALSE,FALSE
"ZNF610",0,0,0,0,FALSE,FALSE
"ZNF578",0,0,0,0,FALSE,FALSE
"ZNF808",0,0,0,0,FALSE,FALSE
"ZNF888",0,0,0,0,FALSE,FALSE
"ERVV-1",0,0,0,0,FALSE,FALSE
"ZNF347",0,0.03,0,-0.28,FALSE,FALSE
"ZNF665",0,0,0,0,FALSE,FALSE
"ZNF765",0,0,0,0,FALSE,FALSE
"ZNF813",0,0,0,0,FALSE,FALSE
"PRKCG",0,0,0,0,FALSE,FALSE
"CACNG7",0,0,0,0,FALSE,FALSE
"VSTM1",0,0,0,0,FALSE,FALSE
"OSCAR",0,0,0,0,FALSE,FALSE
"LENG1",0,0.01,0,-0.12,FALSE,FALSE
"LILRB2",0,0,0,0,FALSE,FALSE
"TTYH1",0,0,0,0,FALSE,FALSE
"LENG9",0,0,0,0,FALSE,FALSE
"LAIR2",0,0,0,0,FALSE,FALSE
"LILRA2",0,0,0,0,FALSE,FALSE
"LILRA1",0,0,0,0,FALSE,FALSE
"LILRB1",0,0,0,0,FALSE,FALSE
"FCAR",0,0,0,0,FALSE,FALSE
"NCR1",0,0,0,0,FALSE,FALSE
"NLRP2",0,0,0,0,FALSE,FALSE
"EPS8L1",0,0,0,0,FALSE,FALSE
"TNNT1",0,0,0,0.05,FALSE,FALSE
"DNAAF3",0,0,0,0,FALSE,FALSE
"SYT5",0,0,0,0,FALSE,FALSE
"PTPRH",0,0,0,0,FALSE,FALSE
"TMEM86B",0,0,0,0,FALSE,FALSE
"BRSK1",0,0.01,0,-0.07,FALSE,FALSE
"IL11",0,0,0,0,FALSE,FALSE
"TMEM190",0,0,0,0,FALSE,FALSE
"ZNF628",0,0,0,0,FALSE,FALSE
"SBK3",0,0,0,0,FALSE,FALSE
"FIZ1",0,0,0,0,FALSE,FALSE
"NLRP11",0,0,0,0,FALSE,FALSE
"NLRP13",0,0,0,0,FALSE,FALSE
"ZSCAN5A",0,0,0,0,FALSE,FALSE
"EDDM13",0,0,0,0,FALSE,FALSE
"ZNF582",0,0,0,0,FALSE,FALSE
"ZNF667",0,0,0,0,FALSE,FALSE
"ZNF470",0,0,0,0.01,FALSE,FALSE
"ZNF71",0,0.01,0,-0.12,FALSE,FALSE
"SMIM17",0,0,0,0,FALSE,FALSE
"ZNF835",0,0,0,0,FALSE,FALSE
"ZIM2",0,0,0,0,FALSE,FALSE
"USP29",0,0,0,0,FALSE,FALSE
"AURKC",0,0,0,0,FALSE,FALSE
"ZNF304",0,0,0,0.01,FALSE,FALSE
"ZNF547",0,0,0,0,FALSE,FALSE
"ZNF17",0,0,0,-0.04,FALSE,FALSE
"VN1R1",0,0,0,0,FALSE,FALSE
"ZNF772",0,0.03,0,-0.4,FALSE,FALSE
"ZNF419",0,0,0,0,FALSE,FALSE
"ZNF773",0,0,0,0,FALSE,FALSE
"ZNF530",0,0,0,0,FALSE,FALSE
"ZSCAN4",0,0,0,0,FALSE,FALSE
"ZNF552",0,0.01,0,-0.11,FALSE,FALSE
"ZNF587",0,0,0,0,FALSE,FALSE
"C19orf18",0,0,0,0,FALSE,FALSE
"ZSCAN1",0,0,0,0,FALSE,FALSE
"ZNF135",0,0,0,0,FALSE,FALSE
"ZNF8",0,0.01,0,-0.03,FALSE,FALSE
"ERVK3-1",0,0,0,0,FALSE,FALSE
"ZNF497",0,0,0,0,FALSE,FALSE
"ZNF837",0,0,0,0,FALSE,FALSE
"ZNF132",0,0,0,0,FALSE,FALSE
"ZNF324B",0,0,0,0,FALSE,FALSE
"ZNF446",0,0.01,0,-0.19,FALSE,FALSE
"SLC27A5",0,0.01,0,-0.16,FALSE,FALSE
"TRIM28",0,0.02,0,-0.18,FALSE,FALSE
"SRY",0,0,0,0,FALSE,FALSE
"ZFY",0,0,0,0.05,FALSE,FALSE
"PRKY",0,0,0,0,FALSE,FALSE
"TMSB4Y",0,0,0,0,FALSE,FALSE
"NLGN4Y",0,0,0,0,FALSE,FALSE
"CECR2",0,0,0,0,FALSE,FALSE
"ESS2",0,0.02,0,-0.25,FALSE,FALSE
"TSSK2",0,0,0,0,FALSE,FALSE
"CDC45",0,0.01,0,-0.03,FALSE,FALSE
"TBX1",0,0,0,0,FALSE,FALSE
"GNB1L",0,0.01,0,-0.16,FALSE,FALSE
"CCDC188",0,0,0,0,FALSE,FALSE
"RTN4R",0,0,0,0,FALSE,FALSE
"ZNF74",0,0,0,0,FALSE,FALSE
"SERPIND1",0,0,0,0,FALSE,FALSE
"AIFM3",0,0,0,0,FALSE,FALSE
"THAP7",0,0.03,0,-0.43,FALSE,FALSE
"SLC7A4",0,0,0,0,FALSE,FALSE
"LRRC74B",0,0,0,0,FALSE,FALSE
"YPEL1",0,0,0,0,FALSE,FALSE
"ZNF280B",0,0,0,0,FALSE,FALSE
"ZNF280A",0,0,0,0,FALSE,FALSE
"PRAME",0,0,0,0,FALSE,FALSE
"IGLC7",0,0,0,0,FALSE,FALSE
"RSPH14",0,0,0,0,FALSE,FALSE
"GNAZ",0,0,0,0,FALSE,FALSE
"RAB36",0,0,0,0,FALSE,FALSE
"IGLL1",0,0,0,0,FALSE,FALSE
"DRICH1",0,0,0,0,FALSE,FALSE
"RGL4",0,0,0,0,FALSE,FALSE
"VPREB3",0,0,0,0,FALSE,FALSE
"C22orf15",0,0,0,0,FALSE,FALSE
"MMP11",0,0,0,0,FALSE,FALSE
"GSTT2B",0,0,0,0,FALSE,FALSE
"SUSD2",0,0.02,0,-0.18,FALSE,FALSE
"UPB1",0,0,0,0,FALSE,FALSE
"SNRPD3",0,0,0,0,FALSE,FALSE
"AP000356.5",0,0,0,0,FALSE,FALSE
"PIWIL3",0,0,0,0,FALSE,FALSE
"SGSM1",0,0,0,0,FALSE,FALSE
"CRYBB3",0,0,0,0,FALSE,FALSE
"LRP5L",0,0,0,0,FALSE,FALSE
"MYO18B",0,0,0,0,FALSE,FALSE
"SEZ6L",0,0,0,0,FALSE,FALSE
"ASPHD2",0,0,0,0,FALSE,FALSE
"CRYBB1",0,0,0,0,FALSE,FALSE
"MN1",0,0.01,0,-0.14,FALSE,FALSE
"C22orf31",0,0,0,0,FALSE,FALSE
"RHBDD3",0,0,0,0,FALSE,FALSE
"GAS2L1",0,0,0,0,FALSE,FALSE
"RASL10A",0,0,0,0,FALSE,FALSE
"NEFH",0,0,0,0,FALSE,FALSE
"HORMAD2",0,0,0,0,FALSE,FALSE
"LIF",0,0,0,0,FALSE,FALSE
"OSM",0,0,0,0,FALSE,FALSE
"CCDC157",0,0,0,0,FALSE,FALSE
"RNF215",0,0,0,-0.04,FALSE,FALSE
"SEC14L2",0,0,0,0,FALSE,FALSE
"MTFP1",0,0.01,0,-0.03,FALSE,FALSE
"SEC14L6",0,0,0,0,FALSE,FALSE
"GAL3ST1",0,0,0,0,FALSE,FALSE
"SLC35E4",0,0,0,0,FALSE,FALSE
"DUSP18",0,0,0,0,FALSE,FALSE
"OSBP2",0,0,0,0,FALSE,FALSE
"INPP5J",0,0,0,0,FALSE,FALSE
"SLC5A4",0,0,0,0,FALSE,FALSE
"BPIFC",0,0,0,0,FALSE,FALSE
"SYN3",0,0,0,0,FALSE,FALSE
"TOM1",0,0.02,0,-0.25,FALSE,FALSE
"RASD2",0,0,0,0.01,FALSE,FALSE
"MB",0,0,0,0,FALSE,FALSE
"APOL4",0,0.02,0,-0.23,FALSE,FALSE
"PVALB",0,0,0,0,FALSE,FALSE
"CSF2RB",0,0.01,0,-0.11,FALSE,FALSE
"TMPRSS6",0,0,0,0,FALSE,FALSE
"SSTR3",0,0,0,0,FALSE,FALSE
"ELFN2",0,0,0,0,FALSE,FALSE
"MFNG",0,0.04,0,-0.44,FALSE,FALSE
"CARD10",0,0.03,0,-0.28,FALSE,FALSE
"LGALS2",0,0,0,0,FALSE,FALSE
"PDXP",0,0.02,0,-0.23,FALSE,FALSE
"GCAT",0,0,0,0,FALSE,FALSE
"MICALL1",0,0.01,0,-0.12,FALSE,FALSE
"C22orf23",0,0,0,0,FALSE,FALSE
"SOX10",0,0,0,0,FALSE,FALSE
"SLC16A8",0,0,0,0,FALSE,FALSE
"BAIAP2L2",0,0,0,0,FALSE,FALSE
"MAFF",0,0.02,0,-0.21,FALSE,FALSE
"KDELR3",0,0.01,0,-0.19,FALSE,FALSE
"DMC1",0,0,0,0,FALSE,FALSE
"FAM227A",0,0,0,0,FALSE,FALSE
"TOMM22",0,0.02,0,-0.21,FALSE,FALSE
"NPTXR",0,0.01,0,-0.07,FALSE,FALSE
"APOBEC3A",0,0,0,0,FALSE,FALSE
"APOBEC3H",0,0,0,0,FALSE,FALSE
"PDGFB",0,0.04,0,-0.49,FALSE,FALSE
"MIEF1",0,0.01,0,-0.07,FALSE,FALSE
"ENTHD1",0,0,0,0,FALSE,FALSE
"XPNPEP3",0,0,0,0,FALSE,FALSE
"CHADL",0,0,0,0,FALSE,FALSE
"CSDC2",0,0,0,0,FALSE,FALSE
"MEI1",0,0,0,0,FALSE,FALSE
"SHISA8",0,0,0,0,FALSE,FALSE
"SEPTIN3",0,0,0,0,FALSE,FALSE
"WBP2NL",0,0,0,0,FALSE,FALSE
"NAGA",0,0.01,0,-0.11,FALSE,FALSE
"PHETA2",0,0,0,0,FALSE,FALSE
"NDUFA6",0,0.02,0,-0.3,FALSE,FALSE
"NFAM1",0,0,0,0,FALSE,FALSE
"SERHL2",0,0,0,0,FALSE,FALSE
"ATP5MGL",0,0,0,0,FALSE,FALSE
"BIK",0,0,0,0,FALSE,FALSE
"MCAT",0,0.01,0,-0.07,FALSE,FALSE
"TTLL12",0,0.03,0,-0.38,FALSE,FALSE
"SCUBE1",0,0,0,0,FALSE,FALSE
"EFCAB6",0,0.02,0,-0.21,FALSE,FALSE
"SULT4A1",0,0,0,0,FALSE,FALSE
"PNPLA3",0,0,0,0,FALSE,FALSE
"SHISAL1",0,0,0,0,FALSE,FALSE
"PRR5",0,0,0,0,FALSE,FALSE
"ARHGAP8",0,0,0,0,FALSE,FALSE
"PHF21B",0,0,0,0,FALSE,FALSE
"UPK3A",0,0,0,0,FALSE,FALSE
"FAM118A",0,0.01,0,-0.11,FALSE,FALSE
"SMC1B",0,0,0,0,FALSE,FALSE
"RIBC2",0,0,0,0,FALSE,FALSE
"WNT7B",0,0.01,0,-0.12,FALSE,FALSE
"CDPF1",0,0.03,0,-0.31,FALSE,FALSE
"PKDREJ",0,0,0,0,FALSE,FALSE
"TTC38",0,0,0,0,FALSE,FALSE
"TAFA5",0,0,0,0,FALSE,FALSE
"IL17REL",0,0,0,0,FALSE,FALSE
"MLC1",0,0,0,0,FALSE,FALSE
"PANX2",0,0,0,0,FALSE,FALSE
"MAPK12",0,0.02,0,-0.18,FALSE,FALSE
"MAPK11",0,0.02,0,-0.3,FALSE,FALSE
"ADM2",0,0,0,0,FALSE,FALSE
"SYCE3",0,0,0,0,FALSE,FALSE
"CPT1B",0,0,0,0,FALSE,FALSE
"MAPK8IP2",0,0,0,0.01,FALSE,FALSE
"TPTE",0,0,0,0,FALSE,FALSE
"LIPI",0,0,0,0,FALSE,FALSE
"RBM11",0,0,0,0,FALSE,FALSE
"CXADR",0,0,0,-0.04,FALSE,FALSE
"CHODL",0,0,0,0,FALSE,FALSE
"NCAM2",0,0,0,0,FALSE,FALSE
"ATP5PF",0,0.02,0,-0.25,FALSE,FALSE
"MAP3K7CL",0,0,0,0,FALSE,FALSE
"GRIK1",0,0,0,0,FALSE,FALSE
"CLDN8",0,0,0,0,FALSE,FALSE
"KRTAP25-1",0,0,0,0,FALSE,FALSE
"KRTAP27-1",0,0,0,0,FALSE,FALSE
"KRTAP13-4",0,0,0,0,FALSE,FALSE
"KRTAP19-1",0,0,0,0,FALSE,FALSE
"KRTAP22-2",0,0,0,0,FALSE,FALSE
"KRTAP22-1",0,0,0,0,FALSE,FALSE
"KRTAP20-4",0,0,0,0,FALSE,FALSE
"KRTAP20-2",0,0,0,0,FALSE,FALSE
"KRTAP8-1",0,0,0,0,FALSE,FALSE
"TIAM1",0,0.04,0,-0.41,FALSE,FALSE
"HUNK",0,0,0,0,FALSE,FALSE
"MIS18A",0,0.01,0,-0.08,FALSE,FALSE
"TCP10L",0,0,0,0,FALSE,FALSE
"DNAJC28",0,0,0,0,FALSE,FALSE
"DONSON",0,0,0,0,FALSE,FALSE
"CRYZL1",0,0,0,0,FALSE,FALSE
"ITSN1",0,0.01,0,-0.07,FALSE,FALSE
"ATP5PO",0,0,0,0,FALSE,FALSE
"DOP1B",0,0,0,0,FALSE,FALSE
"CHAF1B",0,0,0,0.05,FALSE,FALSE
"PIGP",0,0.02,0,-0.23,FALSE,FALSE
"KCNJ15",0,0,0,0,FALSE,FALSE
"LCA5L",0,0,0,0,FALSE,FALSE
"B3GALT5",0,0.01,0,-0.07,FALSE,FALSE
"IGSF5",0,0,0,0,FALSE,FALSE
"DSCAM",0,0,0,0,FALSE,FALSE
"FAM3B",0,0,0,0,FALSE,FALSE
"MX2",0,0.03,0,-0.38,FALSE,FALSE
"TMPRSS2",0,0,0,0,FALSE,FALSE
"PRDM15",0,0.02,0,-0.3,FALSE,FALSE
"C2CD2",0,0.03,0,-0.35,FALSE,FALSE
"UMODL1",0,0,0,0,FALSE,FALSE
"TFF3",0,0,0,0,FALSE,FALSE
"TMPRSS3",0,0,0,0,FALSE,FALSE
"RSPH1",0,0.01,0,-0.19,FALSE,FALSE
"SLC37A1",0,0.01,0,-0.07,FALSE,FALSE
"PDE9A",0,0.02,0,-0.21,FALSE,FALSE
"WDR4",0,0.01,0,-0.16,FALSE,FALSE
"HSF2BP",0,0,0,0,FALSE,FALSE
"AIRE",0,0,0,0,FALSE,FALSE
"TRPM2",0,0,0,0,FALSE,FALSE
"LRRC3",0,0,0,0,FALSE,FALSE
"SLC19A1",0,0.01,0,-0.03,FALSE,FALSE
"S100B",0,0.01,0,-0.12,FALSE,FALSE
"ENSG00000274897",0,0,0,0,FALSE,FALSE
"ENSG00000286265",0,0,0,0,FALSE,FALSE
